Accident ID,Date,Time,Location,Latitude,Longitude,Weather Condition,Road Condition,Vehicles Involved,Casualties,Cause
b0dd6f57,4/19/23,6:39,"Mumbai, India",13.488432,-73.290682,Snow,Snowy,5,7,Reckless Driving
6d69aa36,4/9/24,2:55,"Sydney, Australia",33.767869,104.869018,Rain,Snowy,1,7,Reckless Driving
425bb1f0,10/10/23,11:23,"Tokyo, Japan",-0.378031,-165.825855,Storm,Wet,4,0,Drunk Driving
90d5cf62,1/2/23,12:07,"Beijing, China",41.254879,-30.776959,Storm,Snowy,3,9,Reckless Driving
24d3501f,4/2/23,10:57,"Paris, France",-85.766268,-20.271304,Fog,Icy,2,6,Drunk Driving
0f1ed7d1,7/11/23,8:34,"Mumbai, India",-24.046032,-4.414578,Clear,Under Construction,4,8,Reckless Driving
82353f3e,5/26/24,19:06,"Mumbai, India",48.77465,-131.30627,Rain,Icy,4,5,Weather Conditions
3ab2d6f6,10/23/23,19:47,"London, UK",-55.335689,152.606359,Fog,Wet,2,9,Reckless Driving
6.14E+09,7/15/24,2:33,"Toronto, Canada",24.566435,-75.913198,Storm,Snowy,1,7,Mechanical Failure
b0b13d4b,11/9/24,23:31,"Toronto, Canada",-59.047194,57.831011,Clear,Under Construction,1,1,Weather Conditions
8694a279,9/14/23,20:11,"Berlin, Germany",-31.825114,-73.647462,Fog,Wet,3,9,Drunk Driving
1dfd0097,1/1/23,17:12,"Beijing, China",1.406127,-32.244107,Hail,Icy,5,9,Weather Conditions
6c97348c,1/5/23,18:41,"Mumbai, India",1.55188,-169.953341,Snow,Snowy,4,6,Drunk Driving
2db70f77,12/7/24,19:24,"Toronto, Canada",49.206865,-111.184284,Hail,Gravel,3,10,Mechanical Failure
acfb6bcc,12/30/23,17:57,"Tokyo, Japan",-59.799586,134.326268,Snow,Icy,1,1,Speeding
552448f0,7/1/24,19:25,"Tokyo, Japan",-19.00646,-52.779439,Rain,Gravel,5,9,Drunk Driving
78d1fca8,7/8/24,10:54,"London, UK",41.583094,34.483181,Hail,Dry,5,7,Mechanical Failure
711ca10d,3/6/23,10:17,"Beijing, China",14.023021,13.166353,Snow,Gravel,2,1,Distracted Driving
07a19dbc,1/22/23,8:11,"Toronto, Canada",-35.515747,-65.785699,Fog,Snowy,1,4,Reckless Driving
0d628b15,10/20/24,21:32,"Mumbai, India",-45.421121,-142.479166,Clear,Icy,2,5,Speeding
a17755ed,3/26/24,11:37,"Tokyo, Japan",-46.1074,156.13629,Hail,Dry,2,2,Distracted Driving
6f814599,11/15/23,8:52,"Tokyo, Japan",0.564118,-96.03814,Hail,Snowy,1,10,Drunk Driving
03e3a796,6/17/24,3:26,"Paris, France",39.311402,-103.818156,Rain,Dry,2,6,Drunk Driving
d0028b49,12/14/24,15:40,"Mumbai, India",13.419264,-176.27762,Snow,Gravel,3,0,Mechanical Failure
25e09923,4/15/23,15:09,"Beijing, China",-77.18038,38.151535,Hail,Wet,4,3,Distracted Driving
bed2c6c4,9/17/24,0:34,"Beijing, China",78.721562,33.39283,Snow,Gravel,2,7,Reckless Driving
74740d58,12/18/24,8:24,"New York, USA",-59.229291,15.139089,Storm,Under Construction,4,8,Drunk Driving
937a310d,2/11/23,23:44,"Mumbai, India",31.585442,-81.570146,Storm,Wet,4,7,Speeding
34429537,4/13/23,16:57,"Beijing, China",66.791916,169.892992,Storm,Dry,1,9,Mechanical Failure
32333075,5/5/24,17:46,"New York, USA",-66.593538,22.316442,Snow,Wet,1,8,Drunk Driving
5bccf535,1/1/24,14:27,"Toronto, Canada",-40.859514,22.640758,Clear,Icy,1,3,Mechanical Failure
33666c67,11/19/24,4:27,"Berlin, Germany",-62.486431,-47.774334,Fog,Under Construction,5,6,Distracted Driving
eeb04951,10/18/23,12:41,"Paris, France",63.995818,-159.438143,Clear,Dry,3,7,Reckless Driving
1db7ab91,8/31/24,8:30,"Sydney, Australia",-20.350387,160.628329,Snow,Dry,1,0,Speeding
a6096ace,3/23/24,5:47,"New York, USA",-22.396038,-85.316896,Snow,Icy,5,3,Drunk Driving
43138eec,11/18/24,10:09,"Mumbai, India",3.534182,-138.286329,Fog,Icy,3,5,Weather Conditions
f1b6e814,10/26/23,6:06,"Mumbai, India",-21.919688,-124.709878,Fog,Gravel,2,10,Mechanical Failure
84c341c6,10/6/23,17:57,"Tokyo, Japan",61.881671,157.894619,Rain,Gravel,4,2,Weather Conditions
c2651203,6/5/24,2:56,"London, UK",65.491629,107.589105,Rain,Icy,5,10,Distracted Driving
16bac27f,7/30/23,15:40,"New York, USA",-57.258756,-126.27126,Hail,Icy,4,7,Speeding
37c6c4a9,6/4/23,23:45,"Beijing, China",-55.40796,97.298605,Hail,Icy,3,7,Reckless Driving
bf023036,6/15/24,11:50,"Berlin, Germany",15.090995,-74.124001,Rain,Icy,2,4,Reckless Driving
3c7895e3,6/29/23,5:02,"Beijing, China",-76.277212,42.303331,Hail,Dry,5,3,Speeding
e72d1cf5,11/11/24,23:49,"Beijing, China",-2.020858,120.77658,Fog,Dry,4,7,Mechanical Failure
aa4e6464,3/6/24,20:07,"New York, USA",-70.376112,-45.300733,Hail,Wet,2,9,Drunk Driving
8dfdb70f,9/7/24,6:58,"London, UK",2.131448,98.8593,Storm,Icy,4,7,Mechanical Failure
b8370c74,12/31/23,7:05,"London, UK",5.804818,129.324357,Storm,Snowy,5,5,Distracted Driving
6625614f,2/2/24,14:01,"Mumbai, India",34.304319,59.339816,Rain,Snowy,2,10,Reckless Driving
711fc466,8/5/24,4:22,"Tokyo, Japan",-22.553996,138.224377,Fog,Wet,5,6,Weather Conditions
9b2f8106,4/25/23,1:07,"Mumbai, India",44.539495,159.23528,Snow,Snowy,4,6,Distracted Driving
abb826f0,7/3/24,4:19,"Paris, France",-17.507656,140.222556,Rain,Icy,4,1,Weather Conditions
e281c08e,5/18/23,23:16,"Berlin, Germany",-20.243424,-45.103983,Rain,Snowy,4,4,Reckless Driving
a9d0cf19,11/29/24,10:30,"Tokyo, Japan",-43.350751,84.996923,Snow,Snowy,1,7,Reckless Driving
3c3e4300,1/17/23,15:09,"New York, USA",78.681556,31.476773,Clear,Under Construction,3,9,Reckless Driving
1a1180b0,12/26/23,3:54,"New York, USA",64.804801,103.972328,Fog,Gravel,3,8,Mechanical Failure
1293b087,3/3/24,22:04,"Mumbai, India",70.367528,-89.76046,Hail,Icy,2,8,Speeding
6b537dbb,7/2/23,1:05,"Berlin, Germany",19.094991,-111.565121,Hail,Snowy,3,5,Mechanical Failure
7b2ae6a0,10/22/24,5:42,"Paris, France",87.866753,154.298074,Hail,Icy,1,10,Weather Conditions
a0cd4c93,11/5/24,20:59,"Sydney, Australia",-58.030769,-31.404339,Storm,Under Construction,2,4,Mechanical Failure
5b0db5ef,11/18/24,16:34,"Toronto, Canada",0.224393,-159.053839,Fog,Snowy,5,5,Weather Conditions
4b80231c,7/26/23,12:23,"Toronto, Canada",88.36597,-11.441761,Hail,Snowy,2,6,Speeding
b8adaf03,3/23/24,5:55,"New York, USA",8.790048,-172.043763,Clear,Icy,1,7,Mechanical Failure
9f707f7c,7/17/24,13:08,"New York, USA",27.340188,-37.116412,Rain,Snowy,1,9,Distracted Driving
2aa0a683,7/26/24,3:25,"Paris, France",47.697633,27.750282,Storm,Snowy,1,3,Mechanical Failure
8edf9936,12/22/23,4:03,"Paris, France",24.596828,-58.533915,Hail,Wet,4,3,Speeding
c4914863,5/29/24,16:57,"Beijing, China",-50.691802,-50.930463,Hail,Icy,2,0,Mechanical Failure
2d754779,3/12/24,14:47,"Paris, France",35.23523,-87.093572,Storm,Gravel,4,9,Weather Conditions
ab0bf26a,7/5/24,11:32,"Tokyo, Japan",73.274437,147.323992,Rain,Under Construction,5,10,Reckless Driving
efdd392d,3/4/24,11:01,"Toronto, Canada",83.854403,-153.258055,Hail,Wet,4,7,Drunk Driving
7cc158be,7/24/24,20:47,"Tokyo, Japan",-89.775139,-152.005303,Rain,Dry,5,3,Mechanical Failure
5a49bde8,12/21/24,9:31,"London, UK",80.585201,-141.916596,Snow,Wet,2,10,Speeding
e3f78c1d,12/21/24,19:02,"Tokyo, Japan",48.022059,-173.779065,Hail,Snowy,1,8,Weather Conditions
dc113f24,5/16/24,0:37,"New York, USA",65.92936,42.129196,Clear,Wet,2,2,Reckless Driving
80a90a04,10/29/23,1:14,"Berlin, Germany",-63.882884,-149.304063,Snow,Gravel,3,1,Speeding
740f4d46,10/5/23,21:56,"Berlin, Germany",66.953341,-46.007501,Storm,Snowy,1,8,Distracted Driving
370c159a,2/23/23,13:24,"London, UK",34.023057,139.600976,Storm,Gravel,1,3,Drunk Driving
825dfc83,10/27/23,17:02,"Tokyo, Japan",59.328323,41.843209,Snow,Gravel,3,3,Reckless Driving
64cd8517,5/11/24,22:45,"London, UK",53.32785,68.244045,Fog,Icy,1,3,Mechanical Failure
5e31baae,5/16/24,16:23,"Sydney, Australia",-23.343973,-157.285425,Rain,Gravel,2,10,Drunk Driving
7ca5bd8b,2/13/23,18:06,"Mumbai, India",-49.585552,172.472245,Fog,Dry,4,8,Weather Conditions
bc4dcd1a,5/29/23,21:10,"Sydney, Australia",88.958166,6.391456,Storm,Dry,3,9,Distracted Driving
9866b47e,5/11/23,1:11,"Mumbai, India",61.105044,-152.109474,Hail,Wet,5,2,Reckless Driving
5672fd96,4/10/23,23:59,"Toronto, Canada",51.534533,122.768047,Fog,Under Construction,1,5,Weather Conditions
e892414b,4/2/24,8:26,"Mumbai, India",20.038202,110.300425,Fog,Snowy,2,1,Reckless Driving
1230c629,4/20/24,9:42,"New York, USA",5.576597,-133.666338,Snow,Dry,5,8,Weather Conditions
111796cc,9/8/24,13:15,"Paris, France",-38.755434,7.382182,Snow,Snowy,2,4,Mechanical Failure
16bf82ff,3/3/23,8:42,"Tokyo, Japan",42.79053,47.30902,Fog,Dry,1,2,Distracted Driving
6358a009,5/9/24,16:02,"London, UK",68.279232,-15.639471,Rain,Under Construction,4,6,Speeding
28fd492a,12/18/23,3:06,"Sydney, Australia",19.622841,87.516278,Clear,Gravel,5,7,Distracted Driving
3fe71565,11/15/24,2:33,"New York, USA",33.41476,102.461224,Rain,Snowy,4,2,Distracted Driving
db3e72fc,8/11/23,6:22,"London, UK",-70.19704,1.942599,Hail,Under Construction,1,2,Drunk Driving
e950cfed,6/1/24,12:42,"Tokyo, Japan",-87.539052,124.622092,Fog,Under Construction,3,0,Reckless Driving
0212c806,12/19/24,23:59,"Toronto, Canada",71.435978,-41.106259,Clear,Gravel,5,8,Weather Conditions
d55754c3,3/2/24,22:55,"Mumbai, India",36.678175,-13.852731,Clear,Icy,4,4,Mechanical Failure
3ecf8102,7/26/24,23:05,"New York, USA",7.767595,-73.557168,Rain,Gravel,4,8,Drunk Driving
98d1e2b0,10/31/23,21:30,"Tokyo, Japan",89.393762,-55.597151,Clear,Snowy,5,6,Weather Conditions
29c7be17,2/14/24,18:01,"Berlin, Germany",80.72364,-76.086311,Rain,Under Construction,2,3,Reckless Driving
73802912,3/4/24,9:25,"Paris, France",-38.89548,-53.126606,Fog,Dry,4,9,Drunk Driving
089c6f6f,6/30/23,21:31,"Sydney, Australia",-59.648389,66.962293,Clear,Wet,5,10,Weather Conditions
101e3a42,3/9/23,10:06,"London, UK",57.43992,-98.712111,Rain,Gravel,1,8,Mechanical Failure
a1a99d87,3/31/23,2:15,"Toronto, Canada",70.795418,-75.391622,Snow,Wet,5,0,Drunk Driving
f99faabe,5/3/23,11:03,"London, UK",-43.499877,5.606172,Storm,Under Construction,3,7,Weather Conditions
4d245678,2/12/23,15:27,"Sydney, Australia",6.620879,151.94343,Hail,Wet,1,6,Mechanical Failure
af075e12,11/9/23,2:43,"Paris, France",43.86887,16.213381,Storm,Snowy,2,10,Mechanical Failure
993bb83f,1/4/23,17:36,"Berlin, Germany",81.548044,-126.337754,Hail,Icy,2,8,Speeding
401347ff,10/2/23,1:11,"Beijing, China",-81.557032,-120.118633,Snow,Icy,1,3,Mechanical Failure
0400b61a,6/2/24,8:47,"Toronto, Canada",89.800022,84.746185,Storm,Gravel,1,7,Mechanical Failure
82ea3d4b,12/13/23,1:26,"Beijing, China",-70.260321,-114.069526,Storm,Gravel,1,1,Drunk Driving
71b7ccc5,3/17/23,16:15,"New York, USA",-85.442543,-103.122266,Hail,Under Construction,5,10,Speeding
2bd24a9b,5/25/24,15:56,"New York, USA",53.413394,-174.679275,Storm,Dry,2,9,Speeding
c21ff117,6/8/23,10:22,"Mumbai, India",-63.822386,-158.602115,Fog,Wet,4,9,Drunk Driving
ea805df3,9/13/24,11:25,"Toronto, Canada",12.205643,82.347043,Snow,Wet,4,6,Speeding
ccff438f,7/24/24,1:26,"Paris, France",19.779925,-94.543592,Fog,Wet,1,4,Weather Conditions
169c01e9,3/18/24,5:33,"Tokyo, Japan",51.63156,-121.616667,Storm,Snowy,4,0,Drunk Driving
fe219f6d,12/5/23,3:34,"Sydney, Australia",-50.852214,5.023068,Rain,Snowy,4,1,Reckless Driving
7d30ff27,2/7/23,6:17,"Toronto, Canada",31.758845,-58.705443,Rain,Wet,3,7,Drunk Driving
0519c96d,5/25/23,0:36,"Berlin, Germany",-80.730538,-12.067712,Snow,Under Construction,1,6,Distracted Driving
bf37bcfd,2/23/23,9:57,"Paris, France",-16.545287,176.907926,Clear,Icy,3,0,Drunk Driving
46b83a65,4/2/23,7:03,"Paris, France",-48.072513,-3.942919,Rain,Icy,5,2,Distracted Driving
039897c4,6/20/23,12:14,"Sydney, Australia",-23.27527,-37.072307,Fog,Gravel,3,7,Distracted Driving
75cb27bb,5/12/24,17:29,"Tokyo, Japan",-72.722933,72.205735,Snow,Dry,5,0,Weather Conditions
31af7762,4/15/24,14:37,"New York, USA",-13.023397,167.370163,Hail,Under Construction,5,7,Speeding
c8ed5499,4/7/24,11:52,"London, UK",36.667403,149.890448,Rain,Gravel,4,6,Drunk Driving
84cce960,3/16/24,14:45,"Tokyo, Japan",30.235793,-158.723491,Rain,Gravel,1,4,Mechanical Failure
eac84238,11/30/24,5:25,"London, UK",31.923583,28.377009,Fog,Snowy,3,3,Mechanical Failure
ce2bcb13,9/22/24,15:43,"Mumbai, India",-86.470763,152.550244,Storm,Dry,1,9,Distracted Driving
a57e80e2,1/23/24,15:13,"Beijing, China",-25.548982,-165.855214,Rain,Snowy,3,5,Weather Conditions
f702d046,2/5/24,14:25,"Sydney, Australia",60.994243,-52.163771,Fog,Under Construction,4,10,Distracted Driving
ac6fa383,3/17/24,12:21,"Beijing, China",73.439688,89.317446,Clear,Under Construction,4,4,Speeding
1bf13687,10/29/24,7:29,"New York, USA",-64.944034,-114.444453,Storm,Gravel,3,3,Reckless Driving
b1b87728,4/16/24,16:51,"Mumbai, India",-65.246474,-77.538752,Snow,Under Construction,1,0,Reckless Driving
ec12d39f,1/21/24,20:01,"Beijing, China",83.786801,4.06288,Storm,Wet,2,4,Drunk Driving
59debdf9,3/1/24,19:41,"Tokyo, Japan",-73.444805,-45.929811,Hail,Dry,3,1,Distracted Driving
f4bc382a,12/12/23,6:09,"Berlin, Germany",53.058686,138.030407,Storm,Dry,3,2,Reckless Driving
119c2f2c,1/14/23,12:43,"Mumbai, India",-53.308374,106.779455,Rain,Icy,1,9,Mechanical Failure
7b57aff9,9/14/24,7:54,"Paris, France",-42.471079,-3.845032,Rain,Under Construction,1,1,Drunk Driving
464f4620,10/2/23,9:41,"Mumbai, India",31.15509,-28.635153,Fog,Dry,3,2,Speeding
cee21d87,1/25/23,5:35,"Mumbai, India",-13.20316,95.991458,Snow,Gravel,4,8,Drunk Driving
7ff9b12e,6/19/24,15:22,"Mumbai, India",58.529319,-107.462924,Clear,Under Construction,1,1,Speeding
2c9e1d03,12/21/23,12:16,"Paris, France",37.342756,-60.6151,Hail,Under Construction,2,0,Drunk Driving
b553db5c,7/22/23,16:39,"Tokyo, Japan",80.896983,112.584976,Clear,Icy,3,10,Reckless Driving
28c9195b,10/24/24,18:44,"Sydney, Australia",-77.74994,9.119148,Hail,Snowy,1,1,Reckless Driving
a76f66b9,10/6/24,19:43,"Sydney, Australia",55.959387,102.3067,Hail,Icy,3,1,Weather Conditions
df155b4f,12/3/23,14:16,"London, UK",86.902721,136.860454,Fog,Wet,2,9,Mechanical Failure
d39da039,4/15/24,20:21,"Paris, France",-5.763022,168.742441,Snow,Dry,3,9,Speeding
d0ec6e43,9/7/23,17:50,"London, UK",34.376546,152.223027,Hail,Gravel,4,0,Drunk Driving
7a5c4131,2/4/23,21:44,"Mumbai, India",-46.484305,90.231688,Clear,Icy,5,3,Mechanical Failure
8c5cd407,6/5/24,10:44,"Sydney, Australia",-42.617088,-176.933944,Storm,Wet,3,5,Mechanical Failure
cd03105e,6/19/23,8:38,"Toronto, Canada",-55.253482,-20.549268,Storm,Under Construction,5,3,Drunk Driving
a2a91045,9/1/23,11:24,"Berlin, Germany",22.281166,-46.12144,Storm,Wet,3,5,Weather Conditions
291fcc3a,1/8/23,13:23,"Mumbai, India",25.884671,-2.42359,Clear,Dry,2,1,Reckless Driving
89e541d1,8/3/23,23:44,"Toronto, Canada",76.449464,-83.231948,Hail,Dry,1,1,Drunk Driving
bea57697,12/26/24,12:45,"Berlin, Germany",-66.533029,-6.128857,Clear,Snowy,4,10,Drunk Driving
30597601,8/10/24,18:11,"Toronto, Canada",25.660334,112.55992,Storm,Gravel,1,0,Speeding
27a971ed,2/2/23,5:04,"Tokyo, Japan",85.64277,49.378699,Storm,Snowy,5,8,Weather Conditions
88e2293b,12/9/24,23:12,"Toronto, Canada",-39.191186,-114.729832,Hail,Wet,3,0,Speeding
80f83c3a,2/4/24,15:28,"Berlin, Germany",11.628031,97.159763,Hail,Icy,1,8,Speeding
39638ab7,2/2/24,6:11,"London, UK",-80.025521,-128.678675,Hail,Wet,4,8,Weather Conditions
934ea00a,8/18/23,13:22,"Mumbai, India",81.155044,-19.302741,Clear,Wet,2,7,Drunk Driving
9f48378c,5/16/24,1:28,"Berlin, Germany",-77.99907,104.591541,Storm,Wet,1,3,Mechanical Failure
0b26ea8b,10/16/24,12:15,"Sydney, Australia",-64.132399,-166.807914,Hail,Under Construction,4,6,Mechanical Failure
2cd1fead,4/10/24,23:37,"London, UK",-68.516658,101.364236,Rain,Under Construction,5,5,Speeding
166135bf,9/6/24,9:56,"Sydney, Australia",-82.380707,-155.13997,Fog,Icy,1,5,Mechanical Failure
80c7c52d,12/2/23,8:37,"Beijing, China",47.135917,76.335789,Rain,Gravel,5,10,Drunk Driving
aff36b25,4/22/24,12:03,"London, UK",17.081984,-52.928418,Snow,Wet,5,7,Speeding
2e08c3bb,1/5/23,11:20,"Tokyo, Japan",-43.450996,14.722666,Clear,Wet,2,9,Mechanical Failure
7b73d315,1/26/23,10:10,"New York, USA",-19.246588,-165.365953,Fog,Gravel,4,1,Reckless Driving
c7fd4d01,9/2/23,10:23,"Sydney, Australia",-44.668523,28.948458,Rain,Under Construction,2,2,Weather Conditions
50722706,10/7/23,20:11,"Berlin, Germany",-9.458885,4.486301,Storm,Under Construction,1,3,Speeding
d79c64ae,6/21/24,20:53,"New York, USA",77.65359,120.743353,Hail,Under Construction,3,8,Distracted Driving
9fdeb7a8,5/30/24,1:52,"Sydney, Australia",-50.816101,101.218695,Snow,Under Construction,4,2,Mechanical Failure
423cddd1,12/30/24,18:13,"Sydney, Australia",-50.723226,-131.344949,Fog,Snowy,2,8,Reckless Driving
1511d1d0,1/25/23,10:01,"Paris, France",13.487416,-31.094917,Snow,Under Construction,2,2,Speeding
d3751ca4,5/6/23,7:51,"Sydney, Australia",-34.298934,-121.070635,Rain,Wet,3,4,Speeding
9745978a,4/13/23,17:31,"Paris, France",75.62567,-23.33119,Fog,Wet,1,3,Distracted Driving
6e986d41,3/27/24,19:10,"Berlin, Germany",75.675301,72.086922,Storm,Under Construction,5,5,Reckless Driving
864c5f71,6/29/23,1:14,"Paris, France",-71.244207,59.33442,Fog,Dry,1,4,Speeding
47523526,9/28/23,22:52,"Sydney, Australia",-32.311048,18.780282,Fog,Wet,4,7,Speeding
9a97f6b6,9/1/23,6:18,"Paris, France",-81.523717,122.373375,Storm,Wet,5,4,Distracted Driving
f565be4d,9/8/23,22:01,"Mumbai, India",-89.580214,-21.356622,Snow,Icy,5,0,Mechanical Failure
0dcba104,6/28/23,10:40,"Paris, France",55.384924,-98.263088,Storm,Snowy,5,9,Distracted Driving
923a0cce,5/4/23,21:48,"Mumbai, India",0.262952,-72.734407,Fog,Under Construction,2,4,Reckless Driving
fd10c55d,2/15/24,11:57,"Tokyo, Japan",-11.358261,143.541624,Fog,Gravel,4,2,Weather Conditions
309c1683,6/23/23,12:16,"London, UK",-66.440758,179.507776,Storm,Under Construction,3,3,Speeding
be604d21,5/8/24,16:08,"Toronto, Canada",24.88936,-158.436604,Hail,Wet,4,6,Drunk Driving
eedaee2f,9/27/23,11:59,"Mumbai, India",48.869959,51.035593,Hail,Gravel,1,6,Speeding
321f2849,1/30/24,20:15,"Paris, France",20.535769,-10.746712,Storm,Dry,3,8,Reckless Driving
af8d7c02,2/16/23,14:16,"Beijing, China",78.069213,177.097763,Clear,Under Construction,2,2,Mechanical Failure
0d915a55,2/22/24,3:29,"Toronto, Canada",2.852496,-38.628528,Snow,Icy,3,0,Weather Conditions
6d204d29,6/14/23,14:15,"Sydney, Australia",8.305243,-105.45683,Storm,Snowy,1,4,Mechanical Failure
5.03E+252,4/16/24,12:04,"Sydney, Australia",61.500968,-161.161516,Snow,Icy,4,5,Drunk Driving
1b90ecc8,11/9/23,17:38,"Beijing, China",31.429314,-87.256604,Clear,Gravel,1,5,Speeding
006b229d,8/19/23,16:30,"Paris, France",4.758211,105.85129,Clear,Dry,3,8,Distracted Driving
8c37d070,8/29/24,12:51,"Berlin, Germany",-35.437936,62.882285,Rain,Snowy,3,1,Distracted Driving
cd9d321f,4/19/23,11:54,"Tokyo, Japan",-13.169407,65.09676,Hail,Gravel,2,1,Drunk Driving
e9a000a4,4/3/24,6:33,"New York, USA",24.00551,-162.920622,Storm,Gravel,5,4,Drunk Driving
a444b82f,10/25/24,10:01,"Sydney, Australia",37.890441,8.762644,Clear,Dry,1,4,Mechanical Failure
0731eb13,8/11/24,5:56,"Tokyo, Japan",35.1199,72.693664,Hail,Wet,3,6,Weather Conditions
9cc59405,4/21/24,18:21,"New York, USA",-45.37757,-151.912158,Hail,Dry,4,5,Distracted Driving
0688d839,2/27/23,5:27,"London, UK",67.50105,94.926875,Storm,Snowy,5,10,Weather Conditions
a1203994,10/1/23,18:52,"Sydney, Australia",55.688124,-33.4867,Hail,Under Construction,3,8,Drunk Driving
fc3e8eb2,8/30/24,17:09,"New York, USA",66.77231,-12.020427,Snow,Wet,3,4,Distracted Driving
da70549e,5/5/23,5:15,"Toronto, Canada",-68.399323,19.981716,Storm,Gravel,5,9,Speeding
54f9ac61,12/19/23,6:38,"Tokyo, Japan",10.618161,-11.63618,Hail,Wet,3,6,Weather Conditions
506e3067,4/10/24,9:41,"Sydney, Australia",19.249923,98.911958,Snow,Dry,1,0,Weather Conditions
4b3a2004,8/25/23,3:23,"Mumbai, India",-76.306655,37.541163,Rain,Dry,3,3,Weather Conditions
d7c9bd50,1/10/24,4:28,"Paris, France",4.67085,160.038046,Snow,Icy,3,5,Speeding
fd561717,3/4/23,16:04,"Paris, France",-74.516409,-124.474597,Storm,Gravel,1,8,Distracted Driving
b93e54c7,4/24/23,13:02,"London, UK",87.370053,-157.755527,Clear,Dry,2,7,Distracted Driving
255efb1a,1/15/24,18:15,"London, UK",1.56102,-48.344498,Snow,Gravel,2,8,Reckless Driving
49127f2e,4/4/24,11:29,"Paris, France",55.743492,-39.357987,Rain,Icy,3,8,Drunk Driving
059aaa13,9/20/24,20:42,"Tokyo, Japan",11.108757,18.931553,Snow,Gravel,3,4,Mechanical Failure
d5ae5e01,8/22/23,15:22,"Berlin, Germany",46.630176,-131.103049,Fog,Icy,4,10,Reckless Driving
ddb76b46,10/17/23,22:06,"Tokyo, Japan",-58.470144,-177.687988,Rain,Wet,4,6,Speeding
b9ccc699,7/14/23,12:26,"Paris, France",20.047501,53.961297,Rain,Snowy,2,4,Reckless Driving
0078615f,11/8/24,1:11,"Toronto, Canada",57.428378,48.521889,Snow,Icy,4,6,Distracted Driving
44ef1076,4/15/23,20:04,"London, UK",15.253669,32.427841,Fog,Gravel,1,2,Drunk Driving
607fc1b1,10/5/24,11:58,"Beijing, China",43.375822,23.586973,Fog,Wet,1,9,Reckless Driving
ac4c7e62,2/16/23,15:44,"Mumbai, India",-20.06506,-51.99451,Clear,Gravel,2,2,Distracted Driving
3c748c0f,6/14/23,21:16,"Sydney, Australia",-25.618757,159.253553,Rain,Under Construction,1,10,Distracted Driving
c046f9d4,3/11/24,20:45,"Toronto, Canada",-82.663154,-12.801319,Hail,Dry,4,0,Reckless Driving
80a40d89,7/13/23,23:46,"Tokyo, Japan",-88.893105,40.973955,Hail,Under Construction,4,7,Weather Conditions
8287e9d8,6/4/23,6:33,"Berlin, Germany",-36.289014,-131.04878,Hail,Snowy,5,10,Distracted Driving
0a65a267,4/7/23,13:41,"Beijing, China",63.679129,82.137013,Fog,Wet,5,9,Weather Conditions
2d21a55c,12/7/24,9:46,"Paris, France",28.128941,-48.61723,Storm,Snowy,1,9,Reckless Driving
fbb6bf69,7/12/24,20:22,"Berlin, Germany",45.11049,55.096258,Snow,Gravel,3,10,Weather Conditions
0a9c5de6,12/26/24,3:27,"New York, USA",47.974465,111.760792,Storm,Wet,1,7,Drunk Driving
9f76a2d3,10/31/23,22:53,"Toronto, Canada",16.123109,173.370332,Clear,Icy,3,7,Speeding
9791a808,5/22/23,4:01,"Toronto, Canada",37.242224,66.922061,Clear,Dry,1,7,Distracted Driving
e9c40d53,2/23/23,8:39,"Beijing, China",42.047899,-83.259445,Storm,Gravel,5,9,Drunk Driving
853e0597,7/6/23,21:37,"Mumbai, India",-80.66585,40.382072,Rain,Under Construction,3,2,Speeding
4b5fcae4,2/18/24,23:49,"Toronto, Canada",-65.61862,-85.698898,Snow,Gravel,3,7,Weather Conditions
89c1c82f,6/24/24,1:04,"Berlin, Germany",-16.530477,109.883883,Storm,Gravel,1,2,Distracted Driving
4b15b849,10/21/24,10:44,"Toronto, Canada",-44.597504,-165.556371,Hail,Under Construction,1,9,Drunk Driving
1b970474,8/13/23,20:15,"Berlin, Germany",64.02854,78.20198,Storm,Wet,2,3,Drunk Driving
891b462b,2/15/24,4:41,"Mumbai, India",-6.391027,-75.007438,Snow,Wet,4,5,Drunk Driving
1e19c6e6,6/9/23,6:26,"Tokyo, Japan",75.033132,-147.804107,Hail,Wet,4,9,Reckless Driving
cf234ba6,11/29/24,6:51,"Mumbai, India",-16.977889,128.773135,Hail,Snowy,2,4,Weather Conditions
f996aaca,12/26/24,19:19,"Toronto, Canada",4.123323,-100.465346,Rain,Dry,3,6,Speeding
c600a265,4/14/23,10:40,"Sydney, Australia",-52.468134,-134.576873,Fog,Gravel,3,4,Speeding
291a3b8a,2/9/24,19:18,"Sydney, Australia",8.527853,-69.487479,Clear,Gravel,4,2,Speeding
8efd6d74,5/30/24,16:35,"Sydney, Australia",73.79454,150.386337,Clear,Icy,1,8,Reckless Driving
4d8ea593,11/13/23,1:36,"Mumbai, India",-25.029249,9.471806,Clear,Under Construction,2,8,Mechanical Failure
297e9bab,7/12/24,18:37,"London, UK",-23.263976,88.958398,Clear,Snowy,4,7,Distracted Driving
6d62e687,6/4/24,4:18,"Sydney, Australia",-5.702201,135.159737,Fog,Wet,1,9,Distracted Driving
e46fe059,12/2/23,22:44,"Toronto, Canada",-74.24895,-81.261489,Snow,Snowy,1,4,Speeding
5f883763,5/19/24,3:29,"London, UK",-18.653349,58.333477,Snow,Icy,1,9,Mechanical Failure
90448a4d,1/20/23,20:39,"New York, USA",64.008728,149.071433,Storm,Icy,5,3,Speeding
bc7766f9,6/15/23,9:28,"Tokyo, Japan",19.322997,178.985341,Hail,Gravel,2,2,Reckless Driving
82019367,9/4/23,20:36,"Tokyo, Japan",53.943492,-161.888484,Hail,Dry,4,9,Speeding
c856855c,6/4/23,22:47,"New York, USA",73.283944,-98.993424,Snow,Snowy,5,9,Drunk Driving
c2dad2f8,9/4/24,9:34,"Beijing, China",29.402908,86.670469,Fog,Snowy,1,3,Distracted Driving
0d423074,6/6/23,1:15,"Toronto, Canada",78.047504,41.143028,Hail,Wet,4,0,Reckless Driving
60ed673b,3/27/23,10:12,"Tokyo, Japan",23.888001,149.870006,Clear,Wet,4,10,Distracted Driving
886254d5,5/11/24,19:26,"Paris, France",6.523624,51.556388,Storm,Snowy,4,8,Weather Conditions
a4177c88,11/14/24,0:32,"Toronto, Canada",6.950542,58.573375,Snow,Wet,4,5,Mechanical Failure
c141cc4a,1/20/23,14:02,"Paris, France",-3.023137,159.229875,Hail,Dry,3,4,Weather Conditions
601f862b,11/24/24,13:11,"Mumbai, India",79.471495,-66.070131,Clear,Gravel,1,4,Mechanical Failure
694bc9b4,7/16/23,13:53,"Sydney, Australia",-21.840036,-117.306216,Fog,Snowy,1,9,Reckless Driving
2a453ff0,9/17/24,8:35,"Sydney, Australia",42.494395,66.727765,Storm,Snowy,5,10,Reckless Driving
8686b488,12/29/24,11:46,"Beijing, China",32.047309,48.812136,Rain,Under Construction,5,1,Speeding
486e6a1b,3/25/23,13:30,"London, UK",36.355984,-57.608188,Rain,Dry,2,10,Mechanical Failure
5f8b9cb4,11/1/24,18:59,"Sydney, Australia",-21.195316,-21.710175,Storm,Gravel,5,4,Weather Conditions
130cfe99,3/3/24,6:07,"Paris, France",14.993442,-35.781337,Clear,Icy,1,5,Reckless Driving
c2dd7524,2/29/24,19:23,"Beijing, China",-46.999467,48.782716,Fog,Wet,3,10,Distracted Driving
8a82ab7a,10/3/24,13:58,"Toronto, Canada",74.601963,48.055444,Hail,Wet,1,4,Mechanical Failure
1132d1c3,4/16/24,15:05,"Paris, France",-7.585072,144.789497,Fog,Dry,5,5,Distracted Driving
ace79356,4/27/23,20:27,"Beijing, China",46.177496,44.542248,Fog,Under Construction,3,0,Speeding
0b1b9f71,5/23/24,21:48,"Berlin, Germany",55.954896,-146.854197,Hail,Icy,5,0,Mechanical Failure
263e6772,7/30/23,15:34,"Tokyo, Japan",-64.64109,-82.875843,Snow,Dry,2,4,Weather Conditions
c08ed5a9,6/26/23,23:58,"Mumbai, India",-37.150732,-38.17884,Clear,Wet,4,2,Distracted Driving
940c8eef,11/14/23,12:10,"Berlin, Germany",24.571789,132.225152,Fog,Wet,2,0,Reckless Driving
3ad74cb1,10/18/24,0:22,"Sydney, Australia",89.959825,-50.492242,Snow,Snowy,5,3,Weather Conditions
325f18b6,9/2/23,20:08,"Toronto, Canada",17.277006,-82.13773,Storm,Snowy,5,10,Weather Conditions
5bbc776f,7/1/23,11:40,"New York, USA",-13.54911,143.950014,Fog,Snowy,4,6,Mechanical Failure
3614e60e,2/11/23,12:21,"Tokyo, Japan",-64.403341,56.909057,Rain,Icy,3,8,Reckless Driving
944e6e66,10/30/23,16:23,"Berlin, Germany",-44.41658,66.666211,Rain,Wet,5,0,Mechanical Failure
9e820f24,2/12/23,19:02,"Berlin, Germany",24.915093,-64.168948,Hail,Gravel,5,4,Reckless Driving
5328f2cf,4/2/23,14:36,"London, UK",37.537787,135.144246,Hail,Snowy,2,1,Weather Conditions
8befee1d,7/20/24,9:21,"Paris, France",-81.102766,107.063316,Storm,Snowy,1,3,Mechanical Failure
fc9d3ab4,9/8/23,1:26,"Paris, France",-28.049983,170.819204,Fog,Wet,4,5,Distracted Driving
39572d76,10/6/23,10:24,"Mumbai, India",-31.091931,-136.002049,Clear,Snowy,2,8,Speeding
325e7fa0,2/22/24,19:26,"Mumbai, India",82.471334,-97.47885,Clear,Under Construction,2,9,Reckless Driving
4e8e886d,9/19/23,18:56,"Berlin, Germany",55.581184,153.973473,Rain,Icy,2,5,Mechanical Failure
d1692075,5/18/24,2:54,"Paris, France",35.380168,161.168221,Rain,Gravel,3,5,Weather Conditions
6f53efcd,2/25/24,3:37,"New York, USA",-55.520991,-109.504919,Rain,Gravel,1,0,Reckless Driving
1ca5ae7a,5/3/24,4:24,"London, UK",-55.062216,-9.048663,Fog,Wet,3,6,Speeding
8c7dbc37,9/4/24,6:34,"Beijing, China",-78.763431,14.500507,Snow,Snowy,5,3,Drunk Driving
a991b010,6/27/23,13:49,"Berlin, Germany",-66.900615,-70.734138,Clear,Under Construction,2,4,Mechanical Failure
3307c0e3,1/23/23,0:57,"New York, USA",-21.396701,-100.382987,Storm,Gravel,2,4,Mechanical Failure
de97e8af,3/2/24,11:37,"London, UK",-28.953675,59.114013,Fog,Under Construction,1,4,Speeding
6ceaf180,4/3/24,8:42,"New York, USA",67.424371,70.856296,Storm,Dry,4,0,Reckless Driving
e1d8e11e,11/28/24,3:23,"Tokyo, Japan",35.971454,121.87995,Hail,Wet,3,7,Reckless Driving
c6e6fbfb,1/4/23,17:27,"Tokyo, Japan",-77.920614,-159.594936,Fog,Under Construction,3,7,Drunk Driving
e184dd62,1/16/23,8:24,"London, UK",40.181581,60.922488,Fog,Gravel,3,8,Distracted Driving
8e532c89,9/17/24,9:47,"London, UK",12.142011,43.081707,Hail,Dry,4,8,Speeding
f67270b1,7/25/24,19:23,"Beijing, China",4.117581,-134.158886,Snow,Gravel,3,6,Drunk Driving
269dc9a3,5/1/24,5:11,"Mumbai, India",-2.222132,73.96151,Snow,Wet,4,5,Reckless Driving
7fa96522,8/9/24,21:26,"Tokyo, Japan",6.487904,163.288374,Fog,Icy,3,0,Speeding
3a695aa7,11/13/24,5:40,"Tokyo, Japan",67.333553,-21.038059,Hail,Gravel,2,9,Mechanical Failure
56fe0bc0,7/27/23,19:33,"Toronto, Canada",-73.541586,26.076344,Snow,Under Construction,3,2,Mechanical Failure
b57a42b7,4/24/24,19:37,"Toronto, Canada",-88.759668,-87.816527,Snow,Icy,5,10,Mechanical Failure
7f24aa59,8/8/23,18:16,"London, UK",-32.206537,72.948734,Rain,Dry,1,9,Weather Conditions
2d3e0437,4/7/24,5:41,"Beijing, China",69.483581,-78.316768,Fog,Wet,3,1,Reckless Driving
709cbdc9,4/6/24,7:08,"Paris, France",76.439938,28.539096,Rain,Snowy,2,9,Weather Conditions
f02e3291,12/6/24,6:31,"New York, USA",5.901491,-117.418271,Hail,Under Construction,2,6,Drunk Driving
a67c83fb,12/21/23,13:38,"Sydney, Australia",-75.382246,163.942685,Clear,Wet,3,0,Mechanical Failure
535a8243,9/23/23,7:37,"Tokyo, Japan",-68.567395,-39.789196,Hail,Icy,5,2,Reckless Driving
f77cda0b,5/30/23,10:21,"Toronto, Canada",1.985849,-31.625441,Snow,Icy,5,8,Distracted Driving
7efa0a81,11/24/23,5:58,"Berlin, Germany",-48.299637,48.796247,Clear,Under Construction,3,0,Reckless Driving
d5c64122,5/18/23,2:31,"Berlin, Germany",17.914904,112.472965,Hail,Under Construction,4,8,Speeding
943dad30,9/23/24,22:14,"London, UK",54.401263,-154.634283,Storm,Dry,4,5,Mechanical Failure
0b01fdb1,2/10/24,9:38,"London, UK",-52.141152,-89.32239,Rain,Icy,3,8,Drunk Driving
50f250af,1/1/23,10:03,"Toronto, Canada",82.025333,107.418287,Clear,Snowy,1,5,Drunk Driving
717774d7,12/24/23,0:45,"Toronto, Canada",12.201457,80.108783,Snow,Dry,1,5,Drunk Driving
5f5e4770,2/7/24,5:47,"London, UK",-71.110618,-157.412397,Fog,Under Construction,4,10,Distracted Driving
1995a038,3/14/23,15:46,"Tokyo, Japan",32.237302,158.024292,Rain,Snowy,5,7,Distracted Driving
2dedeacc,2/12/23,11:57,"Toronto, Canada",-28.057051,-145.067597,Rain,Gravel,3,9,Reckless Driving
79bb94d4,7/5/23,10:59,"Toronto, Canada",14.561883,-170.118519,Storm,Icy,1,9,Drunk Driving
118aae8e,5/16/23,4:09,"London, UK",-42.195526,134.287978,Storm,Snowy,2,5,Drunk Driving
34baa66b,12/17/23,3:32,"Berlin, Germany",-46.690411,69.650937,Fog,Wet,2,6,Mechanical Failure
31e781b8,7/23/24,21:22,"Toronto, Canada",-89.051976,-76.65193,Clear,Dry,1,0,Distracted Driving
a7df2edf,4/27/24,20:46,"Beijing, China",73.518164,52.982938,Snow,Wet,3,4,Reckless Driving
93291ba5,6/10/24,11:54,"Toronto, Canada",0.151689,36.361152,Hail,Snowy,5,8,Reckless Driving
0ab46828,10/16/23,20:38,"Paris, France",18.45454,-128.153169,Fog,Icy,5,4,Distracted Driving
220b8441,4/29/23,4:52,"Toronto, Canada",74.980992,-5.706949,Clear,Icy,1,5,Drunk Driving
2896fe09,9/13/24,3:24,"Paris, France",24.251509,112.231071,Clear,Snowy,4,6,Reckless Driving
5386bb1e,8/24/24,2:59,"London, UK",44.011818,-173.449969,Hail,Gravel,1,8,Reckless Driving
d80f7049,6/30/24,0:17,"New York, USA",-80.939229,-148.532846,Hail,Wet,1,2,Mechanical Failure
f9d8978b,5/30/23,4:53,"New York, USA",88.625174,6.843699,Fog,Wet,2,6,Reckless Driving
437745ec,4/19/24,19:42,"Mumbai, India",-40.228972,122.597138,Rain,Under Construction,3,2,Reckless Driving
581dd905,4/4/24,22:50,"Toronto, Canada",-13.691145,-34.857172,Clear,Dry,5,5,Speeding
7c673c9a,3/24/24,7:59,"Mumbai, India",-29.986315,92.216527,Clear,Wet,2,0,Drunk Driving
ba936177,2/15/24,20:46,"Toronto, Canada",-72.287163,-13.227634,Hail,Under Construction,3,9,Mechanical Failure
93bb27e5,8/19/23,2:26,"Tokyo, Japan",81.618037,119.761393,Storm,Gravel,1,10,Reckless Driving
67034716,11/25/24,15:01,"New York, USA",-87.383414,-144.345301,Fog,Dry,2,0,Weather Conditions
c1682111,9/11/23,20:20,"New York, USA",-16.476301,-4.885671,Rain,Dry,4,4,Distracted Driving
734fb6cf,2/22/23,22:39,"New York, USA",-29.851055,151.123551,Hail,Wet,4,1,Distracted Driving
8f50e598,9/9/24,1:12,"Paris, France",32.957819,-31.185197,Clear,Snowy,1,2,Mechanical Failure
cfb47b2a,8/3/23,8:32,"New York, USA",-79.25603,144.713667,Hail,Under Construction,4,2,Weather Conditions
684ca09b,4/22/23,14:21,"London, UK",-52.441388,158.469709,Fog,Icy,2,7,Weather Conditions
99050eec,12/23/23,11:17,"Mumbai, India",64.832146,176.129452,Rain,Gravel,3,6,Drunk Driving
8795a367,11/20/24,5:02,"Mumbai, India",-42.538855,173.93152,Storm,Wet,1,0,Mechanical Failure
4a6152e2,5/20/24,18:55,"Berlin, Germany",-27.695494,-102.040796,Clear,Dry,5,8,Speeding
9f5986a7,4/8/24,19:35,"Sydney, Australia",19.767234,46.047659,Storm,Icy,1,0,Distracted Driving
0f032549,6/14/24,19:12,"New York, USA",-27.998303,-85.12685,Hail,Under Construction,1,1,Weather Conditions
adbc243a,3/31/24,18:43,"Sydney, Australia",50.879056,141.875765,Clear,Dry,3,5,Weather Conditions
809fcc21,10/31/23,6:55,"Tokyo, Japan",58.767797,-118.472001,Snow,Under Construction,3,0,Mechanical Failure
2f7ed8e6,1/6/24,1:06,"Tokyo, Japan",41.971891,90.952666,Clear,Under Construction,4,3,Reckless Driving
26f81f48,5/27/24,3:27,"Toronto, Canada",40.757905,108.654333,Snow,Icy,4,0,Reckless Driving
1227f977,10/20/24,21:53,"Toronto, Canada",-86.53906,156.783964,Clear,Under Construction,2,9,Drunk Driving
882c93ed,8/8/24,21:51,"Tokyo, Japan",32.931817,-53.396895,Rain,Dry,3,7,Reckless Driving
1b36fcd2,12/25/24,23:14,"Toronto, Canada",-72.697917,-41.910638,Snow,Snowy,1,5,Mechanical Failure
50191012,5/30/23,1:02,"Beijing, China",-3.46829,153.699992,Clear,Under Construction,2,3,Weather Conditions
2bf65684,6/16/24,13:10,"Toronto, Canada",-24.566751,118.89038,Clear,Under Construction,2,5,Speeding
7e41af1d,6/15/24,10:39,"Tokyo, Japan",-62.432418,-105.876001,Clear,Dry,5,2,Mechanical Failure
e42e3a94,1/23/23,19:33,"Mumbai, India",83.209053,3.990898,Hail,Wet,1,2,Speeding
15c1c90b,1/28/23,1:39,"New York, USA",-84.964033,84.615631,Storm,Gravel,3,7,Distracted Driving
40e4870a,9/3/23,17:52,"Paris, France",23.874149,-129.260088,Rain,Icy,2,1,Weather Conditions
567d489b,3/4/24,8:35,"Toronto, Canada",-41.355655,-85.789131,Fog,Wet,5,4,Reckless Driving
a83e2bf1,10/28/23,6:16,"Mumbai, India",16.590949,122.582602,Rain,Snowy,1,4,Weather Conditions
3516f44f,11/29/24,17:14,"Paris, France",-74.875774,64.542365,Clear,Gravel,1,2,Weather Conditions
6d16db72,11/24/23,20:00,"Sydney, Australia",-23.755136,-46.337589,Fog,Snowy,1,6,Weather Conditions
35123ad8,2/4/24,20:03,"Berlin, Germany",-17.849806,-62.736551,Snow,Wet,5,9,Drunk Driving
467fed3e,2/24/23,17:29,"London, UK",-17.002888,-40.634574,Clear,Wet,5,6,Weather Conditions
116ef9a4,11/23/23,22:18,"Toronto, Canada",66.677975,100.059315,Hail,Wet,2,5,Reckless Driving
56873d74,5/12/23,12:05,"Mumbai, India",27.13267,-140.216114,Rain,Wet,3,0,Mechanical Failure
b657ec81,12/25/23,1:17,"Beijing, China",48.259659,-25.347124,Storm,Icy,3,7,Speeding
99119917,10/2/23,6:55,"Mumbai, India",9.184917,66.967102,Hail,Under Construction,1,5,Weather Conditions
6e56c9d3,2/9/23,13:19,"Berlin, Germany",20.16505,99.155299,Storm,Icy,1,0,Distracted Driving
f5fac48c,11/16/24,13:26,"Beijing, China",73.773277,-145.855768,Snow,Snowy,2,10,Reckless Driving
3e60d5bb,5/8/23,5:52,"Tokyo, Japan",28.88467,-101.272379,Hail,Icy,1,4,Weather Conditions
0a8db7ae,11/23/23,17:52,"London, UK",65.310597,-1.551266,Rain,Snowy,1,2,Drunk Driving
155efee3,12/5/24,14:07,"Sydney, Australia",81.685562,-45.410598,Hail,Icy,4,9,Speeding
88ef8449,3/28/24,4:04,"Tokyo, Japan",-17.012853,-166.746544,Fog,Under Construction,4,9,Distracted Driving
cf974a99,8/6/23,14:26,"Paris, France",2.186115,-103.963412,Hail,Snowy,2,0,Distracted Driving
05c6a264,4/30/24,16:15,"London, UK",52.824557,120.420657,Fog,Under Construction,4,2,Reckless Driving
22f622f6,11/18/23,12:55,"New York, USA",-8.519416,160.205292,Clear,Under Construction,2,0,Speeding
c31bb5ba,8/18/23,15:43,"Paris, France",-31.570855,-73.981601,Clear,Icy,3,3,Distracted Driving
dc69ed62,8/30/24,17:22,"Sydney, Australia",-36.339305,-84.240924,Rain,Icy,1,5,Drunk Driving
63d6074f,2/20/24,18:41,"Beijing, China",-59.106545,-179.747047,Hail,Wet,5,10,Speeding
bf15a273,4/7/23,4:43,"Tokyo, Japan",-71.934862,-128.294178,Clear,Gravel,3,9,Speeding
16c167d0,7/9/24,14:27,"Berlin, Germany",25.762156,-23.771941,Storm,Under Construction,5,0,Reckless Driving
ff3fc0dc,5/10/23,9:23,"Paris, France",-65.692578,-175.468745,Fog,Icy,1,9,Mechanical Failure
33606918,7/5/23,22:23,"Tokyo, Japan",-83.300133,56.002201,Rain,Wet,3,7,Distracted Driving
25ad7bb3,11/5/23,10:08,"Mumbai, India",69.981007,80.887534,Fog,Gravel,1,6,Distracted Driving
d3cc6f0a,6/8/23,9:54,"Paris, France",-25.787815,115.506954,Snow,Snowy,2,3,Speeding
5bbd3f72,9/2/24,13:38,"Mumbai, India",37.699339,56.85674,Snow,Snowy,4,7,Distracted Driving
5c3ca6da,12/2/23,19:25,"New York, USA",35.127647,162.650418,Clear,Snowy,4,10,Mechanical Failure
c7cee65c,12/18/23,12:11,"Paris, France",-79.332496,122.532537,Storm,Wet,2,0,Speeding
47a95772,8/17/24,18:07,"Tokyo, Japan",-70.87092,-115.175511,Storm,Snowy,3,3,Speeding
5da1e8cd,2/17/24,9:50,"New York, USA",5.890288,1.997889,Snow,Gravel,3,1,Distracted Driving
b00d2bab,2/21/23,6:42,"Toronto, Canada",-10.993751,44.408125,Rain,Wet,2,3,Speeding
469c71ce,8/8/24,20:16,"London, UK",-42.267631,164.54449,Storm,Icy,1,0,Distracted Driving
04f5aae8,3/24/23,10:27,"London, UK",-83.480875,178.800569,Rain,Wet,4,7,Drunk Driving
afa0cf20,6/24/24,6:44,"New York, USA",44.309888,-119.867894,Fog,Dry,1,3,Reckless Driving
ad65c2c9,4/3/24,19:51,"Berlin, Germany",43.973203,146.915032,Snow,Wet,2,0,Weather Conditions
f62c1d9f,6/2/23,8:15,"Sydney, Australia",-13.041538,-85.411232,Rain,Wet,2,4,Reckless Driving
eb244441,2/8/24,20:00,"London, UK",84.367919,-166.583822,Fog,Under Construction,3,6,Mechanical Failure
68b2c366,6/16/24,22:03,"Paris, France",-83.241693,123.73979,Clear,Under Construction,5,8,Distracted Driving
46aea09b,8/5/23,0:39,"London, UK",-70.939722,140.338217,Fog,Gravel,2,6,Mechanical Failure
c13e5ede,9/2/23,7:57,"Toronto, Canada",-21.169894,-27.225762,Snow,Gravel,4,0,Reckless Driving
4227479f,4/22/23,12:40,"London, UK",-54.681764,125.200927,Hail,Icy,2,0,Mechanical Failure
a2ae0da9,12/8/23,5:23,"Tokyo, Japan",58.99063,-103.073269,Hail,Under Construction,3,3,Reckless Driving
5160e0e5,9/23/23,7:14,"Tokyo, Japan",-27.446896,5.234242,Snow,Wet,5,10,Distracted Driving
d7eebde1,10/17/23,9:36,"Beijing, China",77.720393,-101.609042,Hail,Snowy,3,9,Distracted Driving
c86ea31d,11/1/23,6:16,"Beijing, China",32.368532,-63.956029,Hail,Icy,1,4,Weather Conditions
9ebf4c88,4/28/23,20:50,"Toronto, Canada",1.406709,82.788171,Clear,Dry,1,10,Distracted Driving
86a1dc8a,8/9/24,10:57,"Beijing, China",-15.700053,-94.355711,Storm,Dry,2,7,Drunk Driving
b10c68e9,9/20/23,8:52,"Paris, France",-25.833928,123.588683,Storm,Icy,2,10,Distracted Driving
8c481f44,1/1/23,2:03,"Tokyo, Japan",-50.404504,-94.85526,Hail,Gravel,3,1,Weather Conditions
96d65bd9,9/24/23,1:24,"Sydney, Australia",58.465087,41.680155,Storm,Under Construction,1,7,Weather Conditions
e335bcde,7/2/23,19:57,"Mumbai, India",82.798354,157.035636,Hail,Snowy,2,9,Speeding
a38c0ace,12/21/24,10:59,"Paris, France",-54.058002,-47.396029,Rain,Icy,4,7,Mechanical Failure
8de659c3,4/23/24,8:51,"Toronto, Canada",1.934631,20.090453,Clear,Snowy,3,9,Drunk Driving
65230c47,7/23/23,4:26,"Berlin, Germany",-66.986747,-3.524663,Snow,Gravel,5,10,Mechanical Failure
1fa8f798,7/7/23,4:47,"Mumbai, India",-64.043535,45.96089,Storm,Under Construction,3,0,Speeding
5c80e9f6,5/11/24,18:50,"London, UK",37.633804,4.874839,Storm,Icy,2,5,Drunk Driving
17acfbdc,9/2/24,18:18,"Paris, France",-31.490949,165.750098,Hail,Wet,4,9,Mechanical Failure
733ecb89,2/19/23,21:05,"Sydney, Australia",-85.641834,-72.064401,Rain,Gravel,2,3,Weather Conditions
1e99fc54,9/25/23,17:05,"Berlin, Germany",56.827762,-124.822796,Fog,Wet,3,1,Mechanical Failure
50bb21dd,4/21/24,5:27,"Berlin, Germany",89.370786,-25.23518,Rain,Snowy,1,1,Mechanical Failure
232433fc,12/4/23,21:14,"Beijing, China",-20.27742,79.997124,Rain,Wet,4,8,Speeding
57c41401,3/3/24,8:49,"Paris, France",1.920576,-134.184582,Fog,Dry,5,1,Mechanical Failure
363c59a4,2/28/24,23:36,"London, UK",11.370649,-103.275617,Hail,Snowy,5,4,Speeding
60984809,9/14/23,3:24,"Toronto, Canada",-53.80233,125.802223,Fog,Dry,3,5,Weather Conditions
86c76286,5/1/24,15:29,"Paris, France",-74.491758,-132.965209,Clear,Wet,4,9,Speeding
93e7b14d,9/29/24,14:09,"Tokyo, Japan",-76.784402,-62.59908,Storm,Wet,5,0,Speeding
f54cd788,7/28/24,14:29,"Tokyo, Japan",9.005392,114.636227,Rain,Dry,3,4,Speeding
de617644,2/10/23,19:48,"Mumbai, India",62.115725,141.583587,Snow,Wet,1,9,Distracted Driving
48474585,11/14/24,12:02,"Tokyo, Japan",7.831408,-25.643798,Rain,Icy,4,5,Weather Conditions
1feb2e60,5/13/23,0:22,"Beijing, China",-70.978854,164.086383,Fog,Snowy,1,6,Weather Conditions
8ac28a0b,1/9/23,4:59,"Sydney, Australia",-60.456931,135.707606,Fog,Under Construction,5,10,Speeding
7f8e63a3,9/29/24,3:21,"Beijing, China",22.76478,63.577428,Hail,Wet,4,7,Mechanical Failure
135100c6,3/13/24,9:58,"Paris, France",83.335428,-2.655772,Rain,Dry,3,4,Mechanical Failure
0e2367db,5/20/24,21:40,"Toronto, Canada",12.310874,-56.260062,Snow,Dry,3,10,Reckless Driving
061829c7,1/23/24,17:26,"Paris, France",72.04594,104.762516,Clear,Under Construction,2,4,Reckless Driving
dc2cfcad,2/21/23,0:30,"Sydney, Australia",-36.510591,96.722375,Snow,Icy,2,8,Mechanical Failure
23c4f416,2/27/24,8:40,"Toronto, Canada",-10.174335,105.840232,Clear,Dry,4,5,Distracted Driving
b0f1fda1,2/15/23,22:50,"Berlin, Germany",-57.610628,149.509917,Clear,Gravel,4,8,Mechanical Failure
87e6a847,3/13/24,23:05,"Toronto, Canada",61.764435,-143.500419,Clear,Icy,3,4,Drunk Driving
43df7f2e,8/24/24,22:46,"Beijing, China",16.083874,-94.505838,Rain,Gravel,2,6,Mechanical Failure
524718c5,7/13/24,3:46,"Toronto, Canada",-58.332661,-64.134213,Clear,Snowy,5,8,Speeding
d39dab7c,4/9/23,5:40,"Toronto, Canada",-62.602908,98.246604,Storm,Snowy,4,9,Reckless Driving
a3672a8e,5/10/23,4:01,"Mumbai, India",-41.070219,157.636293,Rain,Icy,3,4,Speeding
728d5b38,4/20/23,9:21,"New York, USA",19.668549,168.135759,Snow,Icy,4,2,Drunk Driving
446435ba,11/29/23,3:23,"New York, USA",41.069644,-40.318747,Storm,Dry,4,10,Reckless Driving
8ebe389a,4/21/23,0:54,"Berlin, Germany",50.701635,91.074436,Storm,Wet,1,4,Speeding
aa1edde3,4/28/23,22:04,"New York, USA",68.18259,-125.14756,Clear,Dry,5,6,Speeding
61ea9bb0,6/12/24,17:01,"Mumbai, India",-83.555357,-18.285691,Clear,Under Construction,5,6,Reckless Driving
546baaac,5/19/24,10:43,"Mumbai, India",-38.954607,173.416728,Rain,Wet,3,10,Speeding
fe467085,8/26/24,5:11,"London, UK",-41.516525,67.584531,Storm,Dry,3,10,Distracted Driving
e8e88283,8/7/23,4:30,"Toronto, Canada",-28.1387,-16.099188,Clear,Wet,4,8,Weather Conditions
76a1b4fb,8/16/23,6:27,"Tokyo, Japan",13.063064,72.07004,Clear,Icy,4,0,Distracted Driving
005b07b1,5/8/23,18:39,"Berlin, Germany",-48.590277,-60.384982,Fog,Gravel,3,2,Distracted Driving
69d39c26,5/18/23,23:11,"Beijing, China",65.269476,12.667775,Storm,Dry,4,9,Speeding
e0d07e4e,9/18/24,22:09,"Berlin, Germany",72.074975,125.773693,Rain,Dry,2,8,Mechanical Failure
d3a70435,1/20/23,2:20,"Beijing, China",-7.637493,-9.568482,Clear,Gravel,3,7,Speeding
64e59b9b,9/10/23,16:31,"Sydney, Australia",-12.363295,-164.960092,Snow,Wet,4,9,Weather Conditions
f98bbb87,8/29/24,6:58,"Toronto, Canada",28.036876,36.393029,Clear,Dry,2,9,Distracted Driving
f89bc58f,1/28/23,13:51,"Toronto, Canada",32.622045,22.085612,Clear,Wet,3,6,Distracted Driving
491e0820,4/4/23,6:28,"London, UK",-16.660637,-108.114371,Hail,Dry,3,4,Reckless Driving
70a98dea,12/7/24,4:35,"New York, USA",36.303834,-152.05962,Clear,Icy,3,4,Mechanical Failure
6e0ee47d,3/20/23,2:07,"Berlin, Germany",7.5173,-55.621119,Clear,Gravel,1,5,Weather Conditions
a1a710a9,10/30/23,20:17,"Toronto, Canada",30.055524,-109.520099,Fog,Gravel,5,0,Speeding
26200fcb,2/17/23,8:49,"Beijing, China",73.015426,176.827672,Hail,Under Construction,2,3,Mechanical Failure
b4413f91,3/9/24,14:55,"Sydney, Australia",-44.579047,-113.220297,Fog,Icy,1,2,Reckless Driving
9f0e7479,3/8/24,3:31,"Tokyo, Japan",36.558343,47.298308,Fog,Under Construction,4,3,Reckless Driving
ed4f8004,3/27/23,2:25,"New York, USA",-7.314632,-10.318703,Rain,Snowy,5,7,Mechanical Failure
512742c0,10/4/24,23:37,"Beijing, China",50.778206,-21.157762,Fog,Icy,5,2,Weather Conditions
b940d6f3,5/4/23,23:05,"Toronto, Canada",-37.545681,-158.571212,Storm,Dry,3,1,Reckless Driving
6f1b2c42,7/13/23,12:57,"Tokyo, Japan",-54.654339,37.222934,Rain,Under Construction,5,5,Distracted Driving
ec8386f3,4/1/23,4:00,"Beijing, China",23.55973,-27.33639,Hail,Under Construction,4,4,Speeding
0e194486,7/25/24,14:10,"New York, USA",-52.413222,82.630257,Storm,Under Construction,5,5,Mechanical Failure
b7ee6806,5/13/24,11:16,"Berlin, Germany",-19.518859,84.708255,Snow,Icy,3,5,Distracted Driving
01381dcf,3/28/24,5:16,"Sydney, Australia",-52.712602,-178.652427,Storm,Under Construction,3,4,Speeding
5ba6ae05,10/15/23,16:18,"London, UK",-4.328266,0.576158,Rain,Snowy,3,9,Speeding
817d3412,3/13/23,7:51,"Sydney, Australia",-61.010907,86.065689,Fog,Gravel,4,7,Reckless Driving
3e3f7784,5/22/24,14:38,"Sydney, Australia",67.00238,6.967478,Clear,Gravel,4,9,Drunk Driving
04ad698b,11/25/24,20:32,"Beijing, China",-34.593001,98.94686,Rain,Dry,4,0,Drunk Driving
8ce1959e,6/21/23,3:14,"Toronto, Canada",-57.078002,-1.522654,Hail,Wet,4,4,Mechanical Failure
439ffe44,5/1/24,14:45,"New York, USA",8.9602,-101.72062,Fog,Wet,1,2,Mechanical Failure
1cfd62d6,7/9/24,21:39,"Sydney, Australia",34.842259,-124.155633,Clear,Icy,4,10,Drunk Driving
5b1a9a24,11/30/23,15:32,"New York, USA",41.028964,-3.652374,Clear,Wet,3,9,Mechanical Failure
7f5623cb,2/16/23,22:06,"Toronto, Canada",74.507825,92.387641,Rain,Under Construction,2,10,Speeding
fdf4708d,8/19/23,22:51,"Paris, France",-41.776908,-122.698497,Rain,Snowy,1,5,Mechanical Failure
aba0bfdd,6/16/24,0:50,"New York, USA",-5.776947,-31.034687,Storm,Under Construction,4,1,Weather Conditions
832bdfe8,7/30/24,11:01,"Tokyo, Japan",85.360185,-140.626916,Rain,Gravel,2,0,Speeding
9eaeb812,11/18/24,13:13,"Berlin, Germany",-36.93561,150.764326,Hail,Icy,3,3,Drunk Driving
c8eda24e,3/20/24,16:19,"Beijing, China",-15.447501,-17.656782,Fog,Snowy,5,6,Drunk Driving
46586ef6,7/24/24,23:42,"Paris, France",32.449615,122.231054,Storm,Dry,4,0,Drunk Driving
e922885b,11/3/24,23:49,"Paris, France",-79.155935,-113.107902,Snow,Wet,2,1,Distracted Driving
2a6a726a,7/27/24,23:21,"Paris, France",-44.35286,-119.328422,Fog,Wet,1,0,Distracted Driving
b19ac12c,4/12/23,23:03,"Toronto, Canada",55.885815,45.517384,Storm,Dry,1,9,Distracted Driving
bb874832,3/2/24,22:00,"Mumbai, India",-8.220077,-126.68708,Fog,Snowy,1,2,Speeding
9d702875,12/12/23,10:42,"Toronto, Canada",51.133392,62.892617,Clear,Dry,4,7,Reckless Driving
3c348833,10/6/24,20:54,"Beijing, China",49.827577,46.950828,Hail,Icy,1,2,Weather Conditions
ab6ab704,4/26/23,20:02,"Toronto, Canada",56.886781,54.641906,Rain,Wet,3,7,Reckless Driving
404f4302,11/13/23,19:29,"Tokyo, Japan",-16.941116,152.534478,Clear,Snowy,4,9,Speeding
f24c7a6c,4/16/24,1:14,"Toronto, Canada",-72.512234,-97.162289,Rain,Wet,4,9,Speeding
8b7e42f4,7/27/23,10:26,"Berlin, Germany",-32.362973,-40.827027,Snow,Under Construction,5,5,Weather Conditions
2a3ebe87,6/14/23,19:41,"Sydney, Australia",-13.006363,166.131903,Storm,Snowy,4,4,Reckless Driving
a8d1edcb,9/24/24,10:57,"Toronto, Canada",27.53716,1.569961,Storm,Under Construction,1,0,Reckless Driving
f822c464,12/18/24,16:20,"Mumbai, India",8.604486,-141.250486,Clear,Wet,4,0,Drunk Driving
398197db,4/7/24,2:41,"Toronto, Canada",45.598172,129.170221,Storm,Wet,5,3,Drunk Driving
0c5c3ebd,4/26/23,12:17,"Paris, France",-34.988996,-16.433707,Rain,Dry,4,5,Weather Conditions
52b6c7d3,3/14/24,15:17,"Paris, France",-62.09491,98.363648,Storm,Under Construction,2,6,Reckless Driving
14b68f81,4/2/24,2:58,"New York, USA",-34.491211,-69.304106,Fog,Under Construction,5,7,Speeding
b5d71d2a,12/22/24,12:25,"Paris, France",24.271475,-169.398811,Rain,Under Construction,1,7,Drunk Driving
825c8e5a,11/19/24,16:54,"Mumbai, India",-55.103134,108.122289,Clear,Gravel,4,8,Distracted Driving
c3261496,3/1/24,23:01,"Toronto, Canada",45.584137,167.808233,Storm,Wet,2,4,Weather Conditions
4892eac9,3/22/24,23:10,"Toronto, Canada",9.918277,51.16846,Fog,Snowy,1,0,Distracted Driving
29d87710,6/10/23,23:43,"Paris, France",11.991146,163.529203,Clear,Gravel,5,10,Distracted Driving
4b004f1a,3/9/24,10:20,"Paris, France",-68.604107,-73.141124,Hail,Under Construction,5,1,Weather Conditions
938934d8,7/30/23,15:51,"Tokyo, Japan",-88.384055,151.44797,Fog,Wet,4,3,Distracted Driving
d3d9ea41,5/18/24,12:56,"Sydney, Australia",-71.52279,163.155478,Clear,Under Construction,1,4,Mechanical Failure
27c865f3,4/14/24,11:45,"Toronto, Canada",61.683282,-133.199601,Snow,Under Construction,3,5,Weather Conditions
6db47df0,4/19/23,15:15,"Mumbai, India",82.453375,-161.72706,Rain,Snowy,2,10,Weather Conditions
1ac74b68,1/16/24,21:01,"Tokyo, Japan",84.813714,-138.671175,Storm,Gravel,1,3,Reckless Driving
b45469db,7/12/24,11:30,"Toronto, Canada",-32.539607,-66.260546,Snow,Gravel,4,6,Weather Conditions
cede899e,8/26/23,10:27,"Mumbai, India",49.181871,20.443325,Rain,Gravel,2,5,Distracted Driving
adcfe145,12/30/24,14:02,"Sydney, Australia",-4.782968,-129.400239,Rain,Dry,3,10,Speeding
417edb53,5/10/24,18:37,"London, UK",-75.873505,57.294531,Fog,Icy,2,2,Weather Conditions
c95e0a18,7/29/23,22:01,"London, UK",-8.238382,54.328645,Storm,Dry,3,1,Distracted Driving
9a5d7d0e,4/17/24,10:16,"Paris, France",-43.485312,76.863183,Hail,Gravel,3,2,Drunk Driving
81872005,9/12/24,3:11,"London, UK",-75.322482,33.473274,Clear,Under Construction,4,4,Reckless Driving
9a1f0fc5,5/24/23,9:04,"New York, USA",-88.550454,-5.832433,Rain,Under Construction,1,5,Speeding
ece5060b,5/15/23,1:32,"London, UK",-38.42284,153.340951,Clear,Under Construction,1,4,Weather Conditions
f474dc7c,9/10/23,1:29,"Beijing, China",78.779149,131.157356,Snow,Icy,2,6,Distracted Driving
83fc9daf,10/18/24,4:58,"Beijing, China",45.206733,-169.238113,Clear,Dry,4,0,Reckless Driving
8ed534f3,1/19/24,15:47,"Paris, France",67.766544,-174.17057,Fog,Snowy,2,7,Speeding
a496ff00,8/30/23,6:54,"New York, USA",-51.79921,-64.831085,Storm,Gravel,2,5,Mechanical Failure
669af202,10/5/23,16:50,"Sydney, Australia",-24.239709,134.188192,Rain,Snowy,2,5,Drunk Driving
2d02daf9,7/15/23,23:02,"Beijing, China",-13.314883,24.638845,Clear,Snowy,5,5,Drunk Driving
98b30e57,7/26/23,21:51,"London, UK",84.81211,72.434725,Rain,Gravel,3,6,Weather Conditions
092927b7,7/13/24,7:14,"Beijing, China",-26.439404,-0.826429,Fog,Snowy,4,4,Drunk Driving
f5fb6118,2/4/23,6:27,"Tokyo, Japan",-16.646036,-95.01262,Fog,Gravel,2,5,Mechanical Failure
37c38ba3,12/9/23,22:34,"Beijing, China",75.843469,5.578856,Fog,Icy,4,2,Speeding
b860a7f7,9/1/23,11:39,"Tokyo, Japan",-36.325677,151.108986,Rain,Under Construction,2,8,Drunk Driving
0f56f1f1,12/8/24,20:41,"Berlin, Germany",80.751185,-96.472124,Snow,Icy,1,7,Speeding
e782fbce,9/29/24,18:46,"Paris, France",-37.212202,-57.994005,Fog,Snowy,1,2,Mechanical Failure
fa916e63,6/27/23,9:16,"Paris, France",-15.360865,140.254612,Clear,Icy,5,1,Reckless Driving
7b417f67,11/27/24,11:01,"London, UK",69.556474,139.860282,Fog,Snowy,3,1,Distracted Driving
2a3ac97e,12/10/24,5:33,"London, UK",83.984895,164.586431,Hail,Under Construction,2,4,Weather Conditions
4e3ebe88,12/9/24,1:18,"New York, USA",-0.059142,131.665896,Hail,Gravel,4,7,Speeding
f500c21e,7/8/24,3:33,"London, UK",-81.209192,-171.370918,Fog,Under Construction,5,7,Reckless Driving
30b740e9,1/28/24,20:56,"Tokyo, Japan",-2.466485,-15.236556,Hail,Icy,2,5,Drunk Driving
2f17a29e,11/22/24,3:43,"Berlin, Germany",33.32285,24.620547,Fog,Gravel,3,6,Speeding
55ece06d,6/9/23,16:22,"Paris, France",-55.56706,3.71613,Storm,Icy,5,8,Speeding
e91390a4,11/27/23,19:29,"Sydney, Australia",-14.822909,-155.642062,Rain,Wet,1,1,Reckless Driving
79491fe3,3/13/23,23:14,"London, UK",29.209606,68.162691,Clear,Dry,5,0,Speeding
5fd56098,7/26/23,21:24,"Toronto, Canada",2.642627,-86.221494,Clear,Under Construction,2,9,Distracted Driving
9870bfa6,2/23/23,20:42,"Sydney, Australia",-19.666429,131.463972,Clear,Gravel,2,4,Drunk Driving
6bd8c559,12/1/23,2:55,"Berlin, Germany",89.217954,-6.618223,Hail,Icy,5,5,Speeding
06fabf6e,5/29/23,23:17,"New York, USA",-85.490256,172.447786,Rain,Dry,2,7,Mechanical Failure
2cebb43f,3/1/23,13:54,"New York, USA",55.850808,109.701159,Storm,Dry,3,7,Reckless Driving
0d466b28,8/22/24,0:33,"London, UK",-70.908942,105.6754,Hail,Snowy,5,4,Weather Conditions
a82b1f43,11/26/23,13:42,"Sydney, Australia",4.123518,73.93591,Storm,Under Construction,1,1,Speeding
5ec92936,6/5/23,1:17,"Mumbai, India",54.972545,95.896319,Fog,Icy,4,1,Drunk Driving
613f7edb,3/25/23,8:09,"London, UK",-45.177295,0.753743,Fog,Icy,1,1,Drunk Driving
594e17f6,12/27/24,1:28,"London, UK",-72.009219,-149.017685,Clear,Under Construction,5,8,Speeding
933fc896,12/9/24,11:56,"New York, USA",46.193858,-176.097598,Snow,Icy,5,6,Reckless Driving
391992a6,11/23/24,3:22,"Beijing, China",56.28695,-120.094588,Rain,Gravel,1,7,Weather Conditions
e4a67312,9/26/23,19:41,"Beijing, China",-88.557974,151.237729,Clear,Icy,2,5,Reckless Driving
4e837020,12/24/23,17:12,"New York, USA",57.957969,-81.133511,Storm,Under Construction,2,2,Reckless Driving
2ce98d89,5/31/24,8:46,"Toronto, Canada",-30.877767,-37.042719,Rain,Under Construction,5,9,Distracted Driving
844dc635,11/23/24,18:05,"London, UK",-89.299448,105.514605,Fog,Dry,5,1,Reckless Driving
9a14f3d6,4/30/23,15:51,"Toronto, Canada",71.88794,-160.884244,Hail,Gravel,3,7,Reckless Driving
62945d1b,6/22/23,12:37,"Mumbai, India",73.135387,87.926964,Rain,Snowy,5,1,Mechanical Failure
2dd115ec,1/16/23,5:28,"Berlin, Germany",77.40534,157.439472,Snow,Snowy,1,8,Drunk Driving
9a5815b0,3/3/23,18:00,"Tokyo, Japan",-78.486706,-110.7686,Fog,Wet,5,4,Weather Conditions
43f2d587,1/29/23,1:04,"Tokyo, Japan",-87.834144,-80.861596,Hail,Dry,2,9,Speeding
370782f1,5/16/24,2:04,"New York, USA",77.465114,-112.374597,Rain,Snowy,5,6,Mechanical Failure
614c86ac,3/10/23,7:18,"Paris, France",-27.323683,146.143216,Snow,Under Construction,5,2,Mechanical Failure
c9d5ac2f,2/22/23,22:24,"Beijing, China",40.452142,-176.959334,Storm,Icy,5,1,Weather Conditions
0bf7758f,11/22/23,12:42,"Toronto, Canada",-2.489696,-9.910869,Rain,Wet,2,3,Speeding
fdbf6648,9/13/23,23:34,"Berlin, Germany",-57.934788,154.322081,Clear,Icy,2,2,Drunk Driving
e8e81037,3/7/23,17:12,"Beijing, China",2.395057,147.450853,Storm,Icy,5,9,Drunk Driving
3489b267,7/26/23,5:10,"Sydney, Australia",-73.380819,145.643472,Storm,Snowy,3,0,Reckless Driving
9f280da7,6/7/24,23:18,"Sydney, Australia",-29.916735,-114.040682,Fog,Dry,4,5,Reckless Driving
4c1366e6,4/27/24,23:47,"Sydney, Australia",-53.760018,65.461838,Clear,Gravel,2,6,Speeding
41f52bbb,7/28/24,13:44,"Mumbai, India",-13.186798,-44.282315,Fog,Gravel,4,6,Distracted Driving
1aec6dca,5/29/23,13:41,"Tokyo, Japan",88.506834,-132.76339,Fog,Snowy,3,8,Reckless Driving
63c44784,1/23/24,12:00,"Mumbai, India",-38.863301,-26.924367,Hail,Gravel,2,3,Reckless Driving
a1cb014e,11/16/24,6:57,"New York, USA",37.803121,27.962534,Storm,Dry,5,0,Distracted Driving
6da5f9cd,8/2/24,11:24,"Tokyo, Japan",79.98709,-120.505731,Clear,Wet,1,6,Mechanical Failure
78606506,8/7/23,6:21,"Sydney, Australia",-36.532584,124.85827,Hail,Icy,1,6,Speeding
455ae5e4,9/18/24,17:19,"Berlin, Germany",37.370177,139.981736,Snow,Snowy,3,0,Distracted Driving
1010b0a1,6/17/23,20:14,"Tokyo, Japan",34.357012,83.291547,Rain,Wet,4,1,Speeding
c5267756,12/24/24,11:46,"Sydney, Australia",-77.798386,54.547381,Clear,Under Construction,3,0,Speeding
159b9344,4/8/23,22:51,"Beijing, China",42.490187,-136.820797,Hail,Under Construction,3,0,Mechanical Failure
0a1f8d73,12/26/23,1:17,"Mumbai, India",13.390589,167.254663,Fog,Gravel,5,5,Mechanical Failure
12b1294b,7/10/23,19:07,"Beijing, China",-73.495461,122.628888,Snow,Under Construction,1,4,Mechanical Failure
8500f885,8/20/24,23:48,"Toronto, Canada",-7.760136,29.209482,Fog,Dry,2,9,Drunk Driving
7ba1ab36,11/4/23,8:37,"Paris, France",-87.23126,-40.713766,Storm,Snowy,4,7,Mechanical Failure
2a1fc3d6,11/16/24,7:03,"Paris, France",29.741262,-112.416471,Fog,Icy,4,4,Drunk Driving
340d6ae9,6/25/24,9:40,"Berlin, Germany",-31.794918,74.692417,Storm,Wet,5,5,Distracted Driving
7da59d5f,9/1/23,17:23,"Sydney, Australia",20.087074,-108.691422,Snow,Snowy,5,10,Drunk Driving
2dee5ebc,5/19/23,7:17,"Berlin, Germany",-26.925619,-139.565738,Hail,Icy,5,3,Mechanical Failure
eae59578,1/8/23,20:22,"Sydney, Australia",87.500512,82.313078,Storm,Icy,1,5,Speeding
cac07500,12/21/23,12:14,"Mumbai, India",-40.602764,55.572613,Storm,Icy,5,5,Reckless Driving
06f0078b,9/22/24,7:06,"Toronto, Canada",31.871667,129.454208,Clear,Under Construction,2,0,Speeding
c2a7af4e,5/24/24,11:26,"Beijing, China",28.260745,17.216223,Rain,Snowy,5,5,Distracted Driving
64879d93,7/1/23,17:48,"Mumbai, India",-87.985076,-178.993484,Clear,Under Construction,1,6,Mechanical Failure
039cadc0,11/22/23,20:03,"Mumbai, India",-45.26842,-58.287646,Clear,Wet,2,5,Weather Conditions
c12ad6ff,10/2/23,11:24,"Beijing, China",37.244453,41.168535,Storm,Dry,2,10,Drunk Driving
04934b5e,9/30/24,8:34,"Mumbai, India",40.915749,66.880511,Rain,Snowy,4,10,Drunk Driving
29923905,11/8/23,7:10,"Berlin, Germany",-44.268723,-84.360639,Hail,Gravel,1,2,Mechanical Failure
4e6d9418,10/20/24,22:47,"Sydney, Australia",9.629678,175.74349,Storm,Under Construction,5,0,Mechanical Failure
4a906031,12/31/23,4:10,"Toronto, Canada",-47.880477,70.152191,Storm,Under Construction,5,1,Mechanical Failure
4cf611d6,2/6/24,4:17,"London, UK",27.473579,-21.901462,Fog,Gravel,2,2,Reckless Driving
ecadae3b,10/5/24,0:52,"Toronto, Canada",-79.487127,54.55882,Rain,Snowy,1,2,Mechanical Failure
0acdfbef,11/17/24,20:14,"Mumbai, India",-45.811005,-26.477888,Hail,Wet,3,3,Drunk Driving
a8d31f3c,8/20/24,13:06,"Tokyo, Japan",41.455135,-165.837913,Rain,Dry,1,7,Speeding
752f463f,4/13/23,7:18,"New York, USA",43.293649,121.211454,Snow,Snowy,2,2,Distracted Driving
19310bc7,2/12/23,10:06,"Sydney, Australia",43.733948,-74.275444,Snow,Icy,2,1,Weather Conditions
c9ca958b,12/15/24,9:32,"London, UK",32.593336,-77.138706,Fog,Gravel,2,7,Weather Conditions
fcedf976,10/2/23,19:53,"Beijing, China",14.466887,60.234953,Rain,Gravel,2,9,Distracted Driving
c2d651c2,8/26/23,21:38,"Toronto, Canada",-5.143502,45.853683,Hail,Gravel,2,4,Speeding
46c722ff,3/26/24,7:44,"Berlin, Germany",35.273161,161.043583,Hail,Wet,2,1,Reckless Driving
5befd96c,3/19/23,16:53,"Mumbai, India",-15.144053,-116.406215,Storm,Wet,2,2,Distracted Driving
e0bb9792,8/5/24,14:39,"Paris, France",-89.413109,173.202773,Hail,Gravel,2,3,Drunk Driving
1a77ab24,10/11/23,10:52,"Sydney, Australia",36.014807,141.278134,Clear,Icy,5,3,Weather Conditions
a6f91a1a,11/16/23,19:09,"New York, USA",30.613763,-21.881178,Fog,Gravel,2,0,Mechanical Failure
7.47E+12,3/27/24,1:15,"Berlin, Germany",-87.950755,146.779816,Fog,Under Construction,3,10,Drunk Driving
81446a45,12/15/23,4:49,"Toronto, Canada",21.411985,-30.550624,Clear,Snowy,2,4,Weather Conditions
9bfd1c9d,2/6/24,3:03,"Beijing, China",45.101481,-79.335711,Hail,Wet,1,5,Reckless Driving
fdb8577e,4/19/23,11:46,"Toronto, Canada",25.592051,-178.612915,Clear,Dry,4,1,Drunk Driving
50b24a13,4/10/24,19:45,"London, UK",-73.185923,11.550257,Storm,Under Construction,5,7,Mechanical Failure
a384b12b,4/17/24,15:16,"Beijing, China",23.897404,-60.448548,Hail,Wet,1,0,Mechanical Failure
c49dedf7,1/5/24,11:55,"Mumbai, India",-43.95958,26.861514,Fog,Gravel,3,4,Reckless Driving
2eff0e38,12/11/24,10:27,"Beijing, China",-83.72741,106.902111,Hail,Under Construction,5,10,Drunk Driving
8274a070,7/2/24,13:20,"Beijing, China",64.11756,101.801164,Storm,Gravel,5,4,Mechanical Failure
929320ef,5/22/24,23:52,"Sydney, Australia",41.697233,69.875989,Storm,Under Construction,1,4,Mechanical Failure
3b9e652a,12/18/24,15:55,"Tokyo, Japan",-51.1103,-68.009898,Clear,Under Construction,3,6,Distracted Driving
08e1e8bf,5/5/23,7:36,"Paris, France",87.837982,57.983271,Hail,Wet,2,10,Weather Conditions
f862803d,10/3/24,15:32,"Beijing, China",11.420056,-124.728643,Storm,Icy,1,0,Reckless Driving
e036380d,3/26/23,7:54,"Berlin, Germany",-15.758402,149.04249,Storm,Icy,3,5,Distracted Driving
fa49c61d,2/3/23,13:16,"Mumbai, India",87.067184,78.460201,Fog,Snowy,1,7,Weather Conditions
b9266fb6,8/20/24,6:17,"Sydney, Australia",-78.562687,16.691787,Storm,Dry,3,5,Speeding
2f06725e,6/21/24,17:33,"Berlin, Germany",-2.780234,-79.954589,Storm,Icy,2,8,Reckless Driving
fe54f198,8/27/24,4:31,"Berlin, Germany",42.26269,-171.96291,Clear,Snowy,1,6,Speeding
9647c59c,8/18/23,0:29,"New York, USA",-28.779271,-30.790775,Snow,Gravel,1,5,Weather Conditions
b5d4bb05,5/10/23,16:27,"Mumbai, India",-49.023898,60.756386,Hail,Icy,2,9,Weather Conditions
7253ce6a,2/7/23,8:16,"Tokyo, Japan",-35.666227,153.399213,Rain,Under Construction,4,1,Mechanical Failure
53c57618,11/16/24,7:46,"Sydney, Australia",-1.737311,-107.917943,Clear,Under Construction,3,3,Speeding
47a5fddd,6/28/23,12:59,"Mumbai, India",-27.228396,93.816297,Fog,Gravel,3,8,Weather Conditions
e6648dd5,8/15/24,23:29,"Tokyo, Japan",19.643197,156.512841,Snow,Icy,1,1,Speeding
71706fb2,5/16/23,12:37,"Paris, France",48.935382,52.890686,Hail,Icy,3,5,Weather Conditions
c1dffda7,11/24/23,0:01,"London, UK",75.145512,94.881058,Storm,Icy,3,5,Reckless Driving
80ffb27e,9/21/24,20:49,"Tokyo, Japan",-35.896071,-24.861943,Snow,Icy,1,4,Mechanical Failure
2b3277ff,8/12/24,21:31,"Paris, France",0.245394,3.764739,Snow,Gravel,5,6,Mechanical Failure
d442feff,4/30/24,23:05,"Beijing, China",-37.293313,130.214114,Rain,Gravel,1,5,Mechanical Failure
7ca8f04d,3/3/23,20:45,"Sydney, Australia",51.681785,79.838341,Rain,Gravel,1,6,Drunk Driving
04a144e6,8/22/24,8:49,"Tokyo, Japan",-49.877304,-55.554883,Hail,Gravel,4,7,Reckless Driving
f07e601a,9/3/24,17:31,"Toronto, Canada",54.160056,46.14481,Fog,Gravel,3,4,Drunk Driving
f5711041,6/11/24,21:24,"Berlin, Germany",-69.725216,128.333456,Storm,Gravel,2,3,Drunk Driving
1c4eca1c,5/29/23,11:07,"Berlin, Germany",45.53773,72.571227,Rain,Snowy,5,2,Distracted Driving
0a05bc15,6/15/24,21:01,"Berlin, Germany",35.922585,136.217824,Hail,Dry,4,6,Distracted Driving
798b5315,6/10/23,14:26,"Tokyo, Japan",-63.461008,146.409793,Snow,Under Construction,4,0,Weather Conditions
8ed77665,9/1/23,6:23,"London, UK",-56.03683,-46.006915,Hail,Dry,2,7,Weather Conditions
8757bfa5,4/25/24,2:43,"London, UK",-62.642425,116.771011,Snow,Under Construction,5,8,Drunk Driving
a272e4f9,6/14/24,5:20,"Paris, France",39.737789,-13.049474,Clear,Snowy,5,2,Distracted Driving
b5f7997f,7/20/24,19:03,"London, UK",1.799006,-148.000666,Fog,Dry,5,0,Reckless Driving
dd405dbe,9/18/24,17:57,"Sydney, Australia",-57.997797,46.584731,Fog,Snowy,4,9,Weather Conditions
85226806,6/4/23,3:45,"New York, USA",-22.667338,126.713079,Rain,Under Construction,5,8,Reckless Driving
8371ec78,6/20/23,22:18,"Toronto, Canada",15.1692,-133.800993,Fog,Under Construction,4,4,Weather Conditions
47df1c7c,2/13/24,16:17,"New York, USA",-65.355825,-77.755972,Fog,Snowy,2,0,Distracted Driving
be354388,9/11/23,11:53,"Paris, France",-46.106658,16.082241,Clear,Wet,5,9,Mechanical Failure
18847202,8/11/24,23:22,"Sydney, Australia",54.782023,94.531931,Rain,Snowy,3,9,Speeding
036fff32,5/28/24,11:23,"Toronto, Canada",14.665016,174.149509,Rain,Icy,5,5,Distracted Driving
9a08518d,9/30/23,13:29,"Sydney, Australia",-1.96775,-76.185196,Rain,Snowy,5,1,Reckless Driving
4ac56e1f,8/19/23,15:18,"London, UK",56.691187,-58.240346,Storm,Snowy,2,3,Distracted Driving
53cb496e,8/19/23,2:40,"London, UK",-28.799017,85.330708,Storm,Dry,4,5,Mechanical Failure
6a3be371,6/5/23,9:08,"New York, USA",-6.92847,-70.413836,Hail,Dry,2,9,Mechanical Failure
78d11507,3/24/24,14:45,"Tokyo, Japan",-70.223998,153.590747,Storm,Icy,1,1,Mechanical Failure
76c37efc,6/2/24,20:32,"Mumbai, India",31.412995,-37.900344,Storm,Gravel,5,9,Mechanical Failure
b4e04ab5,1/30/24,19:54,"New York, USA",-28.233482,119.401386,Fog,Snowy,1,10,Drunk Driving
1b9a6883,6/29/24,9:48,"Tokyo, Japan",-79.43632,78.35029,Rain,Gravel,1,7,Distracted Driving
f766799f,1/30/24,6:19,"Sydney, Australia",-16.46876,60.04829,Snow,Dry,4,2,Drunk Driving
97a9a768,6/5/23,19:31,"New York, USA",-60.750046,-172.387335,Hail,Icy,1,6,Speeding
2455be18,8/8/24,17:20,"London, UK",59.055856,54.776549,Clear,Icy,4,5,Speeding
d0222ab9,3/28/24,19:16,"London, UK",77.696254,72.003961,Storm,Gravel,3,4,Drunk Driving
150abc5a,3/7/24,21:09,"Beijing, China",-56.4361,177.335742,Snow,Icy,2,10,Reckless Driving
273d355c,3/19/23,9:58,"Tokyo, Japan",-29.799539,-6.139004,Rain,Wet,1,10,Drunk Driving
d859c596,12/15/24,13:01,"New York, USA",33.14842,-67.183748,Storm,Icy,1,1,Mechanical Failure
c2cf98d3,3/4/23,13:03,"London, UK",-26.596068,9.821873,Rain,Wet,4,7,Reckless Driving
90b8b428,11/14/24,14:48,"Beijing, China",57.208051,66.106501,Fog,Wet,3,0,Weather Conditions
d4c9ddb7,1/11/23,0:39,"Berlin, Germany",23.990018,-14.790071,Clear,Gravel,5,7,Reckless Driving
56447fac,3/3/23,22:28,"Paris, France",-34.565904,-163.157661,Clear,Wet,3,8,Mechanical Failure
fd91ec8d,5/16/23,9:37,"Toronto, Canada",-32.583199,162.839838,Snow,Dry,2,0,Drunk Driving
3b5c2fc0,9/26/24,4:48,"London, UK",-4.921082,118.155922,Rain,Icy,5,4,Mechanical Failure
5cd02310,3/22/24,7:06,"Sydney, Australia",41.373457,31.677255,Clear,Wet,4,1,Mechanical Failure
7e1b6d16,1/30/23,20:16,"Mumbai, India",-26.648598,130.721216,Hail,Dry,2,8,Mechanical Failure
2ef098ea,9/19/24,9:28,"Sydney, Australia",-12.654254,-149.61946,Clear,Dry,4,7,Drunk Driving
19aa91a9,11/19/24,3:59,"Toronto, Canada",34.287073,139.259085,Storm,Snowy,2,5,Distracted Driving
346c64ae,11/1/24,21:45,"Mumbai, India",79.671844,-66.73905,Rain,Gravel,5,9,Speeding
22c88c26,2/3/24,5:35,"Mumbai, India",-24.990589,152.231476,Rain,Dry,5,0,Weather Conditions
f80e57f2,12/28/23,4:54,"New York, USA",33.141304,34.246969,Hail,Icy,5,8,Mechanical Failure
60534101,12/29/23,8:06,"Mumbai, India",79.17063,-54.385261,Rain,Snowy,5,9,Drunk Driving
c12907d3,12/29/24,2:19,"New York, USA",-70.803907,52.28541,Clear,Snowy,2,5,Weather Conditions
6464358b,2/21/24,18:15,"Sydney, Australia",49.608177,-127.649122,Storm,Gravel,4,0,Drunk Driving
b420cb55,9/28/23,0:34,"Paris, France",-67.433412,5.846587,Clear,Gravel,2,6,Reckless Driving
a70ef964,7/1/23,18:29,"Mumbai, India",63.985697,75.609192,Hail,Icy,3,6,Drunk Driving
b2263c9c,1/1/23,13:08,"Tokyo, Japan",73.624491,33.561162,Clear,Under Construction,3,4,Reckless Driving
2ead6c5c,10/4/23,1:53,"Paris, France",72.270439,12.673056,Snow,Snowy,1,3,Weather Conditions
d100f5ea,3/30/23,16:57,"Berlin, Germany",72.325362,-19.866341,Fog,Under Construction,1,5,Reckless Driving
d550209d,6/2/24,12:45,"London, UK",8.538408,-80.438822,Rain,Icy,4,6,Weather Conditions
b1f1bff7,11/11/24,1:58,"Tokyo, Japan",19.47926,122.44538,Snow,Snowy,3,8,Weather Conditions
a770766d,11/20/23,5:07,"Beijing, China",-33.977064,96.874605,Rain,Gravel,2,0,Mechanical Failure
62c33a9a,1/11/24,5:09,"Tokyo, Japan",32.620462,144.701603,Snow,Snowy,4,9,Speeding
5670f805,10/12/24,2:11,"New York, USA",-47.09645,47.181338,Hail,Under Construction,3,7,Drunk Driving
ef0975c6,12/27/24,17:21,"London, UK",-53.016123,89.581834,Rain,Icy,5,1,Distracted Driving
52b03ddd,4/6/24,22:10,"New York, USA",-62.931272,10.461143,Storm,Icy,4,3,Speeding
211aa7ca,6/22/24,14:54,"Toronto, Canada",28.139058,114.718057,Hail,Snowy,3,3,Weather Conditions
b4347136,6/22/24,7:38,"Mumbai, India",13.067012,-121.200157,Snow,Wet,3,4,Drunk Driving
2419c0d8,12/29/23,20:47,"Mumbai, India",33.504029,81.610295,Storm,Under Construction,1,7,Weather Conditions
afde2be4,7/2/24,21:56,"Mumbai, India",-4.917353,176.38041,Rain,Wet,3,9,Mechanical Failure
ab7a95d5,4/20/23,7:59,"Sydney, Australia",6.820827,96.964715,Clear,Icy,5,3,Reckless Driving
27fdf638,8/12/23,6:01,"Toronto, Canada",-84.684176,-3.939146,Storm,Gravel,1,4,Weather Conditions
ab91caa8,9/21/24,20:54,"Tokyo, Japan",73.221962,-78.887367,Fog,Under Construction,2,0,Weather Conditions
911dedfb,11/22/24,22:02,"Berlin, Germany",-63.418457,30.472286,Rain,Under Construction,2,3,Weather Conditions
f2f8955d,12/22/24,19:21,"London, UK",63.134327,120.408405,Hail,Dry,2,9,Distracted Driving
367ee496,1/20/24,13:28,"Mumbai, India",68.268917,86.092665,Hail,Snowy,4,2,Speeding
6f4180f9,5/29/24,14:34,"Sydney, Australia",-65.246585,8.923042,Clear,Wet,2,0,Drunk Driving
e63e5bc1,5/27/23,2:51,"Mumbai, India",-54.417228,-35.435452,Clear,Under Construction,2,8,Reckless Driving
c4c4f218,10/23/23,12:36,"Berlin, Germany",31.308577,-159.091067,Rain,Snowy,3,10,Distracted Driving
1e426427,8/25/23,1:11,"Sydney, Australia",73.963216,141.855222,Storm,Dry,5,6,Reckless Driving
0bcf6338,11/7/23,7:30,"London, UK",-37.274281,7.519431,Clear,Wet,2,1,Drunk Driving
a25c5c12,7/28/24,12:36,"New York, USA",-52.812503,-40.314317,Snow,Wet,2,10,Speeding
adc14081,5/16/23,17:01,"Mumbai, India",-2.6968,48.028936,Storm,Gravel,2,4,Distracted Driving
732ba28d,12/31/24,1:46,"London, UK",-38.649864,128.723713,Hail,Wet,2,5,Speeding
77fcf95e,9/29/23,20:55,"New York, USA",3.61611,19.252089,Fog,Snowy,1,0,Mechanical Failure
549720fe,11/30/24,16:46,"London, UK",0.007385,-58.00299,Hail,Gravel,3,8,Mechanical Failure
40c67b8f,5/23/24,11:52,"Beijing, China",-25.500876,-151.175814,Storm,Wet,2,7,Drunk Driving
7b12ce7e,1/11/23,12:53,"Toronto, Canada",-38.469992,-44.56848,Storm,Icy,1,1,Reckless Driving
b8954296,9/23/24,13:30,"Berlin, Germany",-56.541406,-5.106935,Storm,Under Construction,3,8,Distracted Driving
ffe649b5,10/27/24,6:18,"Beijing, China",79.534537,4.717697,Snow,Under Construction,5,8,Drunk Driving
39fd0229,1/24/23,10:30,"Berlin, Germany",37.193397,125.665039,Snow,Under Construction,4,7,Reckless Driving
30473df7,11/20/23,4:40,"Paris, France",83.219881,99.871973,Clear,Wet,5,2,Speeding
a95491e4,1/21/24,19:26,"Sydney, Australia",-45.503118,35.05307,Clear,Dry,4,10,Weather Conditions
63a48489,7/15/24,10:35,"Tokyo, Japan",80.205821,86.688379,Storm,Dry,5,6,Mechanical Failure
7b25613b,1/4/24,15:21,"Mumbai, India",26.46255,76.492227,Snow,Dry,3,3,Speeding
b1f7c8d1,12/9/24,2:17,"Toronto, Canada",67.488172,-72.589172,Hail,Under Construction,5,1,Reckless Driving
515f9bd2,12/17/23,0:34,"Berlin, Germany",85.62822,69.850827,Storm,Wet,2,3,Drunk Driving
b4fd6205,4/2/23,12:15,"Mumbai, India",-82.679211,-122.724876,Storm,Snowy,3,1,Weather Conditions
df60e4ee,3/8/23,16:16,"New York, USA",-5.50391,169.560926,Fog,Gravel,3,8,Weather Conditions
9580d511,6/24/23,2:55,"Sydney, Australia",44.717466,-124.924565,Snow,Snowy,1,3,Weather Conditions
dd5be0e1,1/10/24,17:30,"Beijing, China",78.636455,-121.976578,Storm,Dry,4,5,Drunk Driving
8446c5e7,9/5/23,10:55,"Beijing, China",-20.622172,36.715468,Fog,Dry,1,6,Distracted Driving
637287ee,7/6/24,2:03,"Beijing, China",-54.730151,114.565093,Hail,Gravel,3,7,Reckless Driving
6d21994b,3/19/23,16:20,"Mumbai, India",36.343567,120.083377,Snow,Icy,3,7,Speeding
2.59E+58,3/20/24,23:21,"Tokyo, Japan",-63.524059,1.881832,Storm,Dry,4,8,Reckless Driving
60c37aaf,7/9/24,3:06,"Toronto, Canada",-80.539975,-36.939189,Storm,Wet,4,7,Drunk Driving
bc6b4cf1,9/19/24,10:58,"Toronto, Canada",30.845971,-78.507974,Clear,Gravel,2,3,Mechanical Failure
b0db5193,4/29/24,7:09,"London, UK",40.173503,171.62009,Fog,Gravel,3,7,Speeding
b2e60bc9,5/23/23,18:29,"Paris, France",70.297995,123.648227,Hail,Gravel,1,7,Reckless Driving
832f04df,5/1/23,15:55,"London, UK",57.031871,177.695308,Fog,Snowy,3,2,Reckless Driving
02a2d394,1/9/24,17:34,"Sydney, Australia",52.398469,29.320751,Clear,Gravel,1,0,Speeding
5cb52a54,6/30/23,4:13,"Beijing, China",-61.622636,-10.241511,Rain,Gravel,5,4,Mechanical Failure
8a3f9270,5/20/24,2:22,"Beijing, China",-56.117536,-11.11664,Hail,Wet,5,10,Weather Conditions
3f90b2ad,7/4/23,10:03,"Beijing, China",20.379857,-25.009992,Snow,Under Construction,3,2,Reckless Driving
93f8824d,1/6/24,4:04,"London, UK",87.731944,-127.05371,Snow,Dry,3,6,Speeding
799be70c,6/28/23,4:45,"Sydney, Australia",-17.657756,56.794084,Hail,Gravel,4,2,Speeding
b1d73e74,7/28/24,13:43,"Toronto, Canada",-13.440245,-173.653242,Storm,Dry,1,3,Weather Conditions
cb01ffa8,8/22/23,17:10,"Beijing, China",26.838495,-9.014732,Hail,Wet,1,0,Weather Conditions
84960cbd,9/1/23,23:09,"Beijing, China",-59.56729,-171.037862,Rain,Dry,4,10,Drunk Driving
ad9628dc,10/9/24,4:02,"Beijing, China",-44.611911,8.18701,Hail,Wet,5,9,Reckless Driving
a2888f99,1/3/23,13:11,"Tokyo, Japan",-7.325776,26.045644,Fog,Gravel,3,4,Weather Conditions
e9aab0b1,7/3/23,7:33,"London, UK",52.909878,166.988779,Clear,Icy,3,2,Distracted Driving
93aaddd0,10/3/23,5:40,"Mumbai, India",48.449897,154.828864,Snow,Wet,5,4,Speeding
b27f4f5b,10/5/24,3:20,"Mumbai, India",60.39066,-31.449427,Fog,Icy,2,2,Mechanical Failure
13f70307,9/20/24,9:00,"Sydney, Australia",-21.972333,-17.914328,Rain,Icy,4,3,Speeding
4a812cb4,8/4/23,14:05,"Mumbai, India",-48.621615,50.522308,Clear,Dry,4,7,Drunk Driving
3271dc15,5/8/23,0:04,"Paris, France",-37.741124,18.102185,Rain,Icy,1,9,Speeding
cd72279e,10/21/24,9:39,"Tokyo, Japan",87.822919,39.608909,Storm,Snowy,1,5,Weather Conditions
c6e371e1,11/5/23,20:42,"Sydney, Australia",-5.333445,-146.795388,Clear,Icy,3,5,Speeding
0d2bc792,9/4/24,1:42,"Mumbai, India",-22.223867,-32.940291,Clear,Gravel,2,9,Weather Conditions
d940ab73,2/21/24,10:42,"New York, USA",-33.519452,120.605066,Snow,Icy,4,3,Drunk Driving
fbf3e73d,10/20/23,7:43,"Mumbai, India",-85.134537,-134.577618,Rain,Gravel,2,3,Weather Conditions
e0b909af,8/22/23,3:33,"London, UK",-10.807289,-165.471459,Snow,Under Construction,2,3,Drunk Driving
0cc400b2,3/27/23,14:20,"New York, USA",-46.212592,63.634906,Rain,Dry,1,8,Distracted Driving
bddd3e6e,7/1/23,16:15,"Sydney, Australia",-62.207031,137.426424,Fog,Gravel,3,1,Drunk Driving
1352b6fd,3/21/24,1:52,"London, UK",53.683242,44.448379,Clear,Icy,4,1,Mechanical Failure
541d5c1a,8/24/24,16:17,"Beijing, China",18.788137,79.165227,Clear,Dry,2,3,Drunk Driving
b0b40332,1/16/23,19:52,"Beijing, China",51.813888,-147.845484,Fog,Snowy,2,0,Weather Conditions
b348850a,5/30/24,0:48,"Toronto, Canada",-25.997929,53.165495,Hail,Under Construction,3,8,Mechanical Failure
0b7c2a54,11/25/23,10:39,"Beijing, China",-21.860597,-50.399131,Hail,Icy,5,7,Distracted Driving
d7140361,6/21/23,13:54,"Toronto, Canada",-14.750834,-124.176756,Clear,Under Construction,2,10,Reckless Driving
96dc632a,2/25/23,11:13,"Sydney, Australia",-64.54367,-110.76709,Storm,Icy,1,9,Mechanical Failure
b2376a78,7/22/23,7:15,"Paris, France",-54.094822,-110.693425,Rain,Icy,1,2,Distracted Driving
13cc188f,10/2/24,19:36,"London, UK",13.034947,-155.450968,Rain,Icy,5,7,Mechanical Failure
e7b062d6,3/27/24,11:42,"Berlin, Germany",-4.951472,-130.976263,Rain,Snowy,2,6,Drunk Driving
819f9afb,2/6/23,11:27,"Mumbai, India",-26.654487,49.413261,Snow,Snowy,3,4,Speeding
57d04bd2,9/15/23,12:00,"Tokyo, Japan",-66.841121,-52.222758,Rain,Gravel,1,5,Mechanical Failure
8db9475e,11/26/24,6:52,"New York, USA",-62.486211,20.364944,Rain,Gravel,5,6,Weather Conditions
c2c94136,10/19/23,16:17,"Berlin, Germany",-28.027293,126.983252,Fog,Gravel,2,3,Weather Conditions
7639001a,12/12/24,0:34,"Berlin, Germany",-2.522391,177.890586,Rain,Dry,2,0,Mechanical Failure
963b548e,9/9/24,15:17,"London, UK",48.807932,-122.332385,Hail,Wet,1,7,Mechanical Failure
84052a47,6/17/23,22:17,"Sydney, Australia",3.6275,23.572932,Storm,Under Construction,3,2,Speeding
61520356,9/28/24,11:21,"Paris, France",0.751641,86.131632,Hail,Dry,1,6,Reckless Driving
b8bd5c5a,11/4/24,10:14,"Beijing, China",-47.075674,-30.996585,Storm,Wet,5,0,Drunk Driving
211a25ff,3/16/23,13:18,"Berlin, Germany",63.590568,108.023461,Clear,Gravel,5,7,Weather Conditions
c4be6579,11/14/23,12:15,"Berlin, Germany",-28.167322,159.789677,Storm,Wet,1,0,Reckless Driving
f21df679,3/4/24,23:59,"Paris, France",-79.739229,30.270021,Fog,Snowy,4,5,Reckless Driving
9d3274c9,7/24/24,21:17,"London, UK",29.511456,-155.451561,Hail,Under Construction,4,2,Distracted Driving
0f30e909,1/8/23,1:28,"Tokyo, Japan",52.623604,70.807266,Snow,Dry,2,8,Distracted Driving
140856d2,2/8/23,11:31,"Tokyo, Japan",-62.547722,146.891797,Fog,Icy,2,0,Mechanical Failure
b808cc34,11/28/24,19:15,"Mumbai, India",79.638267,-26.709417,Clear,Wet,4,1,Mechanical Failure
da02992a,7/3/24,5:15,"Mumbai, India",-38.167936,113.138417,Clear,Gravel,2,10,Mechanical Failure
10d58fde,6/27/23,12:44,"London, UK",-16.671364,-81.922412,Fog,Snowy,5,1,Mechanical Failure
ada0c621,7/26/23,9:08,"Berlin, Germany",51.372144,-73.926283,Hail,Gravel,4,10,Distracted Driving
f97db245,10/31/23,23:24,"Toronto, Canada",-65.931814,121.545571,Hail,Gravel,5,8,Distracted Driving
6d3ac262,4/26/23,6:39,"Sydney, Australia",-53.436055,66.621147,Storm,Wet,1,9,Drunk Driving
c65a6ba3,3/2/23,5:52,"London, UK",46.782547,9.91243,Fog,Gravel,3,0,Speeding
39ce4388,5/16/24,3:21,"Tokyo, Japan",-80.580102,139.538649,Hail,Wet,1,4,Mechanical Failure
f7f7720f,1/25/24,20:03,"Paris, France",52.756102,-121.893306,Fog,Snowy,1,2,Reckless Driving
ef65df86,6/13/24,6:33,"Toronto, Canada",-85.133134,55.155186,Snow,Dry,1,5,Distracted Driving
c460f3d4,12/8/23,1:11,"Toronto, Canada",-21.467928,-176.985751,Snow,Wet,1,8,Mechanical Failure
ed9e648b,11/14/23,16:41,"Berlin, Germany",-41.072281,44.497399,Fog,Dry,5,5,Speeding
416e41b5,8/17/23,0:12,"Sydney, Australia",71.075441,-66.202379,Clear,Wet,5,4,Mechanical Failure
f920c05c,3/11/23,16:11,"Sydney, Australia",0.221781,-103.358091,Snow,Under Construction,3,7,Mechanical Failure
6ad11d8c,5/28/24,1:39,"New York, USA",-19.582443,-33.82086,Fog,Icy,2,10,Drunk Driving
bd8c89d6,4/20/23,12:30,"Beijing, China",15.312556,-111.363086,Clear,Icy,1,10,Mechanical Failure
3864a61c,1/16/23,19:46,"New York, USA",12.788138,-125.304417,Storm,Wet,5,9,Weather Conditions
5713fa66,2/16/23,1:40,"Beijing, China",-15.684298,92.138055,Fog,Snowy,1,0,Drunk Driving
f1f1886e,2/6/24,9:07,"Mumbai, India",-43.744609,170.709202,Snow,Snowy,3,7,Reckless Driving
310df491,5/20/24,20:29,"Sydney, Australia",15.011066,27.713035,Hail,Wet,2,3,Reckless Driving
2edfab3a,2/23/24,18:25,"Mumbai, India",-58.931154,-121.308311,Clear,Dry,4,7,Speeding
982e4f3b,11/24/23,15:59,"Tokyo, Japan",-20.529519,99.967034,Fog,Snowy,4,10,Distracted Driving
40d5f72a,4/14/23,14:02,"Toronto, Canada",-45.861945,90.611479,Hail,Under Construction,4,0,Drunk Driving
f8adf975,9/23/24,17:03,"New York, USA",37.152855,17.787267,Fog,Snowy,5,8,Speeding
639dfa8c,11/23/23,20:01,"Mumbai, India",82.375367,-49.997397,Snow,Snowy,4,6,Reckless Driving
e6fdb955,2/25/24,20:09,"Toronto, Canada",-81.972597,149.108263,Fog,Dry,1,9,Drunk Driving
ae21cd1d,6/29/24,4:41,"Berlin, Germany",-31.122654,-45.046162,Clear,Dry,4,2,Weather Conditions
67d8df76,1/15/23,8:58,"Berlin, Germany",-47.803133,-151.258211,Rain,Snowy,5,9,Distracted Driving
8.70E+125,10/4/23,6:18,"Berlin, Germany",40.464784,-24.895405,Clear,Icy,1,1,Reckless Driving
b142f46d,6/10/24,14:45,"Tokyo, Japan",73.022303,74.21061,Storm,Gravel,2,4,Mechanical Failure
306f71bb,7/12/23,2:09,"Berlin, Germany",22.454906,-80.731156,Hail,Wet,3,4,Speeding
2bc708ed,1/31/24,6:15,"New York, USA",-51.988391,-143.935523,Snow,Gravel,5,2,Speeding
34d73045,12/6/23,3:58,"Berlin, Germany",-84.058429,-173.651188,Snow,Icy,3,1,Speeding
d6ef7539,2/2/23,2:57,"Beijing, China",-74.905722,56.011281,Rain,Icy,3,9,Mechanical Failure
c43247ea,9/19/23,23:21,"Tokyo, Japan",-49.706165,-71.590573,Storm,Under Construction,3,0,Speeding
91fa1859,9/15/23,18:21,"Toronto, Canada",-25.004278,134.648609,Snow,Gravel,5,3,Drunk Driving
78f0912a,8/15/24,8:56,"Mumbai, India",79.139181,-55.733993,Snow,Under Construction,4,10,Weather Conditions
b0cbbc4b,4/13/23,12:35,"Mumbai, India",64.78817,-150.79343,Rain,Wet,5,4,Reckless Driving
8b438393,5/29/24,5:46,"Tokyo, Japan",32.709135,110.307932,Clear,Gravel,3,6,Mechanical Failure
c93dbb67,4/12/23,3:03,"New York, USA",-43.994415,0.758121,Rain,Wet,4,1,Weather Conditions
94499400,9/6/24,21:22,"Mumbai, India",-73.584817,-174.212216,Fog,Wet,2,10,Distracted Driving
6d63b3d2,7/13/24,19:53,"London, UK",-73.012617,-179.961984,Storm,Icy,4,1,Distracted Driving
e1fc041a,1/12/23,7:59,"Tokyo, Japan",64.574505,111.967173,Rain,Dry,5,4,Reckless Driving
37142493,6/12/24,9:36,"Beijing, China",31.865085,-138.863195,Hail,Icy,2,7,Distracted Driving
2fd254d9,8/28/23,9:18,"Sydney, Australia",71.923843,10.331627,Clear,Under Construction,4,1,Distracted Driving
76a8ed36,9/12/23,19:38,"London, UK",-46.39433,164.843264,Hail,Under Construction,5,2,Mechanical Failure
154a9996,1/19/23,0:34,"London, UK",-43.306891,151.166915,Storm,Dry,4,4,Mechanical Failure
a890c7b4,3/14/24,23:30,"Paris, France",9.01672,91.860868,Clear,Icy,2,8,Drunk Driving
ea0bcf0b,6/1/23,3:44,"Beijing, China",42.238176,48.445258,Fog,Wet,3,7,Mechanical Failure
0b726a97,10/30/23,12:53,"London, UK",-3.639728,13.852563,Fog,Dry,4,8,Distracted Driving
2ba4d1c4,9/3/24,10:37,"Mumbai, India",-78.403889,-175.384777,Rain,Wet,5,1,Weather Conditions
970a19cc,10/26/23,5:07,"New York, USA",-59.656074,75.801396,Clear,Gravel,2,0,Weather Conditions
651ab64d,6/2/24,0:57,"Berlin, Germany",-4.643398,-178.938579,Rain,Gravel,5,3,Mechanical Failure
79a6be01,1/28/24,8:28,"Beijing, China",8.976879,-64.335329,Clear,Dry,4,3,Distracted Driving
1468575f,8/16/23,9:39,"Paris, France",-78.711292,-130.40772,Fog,Under Construction,5,9,Drunk Driving
b6e2e535,5/2/24,23:31,"Sydney, Australia",21.994817,146.81686,Storm,Dry,1,5,Weather Conditions
61137389,6/23/23,1:45,"Tokyo, Japan",-58.025506,123.335814,Rain,Under Construction,4,2,Reckless Driving
6777746c,2/24/23,3:21,"Berlin, Germany",58.328411,179.430257,Hail,Wet,2,0,Reckless Driving
7d553a2a,12/11/24,4:51,"Beijing, China",-71.211643,-132.927369,Rain,Gravel,3,10,Reckless Driving
094bc508,10/14/23,20:01,"Paris, France",65.807158,110.477842,Fog,Icy,1,7,Weather Conditions
4b5abff1,3/24/24,3:17,"Toronto, Canada",-72.093064,-7.161588,Fog,Gravel,2,0,Speeding
e7f3d52d,2/19/23,22:46,"London, UK",-32.919137,-111.830611,Clear,Dry,1,10,Mechanical Failure
61d25eab,5/14/24,10:33,"Paris, France",-34.411374,-99.456633,Fog,Gravel,1,4,Drunk Driving
996b1c37,6/29/24,11:53,"Paris, France",87.41392,-6.919522,Clear,Dry,3,3,Distracted Driving
4c313265,10/5/24,7:01,"Tokyo, Japan",10.117034,82.246482,Storm,Under Construction,5,5,Reckless Driving
03fc7e72,12/16/23,18:47,"London, UK",-34.74583,164.977957,Rain,Icy,2,3,Drunk Driving
59a25bef,3/15/23,19:57,"Paris, France",-87.176759,28.281023,Clear,Gravel,2,0,Drunk Driving
8ef953df,3/17/23,15:10,"Paris, France",81.103872,170.347974,Rain,Snowy,3,7,Reckless Driving
643be0f5,1/13/24,2:41,"London, UK",47.866398,-96.722071,Clear,Icy,5,5,Distracted Driving
6ff25b6e,12/19/24,1:32,"Tokyo, Japan",-73.883612,-13.849864,Clear,Dry,5,9,Reckless Driving
1df5b36a,12/3/23,2:54,"Sydney, Australia",-51.055691,21.743521,Clear,Wet,4,0,Weather Conditions
039862b6,3/18/24,8:15,"Mumbai, India",-85.638286,-41.811219,Storm,Dry,3,8,Weather Conditions
04a4eb8b,3/11/24,10:54,"Tokyo, Japan",-65.017696,-171.141803,Hail,Gravel,4,10,Speeding
dddaf2dc,3/4/24,13:56,"Tokyo, Japan",-50.725253,-166.925876,Snow,Snowy,5,8,Distracted Driving
bbb497ee,6/20/24,8:42,"Beijing, China",69.725432,-151.447704,Rain,Icy,3,9,Mechanical Failure
8d5e7201,5/31/23,19:43,"Tokyo, Japan",39.558497,-98.220794,Storm,Gravel,5,5,Reckless Driving
44af52ed,2/11/23,14:16,"Mumbai, India",-56.739111,13.348466,Fog,Dry,3,7,Weather Conditions
b9a22e19,2/19/23,16:49,"Berlin, Germany",63.818718,22.404837,Rain,Snowy,3,1,Mechanical Failure
878a861b,3/25/23,5:54,"Beijing, China",-87.995547,-45.502034,Snow,Wet,2,8,Mechanical Failure
4e1fc046,3/4/24,15:56,"Tokyo, Japan",14.904491,158.418111,Fog,Dry,5,1,Speeding
bea395b2,8/13/24,20:19,"London, UK",75.094476,144.068666,Clear,Snowy,2,6,Mechanical Failure
7f02a795,12/24/23,3:53,"Beijing, China",-46.544094,-13.332395,Storm,Dry,3,10,Reckless Driving
6ac5c7fd,5/5/24,2:17,"Mumbai, India",8.792534,150.701781,Snow,Snowy,5,7,Mechanical Failure
cfad22ea,5/27/23,23:25,"Toronto, Canada",-25.948738,117.114699,Rain,Gravel,3,4,Weather Conditions
a3d5a44a,12/20/24,7:54,"Beijing, China",-42.213604,-81.616086,Rain,Under Construction,3,4,Weather Conditions
e364c100,10/13/24,22:00,"Tokyo, Japan",27.042818,-145.34172,Hail,Dry,2,4,Reckless Driving
605855de,6/11/24,18:02,"Beijing, China",-7.613309,-111.24388,Snow,Icy,4,10,Speeding
80658271,5/30/23,19:39,"Toronto, Canada",36.065623,-121.929694,Fog,Under Construction,3,3,Speeding
167b07c1,7/20/24,21:08,"Beijing, China",6.0021,-22.446718,Clear,Snowy,1,0,Weather Conditions
66e263f5,5/3/24,19:31,"Beijing, China",-46.429948,52.112044,Rain,Dry,4,2,Distracted Driving
3549a132,5/23/24,18:34,"Toronto, Canada",56.22423,-67.890714,Hail,Dry,4,0,Drunk Driving
0b0e4105,6/10/23,11:23,"Mumbai, India",-21.372698,54.802784,Storm,Gravel,5,1,Distracted Driving
ae6f7adb,12/5/24,6:48,"New York, USA",-83.275606,48.72755,Clear,Icy,4,0,Weather Conditions
c67ecfde,2/22/24,19:37,"Paris, France",-19.993629,21.591681,Clear,Snowy,4,0,Reckless Driving
68d10ae7,12/7/23,12:32,"Sydney, Australia",-46.290805,-93.14821,Hail,Snowy,3,5,Speeding
ec4cc487,11/2/24,0:19,"Mumbai, India",32.430627,-11.52422,Clear,Under Construction,2,5,Speeding
43efe6d0,11/30/23,7:14,"Tokyo, Japan",50.750903,46.634139,Hail,Under Construction,4,6,Reckless Driving
6c7d8579,8/26/24,16:27,"Mumbai, India",76.08031,59.884934,Rain,Snowy,1,0,Speeding
53abe235,7/7/24,22:00,"London, UK",3.42031,30.434811,Hail,Snowy,4,1,Reckless Driving
4b7a236b,3/26/24,22:24,"Mumbai, India",-59.690449,-46.419472,Hail,Under Construction,4,8,Speeding
bd2526a5,5/5/24,13:43,"Paris, France",-20.119091,18.160296,Hail,Dry,2,9,Distracted Driving
d833bf78,8/9/24,23:37,"Mumbai, India",-63.124757,-130.489834,Storm,Dry,3,5,Mechanical Failure
9745795a,3/22/24,21:31,"Beijing, China",-58.897188,93.509788,Hail,Under Construction,2,0,Weather Conditions
9319d230,9/30/24,17:47,"Tokyo, Japan",86.298439,-101.518325,Hail,Dry,1,1,Speeding
f956e569,1/11/23,0:30,"Sydney, Australia",-43.426618,-132.218467,Storm,Gravel,4,0,Weather Conditions
8b5d3e0b,12/9/23,0:10,"Berlin, Germany",-21.054052,81.147545,Clear,Gravel,3,4,Drunk Driving
29fe97a6,6/4/23,16:03,"Beijing, China",31.062102,14.195809,Fog,Wet,3,6,Reckless Driving
88fe4904,4/13/24,11:00,"Tokyo, Japan",18.237914,-89.819106,Snow,Gravel,2,8,Drunk Driving
1a63ddf7,5/31/23,3:24,"London, UK",-17.761569,-34.567743,Hail,Snowy,5,1,Reckless Driving
3d35af1b,4/20/24,15:24,"Berlin, Germany",-66.507826,-35.574013,Clear,Dry,5,5,Weather Conditions
7ab3e333,6/15/24,3:42,"Sydney, Australia",-63.322806,-107.633314,Fog,Icy,4,8,Distracted Driving
18551490,5/21/24,5:44,"Toronto, Canada",-39.600097,113.999902,Storm,Icy,4,10,Drunk Driving
f52e92a1,7/23/23,18:56,"Paris, France",11.167055,-120.726966,Storm,Wet,3,9,Drunk Driving
7d5aea38,5/15/24,13:17,"Paris, France",36.676014,-120.1728,Snow,Dry,1,7,Distracted Driving
f22d8c49,9/12/23,22:49,"Sydney, Australia",-36.733165,-113.843909,Fog,Wet,1,3,Drunk Driving
e1298054,12/23/24,20:50,"Sydney, Australia",49.542246,-133.303106,Hail,Icy,2,6,Speeding
b6dcb58d,11/19/24,21:05,"Tokyo, Japan",-43.75877,145.109435,Snow,Gravel,1,1,Speeding
11e2b3e3,2/4/23,10:19,"Paris, France",-33.18732,-129.955747,Snow,Under Construction,5,0,Reckless Driving
b8aecb71,7/7/24,18:20,"Mumbai, India",-52.498706,85.448483,Storm,Icy,1,5,Drunk Driving
3cb41b37,4/1/23,9:23,"Tokyo, Japan",-67.663494,-162.343681,Clear,Icy,2,4,Drunk Driving
e28fdcc7,5/10/24,18:53,"Tokyo, Japan",-67.165193,48.914929,Rain,Gravel,1,1,Mechanical Failure
36c0a853,12/15/24,11:38,"Beijing, China",-59.134747,154.676051,Storm,Gravel,5,2,Mechanical Failure
7eb94238,11/4/23,18:58,"Sydney, Australia",57.25944,-152.294563,Fog,Wet,4,3,Speeding
393e8557,11/25/23,13:34,"Toronto, Canada",-25.536287,58.783452,Rain,Icy,3,6,Mechanical Failure
3b00cfa9,4/20/24,6:14,"Tokyo, Japan",-30.090143,-46.363622,Hail,Snowy,1,4,Weather Conditions
801ea9fb,3/21/24,16:45,"Paris, France",27.998395,137.200081,Storm,Dry,4,10,Mechanical Failure
93d668ff,11/17/24,10:02,"Sydney, Australia",-43.91155,-94.932931,Rain,Icy,3,6,Drunk Driving
bd813cb3,12/25/24,19:42,"Tokyo, Japan",-59.590166,138.030595,Hail,Icy,2,0,Speeding
2509c5ea,11/29/24,4:18,"Berlin, Germany",-7.420586,37.44026,Snow,Under Construction,2,1,Speeding
2efe0f42,3/15/24,23:01,"Sydney, Australia",5.028278,-178.571637,Rain,Icy,2,10,Distracted Driving
c6297a57,5/6/24,15:26,"New York, USA",85.570363,107.284282,Snow,Dry,5,3,Distracted Driving
7f6adbef,11/23/23,6:08,"Berlin, Germany",-48.288896,-88.181919,Snow,Wet,3,1,Weather Conditions
845c419c,12/8/24,7:22,"Toronto, Canada",51.813188,10.830359,Snow,Dry,4,6,Mechanical Failure
5009ceef,3/17/23,8:52,"New York, USA",46.72814,-147.555179,Storm,Dry,2,0,Mechanical Failure
47cb84b4,9/5/23,10:13,"Beijing, China",-20.647745,73.9127,Snow,Under Construction,3,8,Distracted Driving
39ea5a84,9/22/24,19:17,"London, UK",-37.14121,31.822001,Clear,Under Construction,2,7,Weather Conditions
a3aa468c,10/26/23,1:38,"Sydney, Australia",-87.176834,-43.543421,Hail,Snowy,3,5,Distracted Driving
8c15c9c1,9/17/23,3:27,"Sydney, Australia",81.958456,-6.504655,Fog,Under Construction,2,3,Mechanical Failure
b1cdf33a,7/26/24,10:01,"Toronto, Canada",-10.321783,-151.656236,Rain,Wet,5,5,Speeding
45bfbfda,3/30/23,17:30,"New York, USA",16.285698,48.792342,Clear,Snowy,2,0,Weather Conditions
74faf452,2/18/24,3:24,"Sydney, Australia",38.097106,-54.101658,Snow,Wet,2,3,Weather Conditions
8b03f891,1/4/23,8:00,"Sydney, Australia",-49.719744,-165.638519,Snow,Wet,2,10,Weather Conditions
923b88fc,7/5/24,12:03,"New York, USA",-35.13555,-38.940254,Hail,Icy,1,8,Drunk Driving
2732f471,4/21/24,22:05,"Beijing, China",70.653714,-164.522296,Storm,Gravel,5,10,Speeding
30367af5,4/20/23,0:18,"Paris, France",-69.945181,55.451671,Storm,Under Construction,3,3,Speeding
1d4fc418,12/21/24,14:11,"London, UK",-64.797274,-104.492087,Rain,Gravel,1,1,Distracted Driving
2d4785e3,12/1/23,7:12,"Tokyo, Japan",-4.988016,-55.364333,Fog,Gravel,4,8,Reckless Driving
c8b9c859,12/16/23,5:54,"Beijing, China",-59.242044,-3.215676,Hail,Snowy,3,6,Distracted Driving
66e55caf,6/15/24,3:49,"Sydney, Australia",-20.077172,-170.140802,Storm,Snowy,2,8,Reckless Driving
6c29f07b,2/24/24,6:44,"Paris, France",46.874525,163.490704,Fog,Wet,1,8,Distracted Driving
e25fcb60,8/17/24,17:08,"Berlin, Germany",-4.403752,58.802041,Hail,Dry,1,0,Speeding
a59b0e15,7/9/24,0:07,"Tokyo, Japan",-20.055348,4.714959,Snow,Gravel,1,5,Weather Conditions
e7839879,4/27/23,15:13,"New York, USA",44.561159,150.849704,Hail,Dry,5,3,Weather Conditions
23ce16b1,11/5/23,7:49,"Berlin, Germany",-70.964327,-33.092443,Fog,Gravel,3,10,Reckless Driving
70f075ba,4/14/23,10:54,"Beijing, China",-28.75873,169.915373,Clear,Dry,5,6,Drunk Driving
826a2855,12/8/24,10:31,"Mumbai, India",-35.637539,154.821132,Storm,Icy,2,0,Distracted Driving
db86374c,4/24/23,17:57,"Beijing, China",77.442066,-5.918826,Clear,Snowy,1,9,Reckless Driving
a020e0af,1/10/23,18:53,"London, UK",-9.489961,-129.321111,Fog,Under Construction,1,7,Reckless Driving
dffa4093,1/7/23,12:46,"Sydney, Australia",-59.134919,-131.202956,Snow,Icy,5,6,Mechanical Failure
8e3f356d,3/25/24,19:21,"New York, USA",-57.070001,-12.775947,Fog,Gravel,3,2,Drunk Driving
2ab73978,1/13/24,14:07,"Beijing, China",-44.981871,-170.261659,Fog,Icy,1,1,Speeding
9e7de880,5/27/23,14:07,"Sydney, Australia",14.260167,109.620579,Storm,Icy,3,4,Reckless Driving
486eb55b,9/22/23,0:47,"Berlin, Germany",81.326911,-27.031078,Fog,Icy,2,10,Weather Conditions
49eb94cc,11/15/23,9:39,"Sydney, Australia",27.5854,50.111255,Rain,Dry,2,9,Mechanical Failure
a3e8695e,9/25/23,2:56,"Toronto, Canada",76.63776,59.739845,Hail,Dry,1,7,Mechanical Failure
d3ea4ba2,5/5/24,19:23,"Tokyo, Japan",-27.922629,-92.375159,Storm,Icy,2,9,Weather Conditions
58ef9d19,3/27/24,8:30,"Mumbai, India",-78.820974,-78.912545,Snow,Snowy,3,8,Drunk Driving
97f1bcbe,5/12/23,3:17,"Mumbai, India",49.459105,-102.090691,Clear,Under Construction,3,3,Mechanical Failure
afa0b82d,12/11/24,22:18,"Mumbai, India",-4.581564,-50.091496,Snow,Icy,4,0,Weather Conditions
4ac14dd5,12/24/23,0:36,"Beijing, China",-49.580511,-93.844252,Rain,Gravel,4,3,Distracted Driving
549f7921,8/27/23,1:16,"Toronto, Canada",75.698693,170.79952,Rain,Snowy,1,7,Reckless Driving
34e3310d,2/15/24,6:29,"Toronto, Canada",-1.035137,-130.349882,Snow,Wet,4,6,Distracted Driving
abb90ac7,1/23/24,1:18,"Paris, France",-44.353516,-96.246837,Storm,Dry,3,2,Mechanical Failure
4f0387c6,3/21/23,11:49,"Mumbai, India",32.678075,-133.059928,Rain,Snowy,4,8,Speeding
f65570e6,4/1/24,9:40,"Tokyo, Japan",82.824044,176.723507,Snow,Icy,3,2,Drunk Driving
39916805,9/6/23,15:08,"Paris, France",-85.304098,69.059017,Hail,Snowy,5,1,Distracted Driving
b3b2aa21,3/25/24,2:47,"Berlin, Germany",-68.956139,41.315145,Snow,Dry,3,2,Distracted Driving
458ace2b,4/19/24,19:14,"Sydney, Australia",50.425147,-76.802197,Fog,Dry,3,3,Distracted Driving
e4e206fe,1/2/24,0:21,"Beijing, China",-24.25301,-58.315352,Fog,Icy,4,0,Weather Conditions
3299f61e,7/17/23,5:11,"Mumbai, India",-7.947594,-35.812949,Hail,Gravel,1,1,Drunk Driving
be8705da,1/2/24,12:36,"Beijing, China",-3.494321,-135.88465,Snow,Dry,4,5,Weather Conditions
7d02fe3d,8/18/23,17:27,"New York, USA",-23.420914,-130.710258,Fog,Wet,5,8,Speeding
dbd127e5,5/16/23,11:47,"Paris, France",44.132924,-14.342939,Hail,Gravel,2,9,Speeding
a44e85c3,7/15/24,1:04,"Mumbai, India",-42.392962,15.261321,Storm,Under Construction,1,3,Mechanical Failure
23a26afc,2/25/23,9:03,"Sydney, Australia",-32.512706,94.819039,Clear,Dry,1,1,Mechanical Failure
6d2fcdef,8/14/24,13:51,"Paris, France",87.743654,96.030912,Snow,Dry,3,8,Distracted Driving
1e88f183,6/26/23,18:11,"Mumbai, India",-11.408193,57.720682,Storm,Snowy,5,2,Speeding
b7af5306,12/12/23,21:49,"Toronto, Canada",38.975756,-151.445309,Snow,Gravel,3,5,Reckless Driving
27d2a22a,12/15/23,14:20,"Beijing, China",-73.234772,-138.011068,Clear,Wet,2,10,Drunk Driving
a25d6c1f,10/31/23,12:28,"Paris, France",-53.067278,59.208333,Storm,Icy,1,1,Drunk Driving
c9619c43,1/6/23,13:45,"Beijing, China",79.614861,177.457304,Rain,Snowy,5,8,Reckless Driving
54182a54,8/23/23,14:38,"Sydney, Australia",54.696255,-177.111507,Rain,Icy,1,7,Distracted Driving
82dac297,8/4/23,3:45,"Beijing, China",-24.616201,24.184121,Snow,Wet,5,4,Drunk Driving
55c5596a,8/6/23,17:51,"Beijing, China",-16.800608,146.513639,Rain,Under Construction,4,8,Weather Conditions
a0441870,4/18/24,0:53,"Beijing, China",-49.821421,-38.574745,Storm,Wet,2,3,Weather Conditions
21cce2ab,2/21/23,13:29,"London, UK",-50.870879,-140.688889,Storm,Under Construction,3,3,Weather Conditions
a40a55a8,9/17/24,6:45,"Tokyo, Japan",87.449529,58.642366,Hail,Dry,4,0,Reckless Driving
8649c9d8,8/14/24,5:34,"Berlin, Germany",-85.710398,79.69147,Fog,Icy,3,2,Weather Conditions
d0b3259d,10/10/23,21:54,"Beijing, China",52.757496,165.987172,Fog,Dry,1,3,Weather Conditions
44cc30ce,1/3/23,19:42,"Beijing, China",69.254907,33.948198,Storm,Under Construction,4,8,Mechanical Failure
264702b5,3/6/23,6:30,"Beijing, China",-70.335893,-117.478668,Rain,Snowy,1,0,Distracted Driving
ee9cc318,7/6/23,15:00,"Tokyo, Japan",46.108262,98.693082,Hail,Dry,2,5,Distracted Driving
85cc5018,12/14/23,4:35,"Paris, France",-67.632875,168.231002,Fog,Snowy,2,1,Weather Conditions
c3e2fb06,8/13/23,16:38,"New York, USA",-24.598845,63.569368,Rain,Wet,1,5,Mechanical Failure
055294fc,5/22/24,5:55,"Sydney, Australia",-58.801253,62.80752,Storm,Snowy,1,2,Distracted Driving
06c1eeb3,3/17/23,20:13,"Paris, France",89.802441,139.960206,Clear,Under Construction,5,3,Distracted Driving
67733a6b,10/11/23,18:19,"Berlin, Germany",-11.690089,-99.175335,Fog,Under Construction,4,10,Weather Conditions
87ebf315,5/21/24,7:22,"Tokyo, Japan",44.403237,-130.74092,Clear,Wet,2,9,Drunk Driving
c22acd5e,9/3/24,22:31,"Berlin, Germany",-54.039037,76.879802,Clear,Dry,5,1,Speeding
2fc7be1c,8/25/24,19:41,"Tokyo, Japan",31.454023,103.497695,Fog,Wet,3,3,Reckless Driving
62c4cfe3,7/8/24,23:51,"New York, USA",-39.096074,95.776182,Fog,Wet,2,6,Drunk Driving
5bb14c52,2/5/23,7:11,"Mumbai, India",67.629844,36.216083,Storm,Gravel,5,7,Mechanical Failure
a46add79,6/19/24,9:00,"Mumbai, India",13.302427,-159.351245,Snow,Snowy,1,1,Distracted Driving
55bb0cf3,5/1/23,12:50,"Paris, France",-14.550749,-80.153477,Fog,Snowy,1,4,Mechanical Failure
53aef089,4/19/23,14:57,"Beijing, China",-3.329107,112.626382,Hail,Dry,2,4,Speeding
97ef69b9,2/15/23,10:00,"London, UK",-52.246862,135.170108,Fog,Snowy,3,9,Distracted Driving
049a5c86,10/24/23,6:28,"Berlin, Germany",-61.674266,-5.947841,Rain,Under Construction,1,3,Reckless Driving
5bf2105d,3/24/23,21:49,"New York, USA",-2.25009,-134.715346,Fog,Under Construction,5,7,Mechanical Failure
8592e8bb,1/20/24,5:41,"Paris, France",-18.880884,-153.863011,Rain,Wet,2,5,Drunk Driving
778057db,11/6/23,6:28,"Mumbai, India",-57.374196,88.1175,Fog,Snowy,2,2,Reckless Driving
af3884b0,9/11/23,9:41,"London, UK",67.339061,-0.622147,Fog,Wet,5,10,Distracted Driving
e26c43ea,3/23/24,11:55,"Berlin, Germany",81.53723,16.080182,Clear,Under Construction,4,0,Speeding
03187a3f,9/27/24,1:30,"Berlin, Germany",-43.183485,152.756023,Storm,Wet,4,8,Reckless Driving
c7225cd4,2/11/23,2:46,"London, UK",-42.552533,-66.604526,Snow,Snowy,3,5,Speeding
a74c856f,5/5/24,18:09,"Toronto, Canada",-51.484554,-148.004429,Rain,Under Construction,3,7,Distracted Driving
1c6a1578,12/16/23,15:35,"Berlin, Germany",-35.287476,-159.855736,Storm,Icy,1,1,Reckless Driving
92f99271,4/28/24,16:24,"New York, USA",61.584992,67.403399,Storm,Snowy,1,7,Weather Conditions
35446963,7/25/24,19:21,"Tokyo, Japan",-55.210554,170.274339,Fog,Under Construction,1,2,Drunk Driving
ef6ea2a8,2/6/24,6:30,"Toronto, Canada",-16.534089,-62.188428,Storm,Wet,4,9,Weather Conditions
d4122054,5/28/23,15:47,"Mumbai, India",-78.044794,72.88448,Hail,Dry,3,4,Mechanical Failure
5c9b4882,6/7/23,2:17,"Tokyo, Japan",-88.733778,-167.023267,Storm,Under Construction,4,4,Distracted Driving
64bf418a,2/14/23,4:56,"Mumbai, India",41.045981,-62.611657,Rain,Wet,1,8,Speeding
e3c68131,10/22/23,17:15,"Berlin, Germany",-17.414333,-69.72011,Fog,Under Construction,1,6,Weather Conditions
8897d1a6,4/6/24,21:03,"Berlin, Germany",-13.080782,160.58913,Storm,Snowy,4,4,Distracted Driving
9478f843,8/20/24,17:29,"London, UK",-49.862405,39.481119,Storm,Icy,1,3,Reckless Driving
e4114489,6/4/24,3:07,"Beijing, China",79.18437,-88.877827,Storm,Gravel,2,0,Speeding
e0e8c6ee,2/12/24,17:46,"Toronto, Canada",-51.695981,5.746237,Rain,Under Construction,1,4,Reckless Driving
983f98e0,3/16/24,14:09,"Tokyo, Japan",-20.892747,156.92125,Rain,Dry,4,5,Mechanical Failure
86fc82c7,6/19/23,18:56,"New York, USA",58.405617,-165.420192,Fog,Gravel,2,3,Distracted Driving
4d0382f5,7/3/23,4:49,"Mumbai, India",2.033323,-154.359958,Clear,Gravel,5,5,Speeding
c0553c11,11/19/23,0:46,"Mumbai, India",16.312464,149.96504,Hail,Wet,5,7,Mechanical Failure
7a7b8bb8,5/25/24,2:05,"Tokyo, Japan",3.680034,124.148315,Fog,Under Construction,1,7,Drunk Driving
8692913a,9/29/23,16:02,"Sydney, Australia",29.306523,5.545111,Clear,Dry,5,0,Mechanical Failure
29bc60d9,6/8/24,3:00,"New York, USA",44.518094,-172.257937,Rain,Gravel,4,1,Drunk Driving
0dc5c62c,10/26/24,0:38,"Mumbai, India",1.967893,133.566103,Clear,Icy,4,6,Drunk Driving
19a9813f,6/28/24,23:05,"Beijing, China",79.378763,64.046389,Rain,Icy,3,6,Speeding
56816786,8/21/24,2:47,"Berlin, Germany",61.129131,6.531842,Snow,Snowy,3,3,Drunk Driving
cb56ab26,1/29/23,13:23,"London, UK",-70.300113,15.779701,Clear,Dry,3,8,Weather Conditions
170fdf17,9/19/23,12:58,"Berlin, Germany",59.815247,72.576776,Clear,Gravel,2,10,Reckless Driving
3f3dc33f,11/8/24,4:13,"London, UK",12.233562,124.332002,Storm,Dry,4,8,Weather Conditions
e1199d78,9/6/23,2:23,"Paris, France",23.611793,137.238462,Snow,Under Construction,2,9,Drunk Driving
ac6e80ea,7/4/24,14:28,"Paris, France",-53.415172,146.290687,Hail,Dry,3,10,Mechanical Failure
a1866e87,9/9/24,1:44,"Beijing, China",57.106837,-2.893092,Hail,Dry,3,3,Weather Conditions
86232457,3/5/23,8:16,"Sydney, Australia",-40.519939,63.360364,Hail,Dry,3,9,Speeding
b6c959f5,6/2/23,12:18,"Paris, France",-68.254698,35.905607,Snow,Gravel,3,10,Mechanical Failure
69ac1108,8/25/24,5:01,"Tokyo, Japan",27.111727,-105.686808,Hail,Gravel,2,7,Reckless Driving
51a9155f,9/8/23,15:28,"London, UK",19.784027,140.3347,Clear,Dry,2,8,Drunk Driving
9fe9e50e,6/25/24,4:01,"Mumbai, India",-49.204233,62.37806,Storm,Dry,4,9,Drunk Driving
9b647467,10/22/24,21:55,"London, UK",15.456341,66.570531,Storm,Dry,3,8,Speeding
1c87b544,2/19/23,6:29,"Beijing, China",40.667915,126.392269,Fog,Icy,2,5,Distracted Driving
d08edc7b,4/1/24,20:54,"London, UK",-2.222341,122.070133,Storm,Dry,2,3,Reckless Driving
43e4b57a,11/14/24,3:16,"Tokyo, Japan",66.939209,-26.357268,Hail,Wet,5,9,Drunk Driving
2bf23ae2,5/26/24,22:35,"Berlin, Germany",22.609517,151.835162,Storm,Icy,3,0,Drunk Driving
6a8d5aa8,2/4/24,3:11,"Berlin, Germany",-13.24611,-96.933777,Hail,Wet,3,2,Mechanical Failure
922eb136,3/25/23,0:41,"New York, USA",-44.947246,123.254452,Rain,Under Construction,4,8,Drunk Driving
421362a7,2/10/23,20:11,"Beijing, China",87.653353,71.574179,Storm,Under Construction,5,7,Drunk Driving
88abe802,2/15/23,20:32,"Berlin, Germany",-49.60291,112.892161,Fog,Dry,4,9,Mechanical Failure
cdddd0d4,5/2/23,13:48,"Paris, France",64.244215,42.330175,Storm,Wet,4,4,Distracted Driving
5786a18f,4/7/23,6:29,"London, UK",-84.646291,-88.919445,Clear,Wet,2,5,Distracted Driving
a437ac81,9/17/23,0:38,"Tokyo, Japan",-1.74532,29.191247,Storm,Snowy,2,9,Speeding
3a7887d4,1/17/24,18:45,"Berlin, Germany",23.90008,-169.517626,Clear,Gravel,3,2,Mechanical Failure
816da879,8/29/23,18:58,"Paris, France",-66.838425,36.031414,Hail,Under Construction,2,0,Drunk Driving
fc88b7e6,2/21/24,14:31,"Toronto, Canada",-25.808163,-93.578902,Rain,Icy,1,6,Distracted Driving
6b17fea9,12/9/23,0:07,"Toronto, Canada",-14.782531,149.980168,Fog,Wet,5,2,Weather Conditions
7a77b971,3/5/24,5:28,"New York, USA",44.675749,-7.26932,Storm,Gravel,5,9,Drunk Driving
6437b8cb,3/21/23,17:17,"Berlin, Germany",86.454819,69.586029,Storm,Under Construction,2,5,Reckless Driving
526ddfcd,5/6/23,0:28,"London, UK",-64.351663,-62.752119,Clear,Dry,2,10,Reckless Driving
ea729cb4,6/16/23,23:43,"Mumbai, India",76.578636,-138.413901,Clear,Gravel,3,10,Weather Conditions
89410ebd,10/18/24,19:07,"New York, USA",-2.950836,-98.757488,Fog,Snowy,1,2,Drunk Driving
d796615f,8/8/24,10:06,"London, UK",-0.53436,64.691462,Hail,Dry,2,4,Distracted Driving
8e8df78c,6/6/24,13:31,"Beijing, China",-1.348231,-19.907698,Storm,Dry,1,1,Speeding
ab34605c,8/2/23,1:00,"Berlin, Germany",70.363212,85.931366,Rain,Wet,5,7,Mechanical Failure
cf6804a2,11/10/24,11:13,"New York, USA",-55.634472,133.964489,Snow,Gravel,4,10,Drunk Driving
13bc4c21,3/1/23,15:26,"Beijing, China",86.801167,-55.340117,Rain,Snowy,1,3,Weather Conditions
cf55436d,5/14/24,2:20,"Sydney, Australia",-20.860134,-102.543341,Fog,Icy,4,9,Reckless Driving
bc65e171,6/15/24,9:21,"Sydney, Australia",47.847869,166.856689,Clear,Dry,1,8,Reckless Driving
970cee19,8/11/23,0:01,"London, UK",-80.559617,121.212966,Storm,Under Construction,1,6,Drunk Driving
2ad2c83f,7/22/23,8:05,"Mumbai, India",75.703259,-51.538558,Storm,Snowy,5,3,Distracted Driving
defbb0c5,8/25/24,9:41,"Paris, France",-75.881914,-23.346235,Rain,Under Construction,5,3,Speeding
19d4cd8c,4/23/23,11:44,"London, UK",-36.648979,-125.729246,Snow,Snowy,2,4,Speeding
51144ca9,1/31/23,8:50,"Tokyo, Japan",52.354283,-103.703103,Fog,Icy,1,8,Distracted Driving
02f1347c,2/8/23,15:14,"Berlin, Germany",-31.435371,105.139491,Hail,Dry,5,8,Weather Conditions
5aab0a17,2/5/24,15:25,"Mumbai, India",-47.961874,-72.324682,Rain,Wet,2,2,Distracted Driving
ecc2978b,11/24/23,2:51,"Sydney, Australia",14.988492,118.689172,Fog,Under Construction,2,5,Reckless Driving
6f4901fd,5/24/23,2:39,"Beijing, China",-69.692209,-69.382661,Snow,Icy,3,5,Distracted Driving
a3640791,3/7/23,7:02,"Mumbai, India",69.395861,-94.319914,Hail,Under Construction,5,8,Reckless Driving
c3689da2,2/27/23,18:43,"Tokyo, Japan",27.034347,-33.400333,Storm,Gravel,1,10,Distracted Driving
a6d68b3a,10/28/24,19:21,"London, UK",58.483693,-38.96442,Fog,Wet,4,6,Mechanical Failure
7afdd0ba,2/18/23,18:36,"London, UK",84.582571,159.472615,Clear,Dry,2,5,Distracted Driving
82e4cae0,9/2/24,7:18,"Mumbai, India",-17.820159,-88.895616,Rain,Wet,4,10,Weather Conditions
e46c5765,4/23/24,20:50,"Beijing, China",-89.886522,10.54164,Clear,Dry,3,2,Drunk Driving
dfb892af,9/8/23,23:52,"Sydney, Australia",34.072979,-42.749822,Clear,Gravel,2,6,Distracted Driving
ed7c4993,7/27/24,19:19,"Berlin, Germany",65.52035,159.862872,Rain,Under Construction,2,2,Mechanical Failure
cf367ec3,8/7/24,8:23,"Sydney, Australia",-16.347975,16.710017,Fog,Gravel,3,6,Drunk Driving
a8d2dc49,5/5/24,16:06,"Berlin, Germany",-49.084553,-68.072402,Fog,Wet,2,9,Distracted Driving
ec62bf19,2/4/23,19:17,"Mumbai, India",6.790963,-120.244587,Hail,Dry,2,4,Weather Conditions
a8f30836,1/25/23,18:33,"London, UK",-84.726791,141.784693,Clear,Icy,4,5,Drunk Driving
2365cd5a,6/5/23,6:11,"Tokyo, Japan",-15.237534,27.665756,Fog,Gravel,3,3,Mechanical Failure
199926b8,9/9/24,11:21,"Berlin, Germany",54.148981,-104.692151,Snow,Under Construction,3,1,Distracted Driving
e265559d,8/15/24,3:08,"Sydney, Australia",51.607877,37.735743,Snow,Wet,1,8,Reckless Driving
2be6f749,8/29/24,8:33,"Tokyo, Japan",88.009832,-112.737121,Rain,Dry,3,10,Mechanical Failure
6404b9ea,6/17/24,15:05,"New York, USA",-33.217008,1.044375,Fog,Dry,5,0,Drunk Driving
c7a3b1c2,12/5/24,4:43,"Paris, France",-26.757421,93.104887,Clear,Snowy,2,0,Distracted Driving
cf9412a4,9/25/24,14:38,"Tokyo, Japan",83.635641,-60.386234,Storm,Icy,3,10,Weather Conditions
9b6d3ebf,7/19/24,0:05,"New York, USA",30.209754,167.462854,Hail,Gravel,5,5,Speeding
5e4746f7,4/20/23,2:46,"Tokyo, Japan",40.011839,22.620827,Clear,Gravel,2,10,Distracted Driving
1748cf5d,1/24/24,20:33,"Tokyo, Japan",48.822841,65.544832,Snow,Under Construction,3,4,Reckless Driving
64453b61,2/28/23,16:03,"New York, USA",-18.60722,-123.132262,Fog,Gravel,4,1,Speeding
4bd5bc0d,9/17/24,21:30,"Toronto, Canada",-78.130038,-87.449208,Hail,Icy,5,4,Distracted Driving
37bd2739,5/26/24,17:36,"Mumbai, India",35.33109,13.710417,Clear,Icy,3,0,Distracted Driving
4e6b3ee2,3/25/23,1:49,"Toronto, Canada",-35.912496,-121.998999,Snow,Wet,2,2,Drunk Driving
a2ec4f52,8/10/24,18:51,"London, UK",-51.690571,-156.476574,Clear,Gravel,2,10,Drunk Driving
96304098,11/13/24,21:16,"Mumbai, India",-52.168086,-128.710189,Clear,Dry,4,5,Weather Conditions
c66a4b55,2/10/24,15:00,"Mumbai, India",-19.215353,96.830784,Fog,Under Construction,1,3,Reckless Driving
a676a5d3,9/2/24,23:27,"New York, USA",27.472567,-44.719326,Storm,Gravel,2,0,Reckless Driving
1ef7a4f6,12/23/24,2:14,"Tokyo, Japan",-12.641098,117.22218,Rain,Dry,5,4,Weather Conditions
2e466aef,1/25/24,9:40,"London, UK",82.156818,118.370209,Snow,Wet,5,4,Weather Conditions
a74615d8,5/11/24,10:25,"Berlin, Germany",67.369682,-121.586037,Snow,Gravel,5,0,Weather Conditions
2f1ee24e,2/16/23,8:17,"London, UK",81.680843,-138.185251,Fog,Gravel,1,8,Drunk Driving
1e82a2a0,7/24/23,16:54,"Mumbai, India",76.635267,-103.381843,Fog,Snowy,3,3,Drunk Driving
de0d4e5a,5/20/23,14:36,"Beijing, China",82.23951,47.325983,Fog,Snowy,3,7,Reckless Driving
d257dec4,9/6/23,14:19,"New York, USA",-47.897975,80.48254,Hail,Gravel,5,8,Reckless Driving
37780c4c,6/30/24,15:24,"Sydney, Australia",-19.04729,-77.695532,Rain,Wet,1,1,Drunk Driving
cca13cbf,10/8/23,17:02,"Tokyo, Japan",-79.113185,178.166948,Rain,Icy,2,10,Weather Conditions
0214a613,5/1/24,1:38,"New York, USA",-67.775876,85.31587,Clear,Dry,3,6,Mechanical Failure
3f395e83,6/22/24,4:34,"Mumbai, India",42.011715,-71.773868,Rain,Snowy,2,1,Weather Conditions
da13c32f,5/9/24,11:50,"New York, USA",9.191712,86.580894,Hail,Dry,5,4,Speeding
a15fb59d,4/25/24,16:03,"London, UK",21.163365,-151.840912,Snow,Under Construction,4,8,Drunk Driving
310ab6a9,12/17/23,16:27,"Paris, France",-13.424145,80.876072,Rain,Dry,2,9,Drunk Driving
a530c01e,12/9/23,23:03,"Berlin, Germany",-49.905534,-111.457808,Clear,Snowy,5,10,Weather Conditions
45f0f9d4,11/7/24,15:49,"Sydney, Australia",-46.824955,-124.092064,Clear,Icy,2,4,Drunk Driving
3a2a8594,7/23/23,18:57,"New York, USA",-14.259826,-27.855971,Fog,Wet,2,7,Reckless Driving
8a52bbeb,6/8/23,16:37,"Tokyo, Japan",-33.750873,-88.711134,Snow,Snowy,3,1,Drunk Driving
2cbbad87,6/7/24,1:16,"Paris, France",-54.719495,20.98266,Storm,Gravel,3,7,Distracted Driving
59cb2dc1,10/22/24,23:30,"London, UK",-72.154848,152.794395,Clear,Snowy,3,1,Weather Conditions
e81c7e61,1/14/24,15:42,"Berlin, Germany",-36.352543,-102.945277,Clear,Icy,4,2,Weather Conditions
341d9f4b,1/16/23,22:21,"Berlin, Germany",68.324802,17.562721,Hail,Snowy,1,6,Weather Conditions
5afe2969,7/30/23,22:01,"Toronto, Canada",9.05195,-37.425835,Storm,Under Construction,4,4,Drunk Driving
97b933a1,4/25/24,14:11,"Paris, France",35.758983,-53.338999,Snow,Wet,1,10,Drunk Driving
d458d3ab,1/16/24,11:11,"Toronto, Canada",-71.310227,-96.159538,Fog,Wet,5,0,Speeding
f01e6290,1/20/24,22:19,"Beijing, China",-22.792989,-108.68742,Hail,Gravel,2,1,Speeding
4e645fa5,6/18/24,15:11,"Beijing, China",-63.767681,-142.005919,Clear,Icy,3,0,Weather Conditions
0f41991f,5/29/24,12:52,"Mumbai, India",-0.891263,139.151771,Fog,Gravel,1,7,Speeding
cf6e6e9c,9/14/23,20:10,"Beijing, China",-61.49192,58.125819,Hail,Snowy,1,0,Weather Conditions
5f3e8377,8/1/24,7:47,"Tokyo, Japan",68.562205,140.499831,Clear,Dry,5,0,Drunk Driving
69f5b75c,6/6/23,8:33,"Sydney, Australia",-24.565047,-177.36309,Rain,Dry,1,4,Weather Conditions
17f62da9,2/24/24,6:19,"Mumbai, India",-17.2442,-129.211065,Storm,Wet,5,9,Speeding
b6e58429,2/2/23,23:49,"Beijing, China",39.281837,-70.874522,Storm,Snowy,4,3,Drunk Driving
7e0f941f,10/22/23,15:05,"Toronto, Canada",-56.704406,127.406308,Rain,Dry,4,3,Mechanical Failure
5d1da544,9/4/24,12:53,"Berlin, Germany",68.292404,-79.833076,Rain,Under Construction,1,8,Drunk Driving
cb4d827c,9/16/24,4:50,"Mumbai, India",-60.462243,62.921793,Rain,Wet,3,8,Mechanical Failure
81a9953f,10/6/24,10:37,"Paris, France",53.270364,-172.533311,Storm,Gravel,3,3,Weather Conditions
7db141c9,8/18/23,3:50,"Mumbai, India",-52.055523,-74.370389,Rain,Wet,4,3,Reckless Driving
14dd743c,3/11/24,18:24,"Beijing, China",67.337621,-38.350386,Clear,Wet,1,5,Mechanical Failure
9951f132,4/25/23,13:11,"Toronto, Canada",-81.02092,88.411818,Snow,Wet,1,3,Speeding
14d7ab39,7/3/23,14:30,"London, UK",59.228403,160.346744,Snow,Dry,5,6,Speeding
c6c78510,5/27/23,19:41,"Toronto, Canada",-80.958383,43.121625,Rain,Snowy,1,10,Speeding
054c317d,4/18/24,5:26,"Sydney, Australia",-2.802404,-65.200985,Fog,Snowy,2,8,Mechanical Failure
ef1ead7b,7/31/24,21:53,"Mumbai, India",44.311702,99.550058,Rain,Snowy,3,10,Distracted Driving
94e4fc86,11/23/24,17:04,"Mumbai, India",-80.974715,-5.695851,Fog,Under Construction,3,0,Weather Conditions
de44131f,2/3/23,4:19,"Paris, France",-20.131472,-47.321718,Snow,Dry,4,9,Speeding
f64cc8dc,4/12/24,5:22,"Paris, France",-73.484157,77.654984,Snow,Gravel,5,3,Drunk Driving
38be8e4a,1/8/24,19:14,"Beijing, China",-45.658952,16.285465,Rain,Gravel,2,8,Speeding
9f54c63a,1/23/23,17:47,"Paris, France",81.676,-56.349739,Clear,Wet,2,8,Distracted Driving
d1731991,6/13/23,21:23,"Tokyo, Japan",15.976279,-82.128063,Storm,Snowy,3,7,Distracted Driving
40f09d7e,10/2/24,3:26,"New York, USA",81.926359,-169.480687,Snow,Dry,4,1,Drunk Driving
9fee12af,10/20/24,12:18,"London, UK",-1.084941,-144.003195,Snow,Snowy,5,6,Weather Conditions
87222f4f,9/5/23,22:22,"New York, USA",-80.378311,-172.881027,Hail,Dry,5,3,Reckless Driving
9a749595,10/23/24,22:08,"Paris, France",-57.833878,160.645355,Hail,Snowy,3,6,Speeding
1933bd18,2/24/24,20:07,"Toronto, Canada",49.178432,-76.916081,Storm,Under Construction,3,9,Mechanical Failure
6f5ff745,8/29/24,8:51,"Beijing, China",48.316947,-17.484174,Rain,Dry,3,7,Weather Conditions
319b1a0d,6/27/23,21:20,"London, UK",33.653974,116.64343,Storm,Gravel,2,1,Reckless Driving
288dcc50,1/30/23,6:34,"New York, USA",-88.850416,-42.503017,Snow,Snowy,3,3,Drunk Driving
6e077e1d,12/23/24,6:05,"Berlin, Germany",46.889849,-55.005506,Storm,Gravel,2,7,Weather Conditions
8a42e10a,12/8/23,5:02,"Toronto, Canada",-24.658208,55.314916,Rain,Icy,2,6,Reckless Driving
233f0c90,8/29/24,11:54,"Mumbai, India",-74.990095,-1.070359,Storm,Under Construction,2,4,Speeding
701180b9,6/24/24,9:50,"Mumbai, India",60.569789,-169.896865,Snow,Gravel,4,10,Weather Conditions
bff305a8,4/28/24,9:58,"Sydney, Australia",80.858285,-142.184381,Rain,Wet,1,1,Reckless Driving
54e09dc3,12/30/24,2:37,"Tokyo, Japan",-62.855225,-170.599126,Fog,Icy,4,10,Reckless Driving
f0985077,11/9/24,16:16,"London, UK",72.764167,175.905974,Clear,Dry,2,8,Speeding
ce03827b,6/19/23,19:58,"Sydney, Australia",-83.688727,-147.524401,Fog,Dry,1,7,Mechanical Failure
b04f20c1,12/3/23,22:10,"New York, USA",-87.518686,36.911208,Clear,Gravel,5,4,Weather Conditions
ae0f67c5,5/2/23,11:13,"Paris, France",-75.762037,-177.501694,Hail,Gravel,2,1,Drunk Driving
096114ef,6/8/23,20:11,"London, UK",-6.114548,-28.570599,Clear,Dry,2,5,Drunk Driving
6a1cce29,4/20/23,14:24,"Tokyo, Japan",-87.436033,131.525656,Clear,Wet,3,3,Speeding
3d56cb9c,1/28/23,1:43,"Berlin, Germany",-80.40567,141.777013,Clear,Dry,4,6,Drunk Driving
9dbc70f2,4/30/23,1:14,"London, UK",-82.62673,-159.195728,Hail,Under Construction,3,9,Mechanical Failure
bd391baf,9/14/24,11:21,"New York, USA",68.670633,168.803583,Fog,Wet,5,3,Weather Conditions
12a66b6e,6/14/24,19:32,"Tokyo, Japan",-77.045259,-151.514226,Rain,Snowy,1,10,Weather Conditions
27365d45,4/8/23,0:08,"Toronto, Canada",75.412647,-16.561135,Storm,Wet,4,10,Speeding
001cfd1f,1/1/23,17:58,"Toronto, Canada",59.810755,38.893938,Fog,Gravel,2,1,Speeding
1ecaf7ed,1/11/23,2:57,"Paris, France",13.879552,80.609732,Rain,Icy,2,1,Drunk Driving
1611a00a,10/15/23,12:35,"Paris, France",59.563017,56.929836,Clear,Dry,3,9,Distracted Driving
9eabdff3,8/10/23,7:45,"Tokyo, Japan",83.072128,-151.514289,Clear,Snowy,1,5,Drunk Driving
bb97e8f3,1/21/24,16:57,"Paris, France",3.207567,106.950762,Hail,Icy,3,3,Speeding
099409d1,9/26/24,18:37,"Beijing, China",83.38057,-114.970633,Snow,Icy,5,0,Weather Conditions
41c6c6d5,8/29/24,19:57,"Berlin, Germany",40.740122,-137.378143,Snow,Gravel,5,8,Weather Conditions
27cf8af0,11/29/23,9:19,"New York, USA",43.398256,92.746741,Fog,Icy,2,4,Mechanical Failure
71ebb240,4/3/24,20:48,"Sydney, Australia",67.279147,144.303958,Storm,Wet,5,7,Weather Conditions
cfb42a17,6/16/24,3:08,"Sydney, Australia",-72.515364,-101.047451,Clear,Wet,1,6,Speeding
26e3b0d1,9/21/24,5:19,"London, UK",-4.165294,85.129666,Rain,Wet,1,0,Drunk Driving
a804ac4b,8/26/24,21:33,"Tokyo, Japan",-9.605121,-23.13186,Rain,Under Construction,2,2,Mechanical Failure
b2ec341a,2/22/24,6:58,"New York, USA",-20.092748,108.030175,Snow,Under Construction,5,4,Speeding
7f40a568,10/17/23,8:59,"New York, USA",-46.721921,-40.088989,Snow,Dry,4,2,Weather Conditions
318aa6cd,10/24/24,2:54,"Toronto, Canada",-5.187819,122.829574,Fog,Wet,2,9,Reckless Driving
bfa1c8dd,2/27/24,0:13,"New York, USA",-15.090676,17.834938,Snow,Gravel,5,8,Drunk Driving
2ec515c7,8/10/24,12:36,"London, UK",-39.971863,20.774956,Storm,Gravel,3,3,Drunk Driving
904bf911,10/5/24,17:17,"Paris, France",-59.889625,22.819624,Clear,Dry,3,0,Drunk Driving
d0e812bf,11/11/24,10:38,"Toronto, Canada",-9.752973,-177.360319,Rain,Dry,1,1,Reckless Driving
76292a54,9/24/24,5:24,"New York, USA",65.342537,18.921581,Clear,Snowy,4,4,Speeding
9b6fe0ef,4/6/23,13:15,"Tokyo, Japan",-19.206876,106.403145,Hail,Snowy,4,10,Mechanical Failure
36c0ddf7,7/23/23,18:30,"Berlin, Germany",-86.342084,92.743225,Storm,Wet,1,10,Distracted Driving
755b6319,12/23/24,12:06,"Berlin, Germany",-70.905315,133.37241,Fog,Snowy,3,5,Drunk Driving
3ce2300b,1/26/23,21:22,"Beijing, China",55.389728,151.338936,Storm,Dry,2,6,Speeding
9c3168f9,1/6/24,18:08,"Mumbai, India",-7.959811,-154.979121,Fog,Icy,3,5,Drunk Driving
d75a10ba,11/7/24,21:31,"Toronto, Canada",80.569376,8.890946,Hail,Snowy,2,0,Mechanical Failure
ff7ada7c,1/16/23,6:37,"Toronto, Canada",-20.583869,37.381601,Snow,Snowy,3,3,Distracted Driving
c4313fab,4/14/23,21:49,"Berlin, Germany",11.231038,147.308834,Hail,Icy,3,5,Distracted Driving
b4737d7a,8/26/23,22:20,"Toronto, Canada",-52.224476,73.241056,Rain,Under Construction,1,1,Reckless Driving
7fc73ea8,1/7/23,2:39,"Paris, France",-33.646307,-61.35668,Hail,Icy,5,2,Drunk Driving
e9135cb9,11/11/23,13:45,"Beijing, China",-83.048985,163.142339,Hail,Wet,5,2,Drunk Driving
0e0533a9,8/23/24,10:08,"Sydney, Australia",20.152647,-113.419727,Snow,Under Construction,3,3,Distracted Driving
da05c992,11/16/24,20:25,"London, UK",-10.720441,21.932174,Storm,Under Construction,1,8,Reckless Driving
ef846e7c,8/23/24,12:43,"Tokyo, Japan",-9.372215,-67.911782,Snow,Dry,1,0,Distracted Driving
c9a7a1a6,10/16/24,13:50,"New York, USA",-24.289611,-167.963695,Clear,Icy,1,7,Distracted Driving
d4610488,1/8/23,9:21,"Berlin, Germany",32.545413,168.521013,Rain,Snowy,2,7,Speeding
c9c4a040,6/10/24,3:57,"New York, USA",-39.123457,-89.148116,Snow,Icy,4,6,Distracted Driving
fce671d9,9/15/23,18:33,"Tokyo, Japan",80.27721,98.676526,Clear,Dry,4,5,Reckless Driving
28898463,3/29/24,8:45,"New York, USA",-48.358191,-118.055489,Hail,Icy,2,3,Distracted Driving
7e5eb613,1/26/24,10:17,"Berlin, Germany",-34.827315,25.316929,Rain,Gravel,5,2,Distracted Driving
8d013360,5/30/23,8:00,"Mumbai, India",-68.928308,-0.446768,Storm,Snowy,3,4,Distracted Driving
5c3d6900,7/19/24,11:31,"Berlin, Germany",-53.64666,-26.474475,Storm,Icy,4,0,Speeding
0de0a07a,8/11/23,19:00,"New York, USA",-62.810731,173.213491,Hail,Under Construction,2,9,Distracted Driving
3ed630d3,4/27/24,13:03,"Toronto, Canada",43.442859,92.715126,Snow,Gravel,1,9,Drunk Driving
cb62421b,1/27/23,13:47,"London, UK",87.283365,64.557507,Snow,Gravel,2,1,Speeding
529f1b6e,4/16/24,22:56,"Tokyo, Japan",22.852452,-124.91782,Rain,Gravel,3,8,Drunk Driving
96c092e4,12/9/24,0:34,"Paris, France",-63.192702,72.281611,Rain,Snowy,2,9,Reckless Driving
923c9b39,10/3/24,18:31,"Sydney, Australia",87.817089,-3.917053,Snow,Under Construction,2,5,Reckless Driving
c0ea1db5,12/17/23,12:30,"Berlin, Germany",-13.298831,109.298059,Rain,Snowy,4,0,Distracted Driving
322c0cfb,7/4/23,13:15,"Toronto, Canada",-38.926548,71.706981,Fog,Wet,3,5,Drunk Driving
d6179aa2,12/6/24,10:13,"Berlin, Germany",-89.831698,69.269924,Hail,Snowy,2,3,Mechanical Failure
c2539bf1,5/25/24,7:36,"Berlin, Germany",-38.553357,-105.447678,Clear,Dry,2,6,Speeding
211a347d,1/22/24,14:00,"Beijing, China",-14.909126,68.375614,Storm,Snowy,3,10,Speeding
b92359e8,10/3/23,23:28,"Tokyo, Japan",7.725318,-140.01898,Storm,Gravel,4,2,Weather Conditions
b0146d20,10/27/24,12:41,"Beijing, China",10.092902,161.091825,Rain,Dry,5,8,Weather Conditions
c8563d18,10/29/24,23:39,"Toronto, Canada",67.212233,-152.635999,Hail,Snowy,1,9,Speeding
c1b7799f,8/27/23,3:07,"Beijing, China",2.411735,8.692909,Hail,Snowy,2,6,Drunk Driving
32838193,11/10/23,13:08,"New York, USA",61.342675,103.866101,Storm,Icy,3,8,Weather Conditions
553ac6fb,3/17/24,6:18,"London, UK",-50.247468,-150.463059,Snow,Wet,5,10,Distracted Driving
3788225,11/10/24,6:21,"New York, USA",87.146099,167.828801,Fog,Under Construction,1,10,Reckless Driving
067259ff,4/16/24,21:29,"Paris, France",-9.362298,137.791789,Fog,Gravel,4,10,Reckless Driving
c62badeb,6/10/23,13:29,"Berlin, Germany",-59.803246,-172.553181,Rain,Snowy,3,4,Distracted Driving
c38fdf06,4/1/23,5:54,"Tokyo, Japan",-73.21151,42.805577,Fog,Wet,4,3,Drunk Driving
26fe7100,4/29/24,23:29,"Berlin, Germany",45.473301,118.634225,Storm,Wet,2,4,Distracted Driving
00e50eab,10/31/23,8:06,"Paris, France",-86.763264,121.308088,Hail,Snowy,5,7,Weather Conditions
570b8af6,10/1/23,1:16,"Tokyo, Japan",-66.691793,41.609222,Hail,Dry,3,3,Mechanical Failure
60feee08,8/4/24,6:42,"Sydney, Australia",-75.274993,-161.967019,Storm,Dry,5,9,Mechanical Failure
ca6c8955,12/9/24,1:21,"Sydney, Australia",-12.338971,29.716704,Fog,Wet,4,10,Drunk Driving
6ee5e8e3,10/21/24,20:16,"New York, USA",79.901842,64.886105,Hail,Dry,1,0,Weather Conditions
fdc1a40d,2/5/23,2:05,"Mumbai, India",11.815306,148.11234,Clear,Gravel,3,1,Reckless Driving
a2021162,10/7/24,9:48,"New York, USA",85.850769,10.021276,Clear,Under Construction,2,6,Weather Conditions
2a377d77,2/3/23,10:37,"Paris, France",-72.285823,14.277186,Hail,Under Construction,1,6,Reckless Driving
d0641803,6/24/24,16:34,"Mumbai, India",-77.007695,124.196822,Storm,Under Construction,1,9,Reckless Driving
5dca71c4,7/31/23,20:19,"Berlin, Germany",-43.342022,134.782578,Clear,Snowy,4,8,Weather Conditions
f756db2d,6/13/24,5:42,"Berlin, Germany",-30.851331,-76.233011,Rain,Dry,1,4,Speeding
865775da,9/24/23,21:32,"London, UK",-65.852574,33.84302,Hail,Under Construction,2,5,Weather Conditions
c348fc09,5/14/23,20:45,"Beijing, China",-84.176152,-146.178304,Storm,Under Construction,1,8,Speeding
6b5bcfcb,4/13/23,21:30,"Mumbai, India",-60.385129,63.274741,Snow,Icy,4,6,Weather Conditions
ead369ad,10/3/24,0:32,"Sydney, Australia",-22.118371,-39.229387,Storm,Under Construction,3,10,Drunk Driving
f47d34d6,10/21/24,6:46,"Sydney, Australia",49.335038,66.52957,Rain,Gravel,3,2,Reckless Driving
8fcc7696,12/20/23,15:37,"Mumbai, India",62.039257,102.946084,Snow,Icy,1,4,Drunk Driving
f23311f6,8/11/23,5:03,"New York, USA",85.333,120.447671,Storm,Under Construction,4,9,Speeding
1e74e926,5/6/23,4:26,"Sydney, Australia",48.811546,133.851414,Fog,Wet,2,7,Speeding
76786213,11/25/23,7:25,"Mumbai, India",10.937575,-33.032481,Clear,Dry,1,0,Weather Conditions
8c23bcae,12/1/23,17:26,"Toronto, Canada",15.810543,107.988152,Storm,Icy,3,7,Speeding
9403fa64,11/24/23,13:21,"Beijing, China",73.444871,118.335836,Storm,Under Construction,1,5,Distracted Driving
35df06cc,4/25/23,1:26,"Paris, France",-12.48878,159.659751,Snow,Wet,1,6,Weather Conditions
17729358,6/14/24,8:33,"Paris, France",81.446172,-63.352826,Clear,Dry,3,4,Mechanical Failure
96cdc6a7,11/16/24,7:38,"Toronto, Canada",-10.586354,-93.268528,Rain,Under Construction,1,5,Weather Conditions
143dbc09,4/13/24,14:23,"Paris, France",1.934336,-52.729404,Hail,Wet,2,3,Reckless Driving
e515d7bd,4/25/23,19:10,"Beijing, China",53.824835,-161.075821,Hail,Gravel,3,10,Reckless Driving
377a8fc8,1/26/23,9:34,"Paris, France",1.731765,82.248644,Storm,Snowy,3,5,Reckless Driving
96c7c231,9/10/24,15:07,"Toronto, Canada",79.657167,124.753649,Hail,Dry,3,6,Reckless Driving
e504ddcc,5/15/23,17:25,"Tokyo, Japan",-88.599229,-31.961178,Hail,Dry,3,6,Distracted Driving
2cd77523,8/27/24,5:59,"Beijing, China",19.208207,98.587232,Hail,Under Construction,1,8,Distracted Driving
8e20ff6f,5/17/23,2:21,"Beijing, China",79.635854,157.179164,Snow,Wet,5,2,Drunk Driving
5d70d749,4/20/23,2:54,"Beijing, China",49.858149,81.556852,Rain,Icy,2,6,Mechanical Failure
e1c5a6cd,10/25/24,10:58,"New York, USA",44.471971,40.524965,Rain,Wet,5,8,Reckless Driving
ba6cf7b1,4/17/23,21:08,"Berlin, Germany",82.951584,-115.337519,Storm,Icy,5,1,Mechanical Failure
ab3a974a,1/24/23,4:48,"Paris, France",46.485274,53.798877,Fog,Wet,1,4,Distracted Driving
080c5caf,6/26/24,4:43,"Beijing, China",75.807162,137.998129,Clear,Wet,4,2,Reckless Driving
4f3bae89,8/25/23,22:35,"Mumbai, India",-11.393778,-171.571977,Snow,Dry,2,2,Reckless Driving
140b2cb9,1/12/24,22:41,"Tokyo, Japan",-0.414311,35.771056,Snow,Snowy,5,10,Drunk Driving
a80cfcd9,7/26/23,12:08,"Paris, France",-34.363521,-169.806422,Fog,Gravel,4,8,Distracted Driving
d9a3d0fc,2/29/24,12:19,"London, UK",-79.453247,72.433751,Rain,Dry,1,9,Reckless Driving
42fac08a,10/22/24,4:15,"Toronto, Canada",3.281344,-40.517226,Hail,Wet,1,6,Drunk Driving
4ca524b1,8/21/23,0:40,"New York, USA",-3.417482,-58.238856,Clear,Gravel,3,0,Reckless Driving
77fdbc36,4/2/23,17:24,"Mumbai, India",-35.364509,49.539133,Clear,Gravel,1,6,Reckless Driving
cf55fbae,12/8/23,1:08,"Beijing, China",37.085143,-99.482052,Hail,Icy,5,9,Drunk Driving
fea0345b,12/29/24,11:45,"Mumbai, India",34.329607,-54.99936,Clear,Wet,1,8,Weather Conditions
3d1dcc6e,6/30/23,23:38,"Berlin, Germany",-85.50971,-171.129707,Storm,Icy,4,9,Mechanical Failure
be664c67,12/17/23,18:13,"Sydney, Australia",-69.889177,30.067593,Storm,Gravel,5,8,Weather Conditions
d4dc36b9,7/3/24,18:05,"Toronto, Canada",50.712426,-43.323332,Clear,Gravel,4,4,Speeding
de82a100,9/12/24,5:23,"Sydney, Australia",78.130833,-33.053254,Fog,Icy,3,10,Reckless Driving
ecc8a2d5,2/4/23,7:02,"Paris, France",68.782424,158.229707,Fog,Under Construction,4,1,Speeding
ee014ebb,8/29/23,11:41,"Mumbai, India",-68.465083,-121.382734,Storm,Wet,3,9,Mechanical Failure
58eb06db,6/17/24,6:00,"London, UK",-58.904577,-178.401487,Storm,Dry,1,8,Distracted Driving
93dd4f6f,9/25/23,14:59,"Tokyo, Japan",45.451594,113.945939,Hail,Wet,2,4,Mechanical Failure
7f093420,8/17/23,17:15,"Toronto, Canada",9.837579,-102.727189,Fog,Under Construction,4,7,Weather Conditions
14464f0a,2/3/24,0:46,"Toronto, Canada",-19.611673,-18.924625,Snow,Dry,5,9,Weather Conditions
fe6d4168,2/4/24,5:39,"Beijing, China",-43.332476,158.838899,Clear,Snowy,4,7,Speeding
d44fa06f,3/23/23,9:57,"Toronto, Canada",-63.335642,174.570885,Fog,Snowy,2,3,Weather Conditions
841d600f,12/3/24,0:49,"London, UK",-77.550185,82.713358,Hail,Snowy,1,9,Drunk Driving
69141653,1/7/24,5:44,"Sydney, Australia",80.198198,-108.004543,Snow,Dry,3,7,Speeding
2d3fad81,10/27/24,2:23,"Paris, France",-64.080434,89.64653,Snow,Wet,2,2,Distracted Driving
adfab9ad,9/7/23,7:44,"Toronto, Canada",72.113211,29.85041,Clear,Dry,5,0,Weather Conditions
89d7bf42,4/3/24,2:37,"Tokyo, Japan",85.749947,21.159729,Hail,Under Construction,2,8,Drunk Driving
cde73b0b,9/15/23,3:41,"Tokyo, Japan",-15.704725,-73.31832,Hail,Wet,2,7,Drunk Driving
0e93deb1,3/17/23,8:08,"Toronto, Canada",31.540065,-65.026246,Fog,Wet,2,2,Distracted Driving
9135c691,5/8/24,7:20,"New York, USA",43.660549,157.367287,Storm,Wet,2,0,Weather Conditions
8a2647d7,10/31/24,23:20,"Tokyo, Japan",55.86607,-141.819994,Storm,Icy,2,4,Weather Conditions
d4c5548c,1/15/23,13:24,"New York, USA",3.126419,-28.34988,Snow,Under Construction,2,5,Mechanical Failure
3b4b901e,11/9/23,5:27,"Toronto, Canada",9.827803,73.173534,Clear,Gravel,5,8,Weather Conditions
b126e177,10/25/23,4:52,"Paris, France",60.959368,-13.613613,Clear,Gravel,3,3,Distracted Driving
aa68dd93,8/15/23,10:09,"New York, USA",62.46322,-36.121303,Rain,Dry,2,3,Distracted Driving
f0e44d65,10/13/23,16:45,"London, UK",82.413535,-54.999948,Fog,Wet,4,9,Weather Conditions
df56d85a,3/5/24,8:04,"Paris, France",31.483436,84.68242,Clear,Wet,3,4,Speeding
a71041ef,2/13/24,0:04,"New York, USA",-89.799927,18.293682,Rain,Gravel,5,8,Weather Conditions
c2c79a3b,12/9/24,20:15,"Berlin, Germany",84.591089,172.211454,Snow,Wet,2,6,Speeding
9db56852,8/21/23,12:59,"Mumbai, India",-71.441042,-179.10147,Hail,Snowy,2,5,Drunk Driving
6e0f9bc5,10/20/23,4:53,"Berlin, Germany",-30.685663,48.337062,Hail,Icy,3,8,Reckless Driving
cec9a233,10/27/24,22:56,"Beijing, China",79.980497,-92.998373,Snow,Wet,3,5,Distracted Driving
da67e16c,4/21/24,5:42,"Berlin, Germany",-72.413454,50.345221,Snow,Snowy,3,7,Distracted Driving
b4f77662,5/5/23,12:20,"New York, USA",19.352891,-24.532308,Snow,Dry,1,6,Mechanical Failure
63224c7e,3/5/24,22:18,"Tokyo, Japan",-14.617223,105.811106,Rain,Under Construction,1,1,Speeding
1dfb6b64,8/1/23,14:26,"Sydney, Australia",9.322673,-133.041712,Clear,Wet,2,7,Drunk Driving
55f96afb,5/31/23,19:09,"London, UK",-2.142207,144.900004,Fog,Icy,1,3,Reckless Driving
f2c6baee,9/7/23,19:06,"London, UK",15.048444,73.472567,Fog,Gravel,1,2,Speeding
3e4f6555,10/28/24,5:18,"Beijing, China",-18.380484,-174.086183,Hail,Under Construction,3,0,Weather Conditions
f13df42f,2/9/23,10:05,"Paris, France",1.187639,108.457057,Fog,Icy,1,2,Weather Conditions
f02cd7b2,11/2/24,9:55,"Mumbai, India",24.251732,-17.873161,Snow,Gravel,4,3,Drunk Driving
d3b00e49,6/3/24,17:28,"Tokyo, Japan",41.042827,147.834865,Hail,Icy,2,10,Mechanical Failure
ca4f20ce,7/21/23,22:47,"Toronto, Canada",51.204526,20.26332,Rain,Gravel,5,10,Weather Conditions
2ab1b0b9,6/21/23,2:36,"New York, USA",37.864591,135.790746,Hail,Under Construction,3,4,Speeding
69c77986,7/2/23,16:16,"New York, USA",31.143006,-95.888291,Fog,Wet,4,1,Drunk Driving
6b48c10b,8/31/23,1:16,"London, UK",-10.183906,-73.14568,Hail,Under Construction,2,8,Weather Conditions
6485fe56,2/23/24,7:28,"Beijing, China",80.595791,-113.115955,Fog,Gravel,3,1,Distracted Driving
b13f6790,4/17/23,14:29,"Sydney, Australia",22.62047,-125.660022,Snow,Icy,3,10,Weather Conditions
b1a2ede5,4/24/24,10:12,"New York, USA",44.708836,159.192131,Clear,Icy,5,0,Drunk Driving
33e724fc,8/20/24,5:59,"Tokyo, Japan",-46.102977,111.637459,Hail,Under Construction,2,5,Drunk Driving
006d9450,8/19/24,5:17,"Tokyo, Japan",-21.586542,88.444726,Clear,Icy,5,9,Weather Conditions
d5cbc088,6/12/23,14:37,"Beijing, China",64.082851,98.187688,Storm,Dry,3,8,Weather Conditions
4fbd2e64,5/31/23,18:05,"London, UK",-42.433738,-168.67662,Snow,Wet,3,5,Reckless Driving
d9c7bf80,4/9/23,5:18,"Sydney, Australia",87.206531,60.152939,Clear,Under Construction,1,2,Mechanical Failure
9163378,4/9/24,14:20,"Sydney, Australia",33.882281,139.626695,Storm,Gravel,4,2,Mechanical Failure
ce5d4330,8/28/23,23:51,"Beijing, China",-29.86211,29.376055,Snow,Wet,5,5,Drunk Driving
ca669c2b,9/18/24,12:49,"Mumbai, India",44.413533,-30.408676,Fog,Icy,1,1,Distracted Driving
5b519a00,5/8/23,6:07,"Toronto, Canada",-79.706657,171.456928,Hail,Snowy,2,7,Speeding
49b8151e,4/15/23,19:27,"New York, USA",-78.026717,107.197687,Hail,Wet,5,6,Distracted Driving
1174f2eb,3/9/23,5:13,"Mumbai, India",-74.152357,42.607858,Hail,Dry,5,3,Speeding
a5788373,3/9/24,4:56,"Beijing, China",17.602248,2.822625,Clear,Wet,2,6,Mechanical Failure
112247fb,10/2/23,16:08,"Toronto, Canada",45.870056,-79.53146,Storm,Icy,5,8,Mechanical Failure
fdce0325,4/6/23,11:40,"Tokyo, Japan",-1.827295,-132.39313,Hail,Icy,4,10,Reckless Driving
c008fd04,10/18/24,17:57,"Paris, France",-74.531073,35.27365,Storm,Icy,4,0,Speeding
00c2c1f2,10/20/23,2:55,"Paris, France",6.333998,-120.255059,Snow,Snowy,1,7,Speeding
25a60b72,12/27/24,0:07,"Paris, France",-38.107421,112.49652,Clear,Gravel,2,6,Mechanical Failure
ebe88662,8/1/23,2:21,"Paris, France",-22.68753,-157.787356,Clear,Under Construction,2,4,Reckless Driving
7c96513e,12/2/23,23:28,"Tokyo, Japan",14.822609,-86.699758,Clear,Dry,4,0,Reckless Driving
1b6a2027,6/9/23,1:10,"Berlin, Germany",33.239663,-61.455183,Fog,Under Construction,1,7,Speeding
58182792,8/5/23,6:42,"Paris, France",-17.652058,-71.81076,Clear,Icy,4,5,Weather Conditions
99f101f0,1/22/23,9:44,"Tokyo, Japan",-26.003376,-164.218286,Fog,Under Construction,2,1,Speeding
dec2ee8c,12/24/24,16:58,"Paris, France",-67.682318,85.986366,Hail,Wet,5,6,Reckless Driving
c1652a23,4/27/24,8:21,"Tokyo, Japan",-61.106547,-154.157811,Snow,Icy,5,10,Drunk Driving
5565851c,8/15/24,6:53,"Mumbai, India",-27.853778,-27.64214,Snow,Wet,1,3,Reckless Driving
e203c64f,12/6/23,7:42,"Toronto, Canada",-52.436048,68.227518,Clear,Under Construction,5,7,Speeding
d21b6562,1/17/24,15:40,"Paris, France",-70.091353,-109.984104,Clear,Wet,1,2,Speeding
0344690e,12/30/24,7:55,"Toronto, Canada",-34.559135,-12.565816,Clear,Gravel,4,4,Drunk Driving
3462c610,9/2/24,11:50,"Mumbai, India",41.196044,15.605506,Clear,Gravel,2,10,Reckless Driving
95217460,8/23/23,22:30,"Tokyo, Japan",6.397754,172.96136,Snow,Snowy,2,6,Mechanical Failure
486a61df,6/9/24,15:33,"London, UK",-79.667569,107.072741,Hail,Under Construction,4,10,Speeding
3b2d5037,7/3/24,8:16,"Berlin, Germany",54.32861,92.203049,Clear,Snowy,5,7,Weather Conditions
cff2e46d,12/28/24,8:11,"London, UK",-53.870836,-3.456182,Hail,Snowy,2,1,Weather Conditions
dd178658,3/15/24,0:25,"New York, USA",-57.301776,127.831893,Storm,Under Construction,2,7,Mechanical Failure
63e1188e,1/8/24,9:51,"Mumbai, India",-5.125534,-98.826389,Clear,Icy,1,7,Reckless Driving
c5317d0c,6/17/24,7:47,"Beijing, China",-74.704249,-99.289871,Hail,Dry,5,3,Speeding
64e2a04b,2/24/23,14:45,"London, UK",12.130451,172.265105,Hail,Wet,4,8,Speeding
e927880b,1/9/23,8:47,"Sydney, Australia",11.359196,-33.884195,Hail,Wet,2,2,Reckless Driving
60fbf86c,4/9/23,4:47,"Beijing, China",74.348546,173.722024,Hail,Icy,5,9,Drunk Driving
2f7cefd1,10/8/23,13:56,"New York, USA",50.885227,-91.316553,Storm,Wet,1,2,Speeding
61a0e415,12/29/23,3:30,"Paris, France",66.303216,75.534323,Rain,Wet,1,2,Speeding
cad77450,11/10/24,8:18,"Tokyo, Japan",30.03082,-1.160942,Storm,Icy,2,1,Drunk Driving
bbc9630a,9/18/23,17:42,"Berlin, Germany",-1.231153,9.460409,Hail,Dry,5,5,Drunk Driving
219195c4,9/20/23,8:21,"Sydney, Australia",-37.443361,-80.263003,Fog,Gravel,4,6,Reckless Driving
622058cb,6/18/24,15:39,"New York, USA",50.447035,-7.915303,Clear,Icy,3,3,Mechanical Failure
2d6c2ece,5/13/23,20:34,"Beijing, China",-86.46951,-131.941,Clear,Snowy,4,5,Weather Conditions
8d6c8c65,1/26/24,7:38,"Sydney, Australia",-18.112114,135.046173,Hail,Dry,2,1,Drunk Driving
833fe5ef,1/22/24,22:44,"New York, USA",-64.12642,-34.304606,Snow,Under Construction,4,7,Speeding
120c9b9f,1/3/24,12:08,"Paris, France",78.548539,-40.589939,Clear,Icy,2,6,Speeding
7eeeec67,9/30/23,12:49,"Tokyo, Japan",68.109896,-135.482096,Clear,Under Construction,3,2,Distracted Driving
892ef07e,6/14/24,21:36,"Mumbai, India",-0.761419,117.604971,Hail,Dry,5,5,Reckless Driving
cd41267f,6/23/24,15:01,"Paris, France",-10.320265,-16.014932,Rain,Under Construction,3,6,Mechanical Failure
8e693c18,9/1/24,5:10,"Berlin, Germany",-21.766961,-96.189388,Clear,Wet,5,0,Weather Conditions
1f48cb33,9/9/23,10:50,"Mumbai, India",-6.435993,161.276342,Snow,Wet,1,0,Reckless Driving
9248e4ce,6/29/23,15:19,"Sydney, Australia",87.004221,-173.444927,Fog,Dry,3,8,Speeding
9b521203,7/3/23,9:49,"Berlin, Germany",77.03645,33.249408,Snow,Icy,4,2,Drunk Driving
7033dbc9,9/25/24,11:55,"Toronto, Canada",76.125966,-39.99824,Fog,Gravel,3,4,Drunk Driving
e1977bb4,2/28/23,8:42,"Sydney, Australia",-78.285293,-171.430958,Rain,Snowy,1,6,Weather Conditions
29d9fc7f,9/5/24,18:18,"Mumbai, India",52.756404,-144.326945,Rain,Gravel,3,5,Mechanical Failure
99b0b31d,11/7/23,0:14,"Berlin, Germany",-51.427364,114.850692,Storm,Gravel,2,9,Reckless Driving
7c7f8de9,9/30/24,2:40,"Sydney, Australia",-73.239149,-50.166611,Storm,Under Construction,3,3,Weather Conditions
9af06848,3/23/24,11:42,"London, UK",38.907126,65.171499,Fog,Gravel,4,1,Speeding
28822f79,2/20/23,13:01,"Paris, France",-74.768736,175.405175,Rain,Icy,2,6,Distracted Driving
4311f6e2,8/16/23,8:14,"Mumbai, India",6.698669,-152.08733,Storm,Snowy,3,6,Drunk Driving
877253b0,8/10/24,7:20,"New York, USA",82.016302,-5.702952,Storm,Dry,3,1,Weather Conditions
974ba3ae,9/12/24,16:19,"Tokyo, Japan",-62.716472,-14.786433,Fog,Gravel,1,9,Reckless Driving
7904f5fc,4/26/23,21:28,"Beijing, China",-3.445023,-33.560817,Hail,Snowy,5,6,Weather Conditions
673d7939,2/18/23,14:09,"Tokyo, Japan",-25.890892,70.439197,Clear,Snowy,5,7,Weather Conditions
82a778fc,5/6/24,0:22,"Sydney, Australia",-73.465444,-5.881619,Storm,Gravel,2,0,Reckless Driving
e6c238f7,2/14/23,16:37,"London, UK",18.989854,107.674002,Snow,Snowy,4,9,Weather Conditions
c70828cc,2/20/24,19:38,"Sydney, Australia",27.17675,20.711189,Storm,Wet,1,4,Mechanical Failure
84375072,4/5/24,0:09,"London, UK",-64.1746,66.720531,Clear,Snowy,2,9,Reckless Driving
98f6a442,6/19/24,11:03,"Toronto, Canada",41.597903,-5.661241,Rain,Icy,3,10,Mechanical Failure
ad842214,10/18/24,9:56,"Paris, France",-10.799619,-79.728804,Clear,Wet,5,4,Mechanical Failure
e9fa92b2,12/6/23,10:47,"Beijing, China",45.74879,-150.49831,Snow,Wet,1,5,Drunk Driving
a671f42c,1/4/23,8:43,"New York, USA",75.694237,-131.378885,Fog,Snowy,1,1,Distracted Driving
d91af48f,1/28/23,15:56,"Beijing, China",-88.060568,-54.679552,Hail,Gravel,5,10,Drunk Driving
d8c2d328,8/5/23,20:49,"Mumbai, India",73.897608,-151.052405,Rain,Snowy,4,3,Weather Conditions
e7ef0767,6/19/24,17:28,"Paris, France",-2.049219,-157.077339,Clear,Wet,1,2,Speeding
170b12bf,5/19/24,4:18,"New York, USA",88.317038,61.495225,Snow,Dry,2,9,Drunk Driving
15f3b2a3,7/13/24,1:54,"Paris, France",10.157843,-29.759148,Rain,Dry,5,6,Reckless Driving
77864752,11/7/23,11:10,"Tokyo, Japan",-21.221739,100.834905,Clear,Dry,2,2,Distracted Driving
05bc3d6f,8/17/24,8:49,"New York, USA",-77.718907,29.141193,Clear,Under Construction,2,7,Weather Conditions
fb641487,8/5/23,4:01,"Berlin, Germany",25.488486,30.18977,Snow,Snowy,1,2,Weather Conditions
102faf0b,6/10/24,3:25,"Mumbai, India",-31.826956,21.182745,Clear,Icy,2,10,Weather Conditions
dfa2177d,4/18/24,17:10,"Paris, France",23.306387,115.456953,Snow,Gravel,2,0,Mechanical Failure
7b93901f,5/7/24,5:39,"London, UK",86.780328,16.975114,Fog,Under Construction,3,9,Mechanical Failure
8dc570ef,12/4/24,5:56,"Sydney, Australia",-16.101037,113.107004,Snow,Dry,1,8,Reckless Driving
2453cdc3,10/9/24,2:17,"Tokyo, Japan",25.122063,54.536997,Snow,Icy,2,7,Drunk Driving
4009347f,1/19/24,0:58,"Toronto, Canada",-30.280296,73.586493,Clear,Dry,5,1,Mechanical Failure
0c6986f3,3/29/23,16:02,"Tokyo, Japan",-41.997979,163.61617,Hail,Icy,3,1,Weather Conditions
c1d546e7,5/24/24,12:29,"Tokyo, Japan",67.288831,41.474243,Hail,Snowy,3,6,Speeding
560d2ec1,9/30/23,4:37,"Paris, France",52.455945,62.921439,Hail,Wet,1,7,Mechanical Failure
effbe6dd,9/29/24,13:32,"London, UK",30.891975,66.195686,Fog,Dry,3,6,Speeding
b30df2c5,10/22/23,3:12,"Berlin, Germany",-3.667679,-176.950565,Fog,Dry,4,1,Drunk Driving
59b591df,11/9/23,9:29,"Toronto, Canada",23.562219,-15.58989,Clear,Wet,2,4,Weather Conditions
4.33E+07,8/19/24,15:31,"Toronto, Canada",26.730027,15.411184,Clear,Icy,4,6,Mechanical Failure
6ad46938,7/14/23,8:04,"Paris, France",58.982951,165.603654,Clear,Dry,1,10,Drunk Driving
c8046b43,3/7/24,17:18,"Sydney, Australia",-18.263616,142.177189,Rain,Gravel,5,1,Reckless Driving
8d641ae9,11/4/23,11:34,"New York, USA",-17.114754,-52.121614,Snow,Icy,2,9,Weather Conditions
eb0aec06,11/7/23,18:28,"London, UK",-22.561663,-58.666196,Hail,Icy,5,0,Distracted Driving
7369ed6a,1/23/23,3:28,"Toronto, Canada",-63.0698,69.995867,Fog,Snowy,5,6,Distracted Driving
2462f480,9/30/24,14:39,"Mumbai, India",-42.24219,-50.580311,Fog,Icy,1,2,Reckless Driving
ebfbb9ab,6/28/23,10:23,"Beijing, China",-40.91078,-131.359489,Storm,Under Construction,1,1,Drunk Driving
6e39bff5,10/26/23,12:00,"Mumbai, India",25.952723,-177.466837,Hail,Dry,1,2,Reckless Driving
e9815202,2/19/24,13:56,"Tokyo, Japan",-16.15584,-72.073565,Rain,Gravel,5,9,Weather Conditions
f8a157c0,1/23/24,15:17,"Toronto, Canada",-49.912116,-177.866428,Storm,Under Construction,3,5,Weather Conditions
194a86da,9/10/24,18:27,"Tokyo, Japan",-43.390335,82.110835,Storm,Icy,1,3,Drunk Driving
12909aba,11/5/24,10:21,"New York, USA",28.307443,124.636108,Clear,Dry,5,7,Speeding
68624003,6/16/23,5:23,"New York, USA",-19.651551,-36.934618,Rain,Gravel,4,3,Drunk Driving
2285a7f3,9/30/23,5:45,"Beijing, China",65.293985,111.788108,Snow,Wet,3,0,Drunk Driving
908445ab,8/21/23,23:20,"Toronto, Canada",-73.790538,-84.274951,Clear,Wet,2,3,Distracted Driving
3341d0b3,6/27/24,7:13,"New York, USA",20.948759,177.438778,Snow,Under Construction,2,5,Distracted Driving
6014f237,4/9/24,3:44,"Beijing, China",-48.845184,123.643578,Fog,Dry,5,8,Speeding
bbe654ef,8/3/24,18:29,"Paris, France",85.599636,-114.186754,Hail,Under Construction,4,5,Speeding
bb129b2e,2/18/24,2:06,"Berlin, Germany",-59.87525,-59.869849,Clear,Icy,2,6,Weather Conditions
a62cf2ff,10/25/23,10:40,"Mumbai, India",-15.043502,105.99399,Storm,Icy,3,0,Reckless Driving
41227db8,4/24/23,7:11,"Tokyo, Japan",-25.472506,112.57524,Rain,Gravel,3,7,Mechanical Failure
bca4c7d6,11/8/23,6:54,"Sydney, Australia",-65.463496,-9.041117,Rain,Icy,2,4,Drunk Driving
5aa951c1,8/22/23,11:37,"Berlin, Germany",9.213711,123.895856,Snow,Under Construction,1,1,Mechanical Failure
e7272534,11/8/23,18:55,"Paris, France",-61.460777,-47.055641,Fog,Wet,5,3,Weather Conditions
0a9f9956,9/6/23,16:28,"Tokyo, Japan",29.953948,-75.723328,Hail,Icy,3,7,Drunk Driving
ae2c822b,6/1/24,22:14,"Sydney, Australia",-79.135161,-97.435983,Rain,Dry,5,2,Drunk Driving
772149ce,1/24/23,15:19,"Sydney, Australia",-31.256835,-153.16465,Storm,Under Construction,2,8,Distracted Driving
dda4fab9,12/31/24,8:07,"Sydney, Australia",77.921887,161.707651,Hail,Snowy,3,1,Speeding
96f53563,6/5/24,12:21,"Sydney, Australia",44.221096,-37.855599,Storm,Dry,1,2,Weather Conditions
14d2f733,8/6/23,20:08,"Mumbai, India",45.79538,-42.891908,Rain,Icy,4,4,Drunk Driving
a3f9b9d8,1/1/23,17:34,"Paris, France",16.836304,55.165691,Hail,Wet,2,3,Drunk Driving
49c462dd,10/4/24,21:42,"Paris, France",49.686359,50.415381,Rain,Under Construction,1,7,Speeding
1dee89ac,3/1/23,4:43,"Sydney, Australia",4.206035,121.45511,Clear,Under Construction,1,10,Weather Conditions
f9ebd6c9,2/8/24,21:32,"London, UK",-60.20056,-107.136132,Snow,Snowy,2,4,Mechanical Failure
76edde5f,3/17/23,10:09,"New York, USA",42.403218,-61.959817,Rain,Dry,1,3,Speeding
1717c303,9/15/24,5:09,"Berlin, Germany",5.146608,87.423341,Storm,Wet,3,6,Distracted Driving
73556723,8/17/24,20:03,"Toronto, Canada",69.487759,37.339062,Snow,Under Construction,3,0,Mechanical Failure
ac882bc3,8/21/23,6:28,"Mumbai, India",-25.381741,-167.629903,Snow,Snowy,4,5,Weather Conditions
dd9e3809,1/23/23,2:09,"Beijing, China",-58.330588,7.784596,Rain,Under Construction,1,8,Distracted Driving
2db37b7a,9/22/24,14:10,"Beijing, China",50.797798,132.400838,Hail,Icy,1,1,Weather Conditions
a4f04b90,6/17/24,11:36,"Mumbai, India",-65.575898,-51.776772,Rain,Dry,2,2,Weather Conditions
45c6d2ad,10/5/23,13:16,"Toronto, Canada",-82.704716,95.86079,Hail,Wet,4,6,Reckless Driving
6.01E+11,4/9/24,2:51,"Sydney, Australia",65.543113,-151.894578,Clear,Gravel,3,8,Weather Conditions
3058402e,9/26/23,16:03,"Tokyo, Japan",24.946684,46.906486,Fog,Icy,3,7,Reckless Driving
460d0ec5,3/3/24,23:37,"Tokyo, Japan",-9.15018,-61.454812,Snow,Wet,4,1,Reckless Driving
f43fc62c,12/9/24,5:00,"Berlin, Germany",15.216317,45.866126,Fog,Under Construction,3,10,Drunk Driving
0d416466,3/4/24,19:22,"Toronto, Canada",35.204126,96.293615,Fog,Snowy,5,5,Drunk Driving
70fef061,3/22/24,18:58,"Toronto, Canada",28.233101,-107.411642,Rain,Gravel,4,6,Speeding
65de8cd2,4/16/23,9:23,"Sydney, Australia",-21.646254,-166.142556,Snow,Gravel,4,10,Mechanical Failure
0bf8713a,9/21/23,10:14,"London, UK",18.81811,16.287188,Rain,Icy,2,7,Weather Conditions
51fcf57d,7/8/23,21:54,"Toronto, Canada",81.90568,100.381005,Snow,Icy,4,6,Distracted Driving
af7421af,5/26/24,16:33,"Tokyo, Japan",11.225957,-176.350566,Clear,Under Construction,1,0,Weather Conditions
3164a981,8/25/23,2:45,"Mumbai, India",-48.340081,157.461466,Clear,Snowy,4,0,Weather Conditions
46b46f6b,5/8/23,18:03,"Toronto, Canada",-70.164014,2.119181,Snow,Dry,1,1,Speeding
9df821fb,8/31/23,8:00,"London, UK",40.077538,7.754806,Storm,Under Construction,2,5,Reckless Driving
68ff90d6,9/12/23,6:58,"Paris, France",12.069863,-47.167198,Storm,Under Construction,3,7,Speeding
d6e7b574,1/30/23,3:57,"Toronto, Canada",-81.96538,-168.389926,Storm,Gravel,4,3,Drunk Driving
52fc7414,2/27/24,22:15,"Berlin, Germany",67.629605,-87.608538,Rain,Gravel,3,2,Drunk Driving
b4b805dc,1/5/23,23:27,"Tokyo, Japan",44.661939,137.431127,Hail,Dry,3,8,Distracted Driving
5e8ddb90,7/14/23,8:10,"London, UK",58.056622,53.556231,Rain,Icy,1,5,Speeding
b4ae8728,5/23/23,0:36,"Sydney, Australia",-30.309212,149.35219,Fog,Under Construction,3,4,Speeding
9.49E+14,1/1/23,21:14,"Mumbai, India",-17.030602,-139.996451,Fog,Icy,3,8,Speeding
e75631f0,3/14/24,15:07,"Sydney, Australia",-31.343183,-76.073749,Fog,Icy,5,3,Reckless Driving
269f4976,10/30/23,16:24,"New York, USA",43.126956,-121.644665,Rain,Gravel,2,1,Drunk Driving
b010cd1f,12/5/24,4:03,"Berlin, Germany",49.48394,139.711441,Fog,Wet,1,5,Drunk Driving
1dd2affd,5/8/24,7:35,"Paris, France",78.665891,79.296957,Snow,Gravel,1,10,Drunk Driving
ff10f392,4/20/24,15:17,"Toronto, Canada",29.643486,55.90078,Fog,Dry,5,0,Weather Conditions
dd336b1e,5/2/24,21:40,"New York, USA",-54.506792,138.183691,Snow,Icy,3,2,Speeding
9c494426,12/22/24,11:21,"New York, USA",-19.152371,-87.22986,Clear,Dry,1,0,Speeding
2cc06910,5/22/24,8:06,"Mumbai, India",-6.365169,-89.919613,Snow,Dry,2,10,Mechanical Failure
e71f81a7,1/29/24,13:05,"London, UK",-31.248429,97.669058,Fog,Icy,5,1,Speeding
e7a49025,10/27/24,23:24,"Tokyo, Japan",-83.703053,174.771981,Snow,Snowy,3,4,Drunk Driving
7a819c59,9/24/23,20:03,"London, UK",-18.874721,71.30481,Fog,Icy,2,3,Weather Conditions
647c25fb,3/19/24,20:28,"London, UK",43.055055,6.071048,Hail,Under Construction,1,3,Mechanical Failure
ab7626a1,8/5/23,5:49,"Sydney, Australia",-4.367832,-156.15727,Hail,Dry,2,4,Speeding
974fddd5,12/30/23,17:15,"Berlin, Germany",-25.754747,74.80687,Hail,Icy,4,4,Weather Conditions
0608ff17,11/7/24,11:14,"Sydney, Australia",-80.239882,125.377427,Storm,Dry,3,6,Weather Conditions
58ad21a8,1/21/23,14:33,"Tokyo, Japan",-33.88657,87.098022,Storm,Wet,1,8,Drunk Driving
f256476e,4/27/23,23:45,"Beijing, China",-1.230341,152.59683,Snow,Dry,2,6,Drunk Driving
31873bfc,10/4/24,9:29,"Beijing, China",19.968169,25.043775,Fog,Icy,4,1,Mechanical Failure
2d1d59f1,9/27/24,20:54,"Sydney, Australia",-82.830477,43.081666,Snow,Dry,5,8,Distracted Driving
c985530e,4/21/23,8:52,"London, UK",-17.451417,104.498968,Hail,Snowy,4,1,Reckless Driving
808bfa3d,9/18/24,8:42,"Paris, France",-4.521101,65.606337,Clear,Under Construction,1,7,Speeding
3d0bb5fb,1/16/24,9:15,"Toronto, Canada",30.48924,6.7207,Clear,Gravel,2,0,Reckless Driving
e39b4535,1/15/24,2:17,"Paris, France",86.556737,-171.676048,Storm,Icy,5,2,Mechanical Failure
ad0adbbb,9/22/23,2:32,"London, UK",66.233788,154.063685,Hail,Gravel,5,3,Weather Conditions
579a4b30,4/20/23,6:32,"Sydney, Australia",13.688481,-28.926082,Storm,Snowy,5,9,Weather Conditions
53739507,9/15/24,15:13,"Beijing, China",69.89344,-146.609504,Hail,Wet,2,3,Reckless Driving
9b9894c0,2/18/23,15:59,"Paris, France",-57.580556,-59.353988,Fog,Wet,5,3,Speeding
d26ce2c3,2/8/23,14:46,"Mumbai, India",4.064716,-33.90041,Rain,Gravel,5,4,Mechanical Failure
6898f71e,4/12/24,8:22,"Beijing, China",-70.874919,-61.973894,Hail,Wet,3,6,Drunk Driving
b24388e2,11/12/24,8:58,"Tokyo, Japan",87.477154,113.751873,Storm,Snowy,1,2,Speeding
57dbcf92,9/15/24,6:08,"Tokyo, Japan",-29.363742,-31.784408,Fog,Gravel,5,3,Speeding
051741b2,3/21/24,12:33,"Mumbai, India",26.76607,-113.473739,Hail,Wet,5,5,Drunk Driving
f4f68544,1/30/24,4:42,"Mumbai, India",44.321507,-82.566302,Storm,Icy,4,8,Reckless Driving
aacc1628,8/1/23,14:21,"Toronto, Canada",-64.922058,134.203486,Rain,Under Construction,4,3,Drunk Driving
10714573,2/5/23,18:26,"Sydney, Australia",66.740092,10.240596,Rain,Dry,4,8,Weather Conditions
3bb935cc,10/31/23,5:18,"Beijing, China",63.939765,-64.558105,Snow,Snowy,5,8,Reckless Driving
8efb2542,1/31/23,9:27,"Beijing, China",24.636953,164.198337,Snow,Snowy,5,2,Drunk Driving
241d2fc0,2/13/23,4:05,"Toronto, Canada",26.622261,75.759882,Hail,Icy,2,6,Drunk Driving
20b200d3,4/9/24,1:04,"Beijing, China",-7.65498,78.791794,Fog,Dry,2,7,Drunk Driving
fc6093e2,4/15/24,10:53,"London, UK",-65.519708,-59.883883,Storm,Wet,2,0,Drunk Driving
6fcf3f76,9/28/23,23:30,"Beijing, China",-64.221431,-126.384944,Fog,Wet,3,5,Reckless Driving
1e39ec5a,5/23/24,11:44,"Tokyo, Japan",52.244555,155.159028,Hail,Wet,5,1,Weather Conditions
57637d50,3/8/23,4:27,"Paris, France",55.406685,-128.729413,Snow,Dry,3,9,Drunk Driving
20bc8457,10/24/24,16:49,"New York, USA",-15.98413,136.846676,Fog,Dry,3,0,Speeding
55fb25b9,8/17/24,20:06,"Paris, France",-76.059028,-71.942304,Storm,Icy,2,7,Distracted Driving
4940ca7f,8/9/24,7:59,"New York, USA",35.629953,-69.222008,Fog,Snowy,5,2,Weather Conditions
a4c2353e,2/2/24,14:29,"Toronto, Canada",-55.846105,149.513515,Snow,Wet,4,7,Weather Conditions
2c8190c2,6/23/23,2:20,"Beijing, China",19.022167,158.965437,Clear,Wet,3,0,Weather Conditions
4118cdae,10/12/24,10:05,"Tokyo, Japan",-78.018152,41.285871,Snow,Under Construction,1,3,Speeding
a511ddb0,4/28/24,19:47,"Mumbai, India",37.550301,57.072995,Storm,Wet,2,7,Mechanical Failure
6a21f887,1/20/24,15:42,"Beijing, China",-88.8264,40.664186,Storm,Snowy,1,6,Speeding
b18bceb4,6/30/23,1:00,"Beijing, China",47.344672,144.074485,Rain,Wet,3,4,Weather Conditions
e1a05ee0,7/29/23,9:01,"Berlin, Germany",-25.331105,-175.692184,Hail,Dry,1,4,Reckless Driving
9fe4462e,8/20/24,14:45,"Beijing, China",-55.782474,-143.594707,Rain,Wet,2,1,Drunk Driving
7b0952a0,7/5/24,6:15,"Toronto, Canada",33.861123,-32.849541,Rain,Snowy,2,5,Weather Conditions
bb675d86,9/27/24,20:27,"Berlin, Germany",-21.91634,-133.508187,Rain,Wet,5,4,Reckless Driving
9d0d5fd0,12/10/23,21:24,"Paris, France",-83.623459,107.411781,Storm,Icy,1,6,Reckless Driving
171160b8,11/3/23,5:43,"Beijing, China",18.82343,-125.76222,Storm,Icy,2,10,Weather Conditions
a932a1bb,5/27/23,0:16,"New York, USA",-28.955601,73.945961,Storm,Gravel,4,10,Distracted Driving
e06a9381,5/17/23,11:56,"New York, USA",-27.194758,120.231887,Clear,Dry,4,10,Mechanical Failure
89a6ca01,7/3/24,6:43,"Berlin, Germany",-0.310141,-178.742899,Storm,Snowy,3,9,Drunk Driving
e98e0a61,12/15/24,21:46,"Toronto, Canada",44.205278,-106.194679,Snow,Wet,3,2,Reckless Driving
79599696,5/1/24,2:10,"Sydney, Australia",12.61129,-136.060129,Clear,Under Construction,4,6,Weather Conditions
8de4cf74,10/16/23,10:44,"Paris, France",-14.415896,-12.929971,Fog,Gravel,2,1,Drunk Driving
b6fa28ed,11/9/23,22:48,"New York, USA",-14.715542,32.260661,Snow,Under Construction,3,4,Speeding
c38c052a,12/9/23,23:29,"Beijing, China",2.631673,-22.837522,Storm,Snowy,5,2,Reckless Driving
e01a92df,11/9/23,1:12,"Tokyo, Japan",-21.279372,-99.194534,Rain,Gravel,5,3,Mechanical Failure
8c4e043d,5/23/24,19:22,"Mumbai, India",70.548906,117.16324,Storm,Snowy,4,2,Reckless Driving
6a85612a,6/29/23,9:40,"Beijing, China",-33.292265,3.882212,Fog,Snowy,3,3,Speeding
0a0c283e,1/8/23,5:06,"Tokyo, Japan",-51.954661,-32.748879,Clear,Under Construction,2,0,Mechanical Failure
35ce4fe2,7/17/23,5:39,"Sydney, Australia",11.753162,-35.270982,Storm,Icy,1,3,Weather Conditions
dca5eaf0,10/14/24,11:32,"London, UK",44.435074,-94.402191,Hail,Gravel,3,5,Drunk Driving
e7f8e89b,10/26/23,17:26,"London, UK",-48.629253,45.230342,Snow,Under Construction,3,8,Reckless Driving
60e5d851,12/27/24,3:35,"Mumbai, India",36.351852,106.298839,Snow,Snowy,4,2,Speeding
d413b090,9/30/23,15:51,"London, UK",-2.127611,121.3878,Storm,Wet,1,10,Distracted Driving
897c333d,6/29/23,7:44,"Mumbai, India",17.78898,-137.692501,Snow,Snowy,2,10,Mechanical Failure
cbbe4d02,8/5/24,15:32,"Beijing, China",-1.480506,1.520597,Storm,Gravel,4,3,Drunk Driving
22c9b3e4,10/18/24,23:42,"London, UK",-11.603496,-93.49035,Fog,Dry,1,0,Mechanical Failure
c8b2c1c5,5/25/23,1:57,"Berlin, Germany",28.021533,-95.155368,Hail,Wet,5,7,Weather Conditions
19a060ff,5/2/23,16:56,"Berlin, Germany",-69.299605,72.348078,Rain,Under Construction,2,7,Mechanical Failure
32fdc812,6/18/23,8:12,"London, UK",-59.147135,45.724553,Clear,Wet,2,5,Weather Conditions
b391be1c,12/17/24,22:57,"London, UK",76.786582,52.088594,Storm,Icy,2,5,Mechanical Failure
ae0f94ef,2/25/23,6:19,"Tokyo, Japan",49.086249,-31.192919,Rain,Icy,5,3,Reckless Driving
4302d98e,5/13/24,4:22,"Mumbai, India",-11.356179,11.433785,Fog,Wet,4,7,Speeding
6de4ec68,4/18/24,7:01,"Sydney, Australia",65.731711,-110.320235,Snow,Under Construction,2,3,Speeding
aafeaf70,5/8/24,8:47,"Toronto, Canada",-6.970873,102.087864,Fog,Dry,2,5,Distracted Driving
858d35bc,1/5/24,13:56,"London, UK",15.756636,-13.673814,Storm,Wet,5,8,Mechanical Failure
f010d5ae,2/13/24,5:09,"Mumbai, India",44.497356,-168.196693,Hail,Under Construction,4,7,Drunk Driving
f67231dc,10/26/24,4:23,"Toronto, Canada",71.594716,28.818337,Snow,Gravel,5,8,Distracted Driving
f9923027,1/29/23,19:16,"Mumbai, India",75.581055,-111.622716,Rain,Icy,3,0,Mechanical Failure
d4c63365,10/21/23,12:07,"Sydney, Australia",65.216269,173.278782,Storm,Icy,5,7,Drunk Driving
eedf7794,12/4/23,17:54,"Beijing, China",-79.671999,18.089348,Fog,Under Construction,5,4,Reckless Driving
e91dcc80,6/29/23,15:34,"Sydney, Australia",34.84449,-124.948683,Rain,Gravel,1,8,Reckless Driving
a2519608,1/21/23,13:43,"Toronto, Canada",81.548998,-80.351286,Fog,Icy,5,5,Distracted Driving
e6b7cb24,8/22/23,2:29,"Berlin, Germany",-23.141395,-52.168446,Snow,Gravel,4,5,Speeding
bb5a15f5,5/24/23,18:10,"Tokyo, Japan",-85.989008,123.961252,Storm,Dry,3,4,Speeding
224af622,2/13/23,11:52,"Paris, France",-34.257402,-60.563258,Fog,Dry,1,2,Speeding
7a4a856f,8/20/23,19:11,"Berlin, Germany",13.702956,-172.33713,Snow,Wet,4,3,Speeding
5595f286,12/15/23,17:28,"London, UK",-23.105336,-109.942758,Clear,Under Construction,5,3,Reckless Driving
1a6995fc,6/9/23,12:26,"New York, USA",-61.246153,90.473654,Rain,Gravel,2,8,Weather Conditions
de29d98f,6/29/24,3:10,"Beijing, China",84.422075,-167.870576,Rain,Dry,5,8,Drunk Driving
0591944c,1/26/24,6:04,"Paris, France",38.499153,80.12483,Hail,Under Construction,4,3,Weather Conditions
312b2bda,2/21/24,10:41,"New York, USA",32.467752,78.342638,Rain,Gravel,4,2,Reckless Driving
24b18208,8/12/24,4:15,"Paris, France",-36.179568,-28.827567,Storm,Gravel,3,1,Reckless Driving
c0f3b01f,10/27/24,3:00,"Mumbai, India",27.842972,93.299009,Hail,Icy,1,1,Drunk Driving
cfa12057,4/20/23,21:31,"Paris, France",61.372072,-16.332107,Fog,Icy,2,5,Mechanical Failure
8996372,11/28/23,15:15,"Paris, France",-27.374531,-36.471508,Storm,Under Construction,2,2,Weather Conditions
065784f1,11/7/23,19:27,"London, UK",0.655132,-19.31174,Storm,Wet,4,9,Weather Conditions
be4eb834,6/8/23,17:57,"Tokyo, Japan",83.287524,-77.740221,Clear,Icy,5,7,Weather Conditions
f97c7fd0,2/10/23,18:13,"Toronto, Canada",69.920037,54.032097,Fog,Icy,3,4,Speeding
d7f8f1f0,3/30/24,3:50,"Mumbai, India",-0.824686,171.973815,Hail,Under Construction,1,8,Drunk Driving
5fbcaa40,7/10/24,21:01,"New York, USA",39.88439,-100.439356,Rain,Wet,1,2,Weather Conditions
810c2685,1/28/23,8:14,"Tokyo, Japan",21.401143,96.996344,Fog,Icy,1,8,Reckless Driving
8500689b,3/21/24,11:05,"London, UK",-22.606682,-50.658426,Snow,Under Construction,2,2,Mechanical Failure
d53543a4,7/18/23,17:19,"Beijing, China",-7.715067,-84.028801,Hail,Gravel,2,5,Weather Conditions
76b0d6aa,9/28/23,14:22,"Tokyo, Japan",49.567434,42.953546,Fog,Icy,3,3,Speeding
186e04e2,12/28/23,3:17,"Sydney, Australia",65.823279,72.222544,Clear,Wet,4,6,Drunk Driving
37120392,7/1/23,1:27,"Paris, France",10.661006,-77.922507,Snow,Under Construction,1,9,Speeding
d9608d5c,3/20/24,16:42,"Tokyo, Japan",46.079642,28.321636,Snow,Gravel,3,5,Speeding
18f6bbea,2/25/23,18:35,"New York, USA",74.622674,105.358189,Storm,Under Construction,3,6,Mechanical Failure
9ec34405,12/14/24,15:58,"Beijing, China",75.039858,-175.306578,Rain,Under Construction,3,4,Mechanical Failure
531876d5,1/18/24,21:07,"Tokyo, Japan",77.322357,-172.146676,Rain,Icy,1,10,Weather Conditions
7cb9907c,1/4/24,9:23,"London, UK",81.746338,11.698863,Fog,Gravel,1,0,Mechanical Failure
c77c19ab,1/6/24,15:06,"Tokyo, Japan",15.417974,-0.057128,Storm,Dry,2,1,Distracted Driving
1ef393ee,3/19/24,10:21,"Mumbai, India",-21.197571,70.182382,Fog,Snowy,1,7,Distracted Driving
27e21072,10/24/23,19:00,"London, UK",46.42062,139.388373,Snow,Wet,2,1,Distracted Driving
5d65dab9,5/25/23,20:55,"Paris, France",-89.007111,-103.221776,Hail,Under Construction,5,7,Weather Conditions
deec1575,7/12/24,14:11,"Toronto, Canada",-37.614556,114.796155,Clear,Dry,2,5,Drunk Driving
e6988d75,6/25/24,4:28,"Mumbai, India",55.599658,-158.724024,Fog,Icy,5,4,Reckless Driving
ca66d772,9/27/23,19:45,"Tokyo, Japan",20.422889,79.953994,Storm,Dry,5,8,Weather Conditions
939c9c27,11/28/23,11:59,"Tokyo, Japan",16.473002,42.114665,Storm,Wet,4,7,Mechanical Failure
df5b8aca,1/23/24,12:21,"Berlin, Germany",-45.904107,-59.753214,Snow,Wet,5,2,Reckless Driving
665b527b,7/13/23,21:49,"Sydney, Australia",-63.017898,-44.738457,Snow,Under Construction,1,4,Distracted Driving
4732697a,1/3/24,22:49,"Toronto, Canada",45.911492,-171.977574,Fog,Snowy,4,3,Reckless Driving
de4675df,7/26/24,0:47,"Tokyo, Japan",18.912266,-150.057109,Hail,Snowy,3,5,Drunk Driving
86be54ee,10/30/24,13:28,"London, UK",-41.79202,-140.927917,Snow,Under Construction,4,1,Distracted Driving
71d9ef3b,1/29/24,18:23,"New York, USA",-71.304281,133.697615,Snow,Under Construction,2,4,Distracted Driving
bf3e52ae,7/9/24,14:19,"Toronto, Canada",-80.409415,65.325266,Snow,Icy,5,9,Mechanical Failure
c0a144b8,10/26/24,11:16,"Sydney, Australia",64.139485,132.832346,Storm,Wet,1,7,Speeding
bdf185c2,5/27/24,21:51,"New York, USA",42.703934,31.455929,Fog,Wet,1,1,Weather Conditions
55a2872d,10/12/23,16:15,"Tokyo, Japan",-24.873746,163.422607,Snow,Dry,3,10,Drunk Driving
91d1ee41,6/8/23,14:18,"Sydney, Australia",51.671015,45.481551,Storm,Wet,5,9,Drunk Driving
16de853e,12/11/24,19:48,"New York, USA",-77.957434,175.876122,Storm,Dry,1,9,Mechanical Failure
e6278ee7,11/22/24,17:57,"Paris, France",6.635654,-163.574769,Storm,Wet,4,2,Speeding
132f05b5,8/12/23,10:00,"Paris, France",42.301488,59.982783,Clear,Dry,4,5,Drunk Driving
5c12d9b3,7/21/23,0:25,"Paris, France",68.433143,25.604703,Rain,Wet,1,3,Distracted Driving
511ebf86,3/29/24,13:44,"Berlin, Germany",66.49024,-140.595142,Rain,Under Construction,3,4,Distracted Driving
0093a414,7/13/24,8:38,"Beijing, China",-47.54669,153.161512,Storm,Wet,3,5,Drunk Driving
e9c473f4,10/27/23,14:48,"London, UK",13.071551,88.725167,Clear,Wet,5,3,Mechanical Failure
fb82c9eb,7/29/23,16:53,"Tokyo, Japan",-80.256566,-141.689671,Fog,Under Construction,4,9,Drunk Driving
c52041c6,6/28/23,13:24,"Toronto, Canada",56.923449,-118.771351,Fog,Dry,5,9,Drunk Driving
e84cb19d,2/12/24,10:52,"Toronto, Canada",-49.462609,132.712907,Fog,Dry,1,1,Distracted Driving
5e5db354,5/23/24,19:56,"Sydney, Australia",-39.363516,121.535268,Storm,Wet,4,10,Drunk Driving
7ad3a84e,6/8/23,17:14,"Beijing, China",-80.505806,177.618447,Rain,Icy,3,7,Drunk Driving
0223399a,6/10/23,22:37,"Berlin, Germany",-81.228461,155.294422,Snow,Dry,5,0,Distracted Driving
d1b0d639,10/31/23,13:16,"Mumbai, India",11.927731,160.080515,Rain,Gravel,2,6,Weather Conditions
b9532793,3/13/24,17:47,"Sydney, Australia",0.090042,3.091655,Rain,Snowy,4,4,Speeding
496c9463,5/22/24,0:45,"Toronto, Canada",-88.476026,40.149389,Snow,Under Construction,2,6,Weather Conditions
a94fd2dd,11/6/24,8:34,"London, UK",-75.191829,-107.555762,Snow,Snowy,3,4,Speeding
d7463108,9/14/24,12:55,"Beijing, China",88.20917,-65.764669,Snow,Wet,2,9,Reckless Driving
17bff91b,6/23/23,6:28,"Toronto, Canada",89.568322,98.224936,Snow,Dry,4,9,Distracted Driving
f84a967b,11/9/24,11:37,"Sydney, Australia",38.41647,-4.652539,Storm,Dry,3,2,Mechanical Failure
abe76236,7/31/24,0:04,"Mumbai, India",3.103597,-100.612043,Snow,Gravel,1,8,Speeding
0115e67a,5/8/24,10:21,"Mumbai, India",-36.525981,-150.469523,Hail,Under Construction,4,3,Drunk Driving
c2490c9d,8/8/24,7:42,"Mumbai, India",-9.377822,-174.462833,Snow,Snowy,5,0,Reckless Driving
b63b38ba,7/7/23,22:25,"London, UK",52.366697,122.544855,Rain,Gravel,2,1,Speeding
6996deea,9/23/23,12:01,"London, UK",51.147731,-171.547919,Snow,Under Construction,3,6,Mechanical Failure
52a2cf61,12/7/24,23:19,"Tokyo, Japan",63.256276,-64.756871,Hail,Snowy,1,3,Weather Conditions
d3d8fffc,9/16/23,14:06,"Tokyo, Japan",-64.393944,8.9195,Snow,Icy,5,8,Distracted Driving
d223220c,11/19/23,6:27,"Paris, France",22.374915,138.452966,Rain,Wet,2,6,Distracted Driving
a1fd38b2,10/25/24,4:54,"Toronto, Canada",-64.49196,-128.687489,Storm,Under Construction,4,8,Reckless Driving
b3bd6474,3/22/23,21:18,"New York, USA",56.092216,-95.477167,Fog,Snowy,5,7,Weather Conditions
b0bd4f6b,8/12/23,22:59,"Beijing, China",-76.19321,-19.975326,Storm,Gravel,4,5,Speeding
78e5ee4e,12/15/24,6:12,"Mumbai, India",59.646862,160.023348,Clear,Wet,1,5,Speeding
51f7e697,9/24/23,13:02,"Paris, France",-22.411105,-22.285751,Snow,Under Construction,1,3,Weather Conditions
3d8e88cd,8/13/23,14:15,"Mumbai, India",7.459924,-134.646489,Clear,Under Construction,3,1,Reckless Driving
d44a347c,5/26/23,8:01,"Berlin, Germany",9.996028,164.870032,Snow,Snowy,3,8,Reckless Driving
53ca2a82,1/22/23,4:28,"Beijing, China",58.971417,29.180135,Hail,Under Construction,2,10,Distracted Driving
64caca66,2/7/24,1:50,"Mumbai, India",82.740515,-9.182182,Snow,Dry,2,9,Distracted Driving
d7d51b93,8/20/23,7:35,"Toronto, Canada",-43.642549,73.944153,Hail,Gravel,5,8,Reckless Driving
cf144465,1/25/24,0:53,"Mumbai, India",-30.329256,139.090261,Clear,Wet,3,0,Drunk Driving
b5f84f58,6/3/24,4:20,"London, UK",-37.488998,6.526196,Snow,Icy,3,8,Weather Conditions
c35f75fb,12/7/24,23:39,"Mumbai, India",-85.43652,-28.073696,Hail,Wet,2,9,Weather Conditions
601e6357,12/23/24,16:36,"Beijing, China",-54.175096,-105.247398,Hail,Dry,3,4,Drunk Driving
decf8587,4/30/24,10:48,"Tokyo, Japan",-65.561906,111.906418,Storm,Gravel,4,2,Reckless Driving
bdb956bb,2/19/23,4:58,"Tokyo, Japan",-32.847026,6.047432,Fog,Wet,3,7,Drunk Driving
4e209669,2/5/23,15:24,"Toronto, Canada",-55.602431,-102.316293,Clear,Dry,3,10,Weather Conditions
c63f4185,12/11/23,22:03,"Beijing, China",-63.719875,-146.951098,Fog,Snowy,5,1,Reckless Driving
9e7d6717,5/11/23,1:14,"New York, USA",44.896612,82.88763,Fog,Snowy,5,1,Weather Conditions
70a799db,8/31/24,7:19,"Beijing, China",27.115651,11.652818,Snow,Icy,5,3,Speeding
08ee3319,6/19/23,4:43,"Berlin, Germany",-61.305303,-48.501229,Storm,Wet,4,1,Drunk Driving
47d01bab,10/23/24,5:21,"Beijing, China",71.556484,-56.580415,Fog,Wet,3,0,Weather Conditions
f7a2d315,11/23/23,21:33,"Paris, France",-88.986686,90.256307,Clear,Gravel,5,9,Weather Conditions
b08ec5a0,9/6/24,16:38,"Paris, France",61.706881,-62.017911,Snow,Under Construction,5,4,Distracted Driving
f87b745f,3/7/24,6:22,"Sydney, Australia",16.805573,-103.909214,Rain,Under Construction,1,3,Mechanical Failure
0ee1b83b,10/2/24,5:40,"New York, USA",33.962068,-139.2822,Storm,Icy,2,7,Drunk Driving
7a4fa6df,2/1/24,2:17,"Beijing, China",89.430129,-107.101721,Storm,Icy,4,6,Mechanical Failure
1ee442b3,9/28/24,5:45,"Toronto, Canada",79.401867,27.07969,Snow,Gravel,3,4,Distracted Driving
6d879304,3/19/23,11:16,"Toronto, Canada",43.607594,64.009574,Rain,Gravel,3,5,Drunk Driving
54dd3364,10/4/23,14:31,"Sydney, Australia",-29.690157,99.226536,Rain,Snowy,3,7,Distracted Driving
ed5f36bd,9/19/23,17:46,"Berlin, Germany",74.472782,-133.799818,Rain,Icy,3,0,Mechanical Failure
458ac841,11/18/23,19:03,"Toronto, Canada",-69.698358,-61.732786,Fog,Snowy,4,5,Reckless Driving
7c36ebac,1/25/24,20:01,"Sydney, Australia",50.892856,80.536107,Storm,Under Construction,4,2,Distracted Driving
1813352d,4/30/23,3:34,"London, UK",-49.085644,28.187125,Hail,Gravel,2,6,Reckless Driving
6fdb27d9,1/21/23,10:23,"Berlin, Germany",63.100841,3.135403,Rain,Icy,5,9,Drunk Driving
e74389b9,4/24/24,23:39,"New York, USA",44.872521,-98.165274,Hail,Wet,1,0,Weather Conditions
b31c8001,10/16/24,13:00,"Berlin, Germany",59.164862,-143.366857,Storm,Under Construction,2,4,Drunk Driving
e8790fc6,2/14/23,10:04,"Toronto, Canada",46.346395,45.371809,Storm,Snowy,1,0,Speeding
17d52b41,12/3/24,0:46,"Paris, France",47.288007,39.24575,Snow,Icy,1,6,Drunk Driving
7f40ce42,10/16/23,7:21,"Berlin, Germany",-62.430321,161.614926,Hail,Under Construction,4,7,Distracted Driving
76c94484,1/13/24,2:09,"Beijing, China",33.682093,96.283764,Rain,Snowy,2,2,Distracted Driving
bca3ad11,10/22/24,8:20,"New York, USA",-48.622619,-155.216324,Hail,Under Construction,5,3,Distracted Driving
2452c541,3/8/24,0:25,"Mumbai, India",-75.39883,-92.514507,Storm,Gravel,3,8,Distracted Driving
7.12E+75,11/1/24,7:39,"Paris, France",-51.318158,-88.03393,Rain,Dry,5,7,Reckless Driving
8885c119,1/23/24,15:59,"Mumbai, India",53.40562,18.406232,Clear,Wet,4,0,Mechanical Failure
f11eb6f0,3/11/23,15:09,"Tokyo, Japan",48.568727,-32.029751,Hail,Snowy,5,10,Distracted Driving
a957f561,1/12/24,0:46,"Mumbai, India",17.52265,-98.7823,Fog,Icy,4,5,Mechanical Failure
4e576b8c,8/19/24,18:12,"London, UK",-1.661858,-28.348749,Rain,Snowy,5,7,Distracted Driving
4ea152ff,11/30/24,9:13,"London, UK",-12.724472,-134.147589,Rain,Under Construction,1,8,Reckless Driving
abec877b,4/23/24,22:34,"Mumbai, India",-61.471809,-13.199459,Snow,Icy,3,0,Mechanical Failure
27eb3cac,5/7/24,15:36,"Tokyo, Japan",-52.300602,-137.896935,Fog,Snowy,4,5,Mechanical Failure
91aaf362,8/8/24,20:33,"Toronto, Canada",50.082554,72.224569,Snow,Gravel,5,0,Reckless Driving
851309a0,9/8/24,15:18,"New York, USA",-51.486789,11.734394,Clear,Under Construction,4,5,Distracted Driving
5289a481,2/13/23,10:52,"Berlin, Germany",-51.173882,89.957045,Clear,Icy,3,1,Mechanical Failure
1f476b53,7/29/24,1:52,"Berlin, Germany",75.219361,118.750853,Snow,Gravel,3,6,Mechanical Failure
506ca744,10/15/23,18:06,"Sydney, Australia",66.877597,-30.805107,Clear,Snowy,1,9,Drunk Driving
69505ca8,9/6/23,16:33,"Mumbai, India",9.587261,-112.313071,Clear,Wet,1,4,Speeding
b6e1f999,3/11/24,1:33,"Sydney, Australia",16.26049,-47.06008,Rain,Icy,1,1,Speeding
b172109c,4/14/23,15:47,"Toronto, Canada",44.625254,134.154772,Snow,Gravel,3,8,Speeding
d0ac650a,11/7/24,6:30,"New York, USA",-17.288209,141.287893,Hail,Gravel,5,5,Speeding
5a4528dd,2/11/23,22:05,"Sydney, Australia",-61.673006,136.995635,Snow,Dry,3,6,Mechanical Failure
677f394b,6/15/23,12:22,"Toronto, Canada",-35.837619,-139.03726,Rain,Wet,2,3,Mechanical Failure
7574cd63,7/19/24,18:51,"London, UK",-14.526479,-113.598201,Fog,Gravel,1,8,Reckless Driving
f5d0282c,7/5/24,23:50,"Beijing, China",25.938647,-0.743057,Rain,Icy,5,3,Weather Conditions
3176c4bf,1/24/24,18:27,"New York, USA",-80.37228,-56.096112,Storm,Icy,3,4,Weather Conditions
bc890a50,3/3/23,23:07,"Paris, France",66.92445,28.558041,Fog,Snowy,5,5,Distracted Driving
90d155e0,2/11/24,21:08,"Tokyo, Japan",-35.264022,59.895378,Rain,Snowy,4,4,Mechanical Failure
823d67fe,7/16/24,10:18,"Beijing, China",-11.24968,140.13006,Clear,Wet,3,3,Mechanical Failure
d6ea45a7,2/12/23,3:28,"Paris, France",13.665392,113.199685,Snow,Snowy,4,6,Distracted Driving
47521d3b,4/19/24,16:59,"Toronto, Canada",-8.377261,-96.519831,Fog,Wet,4,5,Reckless Driving
02333a38,5/19/23,22:57,"Tokyo, Japan",15.364023,34.573081,Storm,Icy,3,1,Weather Conditions
3bb48643,11/10/23,8:03,"Sydney, Australia",-14.077649,179.453469,Fog,Icy,5,3,Drunk Driving
b1626c6e,1/21/23,4:12,"New York, USA",-27.83346,17.641174,Hail,Gravel,2,9,Speeding
849f9a76,12/21/23,15:38,"Berlin, Germany",-15.36909,0.475631,Clear,Under Construction,1,9,Reckless Driving
309e55cf,5/30/23,16:20,"Mumbai, India",55.826788,-65.89055,Clear,Icy,5,6,Distracted Driving
5534b1fb,8/26/24,15:28,"Berlin, Germany",37.811145,10.832643,Snow,Icy,4,8,Drunk Driving
4d15fa48,3/12/23,14:00,"Mumbai, India",-60.351963,61.018575,Rain,Wet,5,0,Mechanical Failure
d1c4e394,1/11/23,4:00,"London, UK",-82.455028,-108.292013,Rain,Under Construction,1,7,Distracted Driving
df52be69,3/9/23,8:39,"London, UK",76.698171,69.591422,Clear,Snowy,4,6,Drunk Driving
e78a238c,12/27/23,7:09,"Berlin, Germany",-24.176703,-20.331122,Snow,Snowy,5,1,Speeding
fbf7ba5c,4/26/24,20:40,"Toronto, Canada",21.689117,-88.356402,Rain,Wet,2,4,Drunk Driving
d1aba818,3/17/24,3:19,"Berlin, Germany",-15.664804,151.74911,Fog,Icy,2,7,Mechanical Failure
8897fb2a,1/1/24,2:13,"Tokyo, Japan",-69.955735,-67.076079,Snow,Under Construction,2,1,Speeding
c13d9073,3/21/24,15:49,"Berlin, Germany",-16.252226,20.178862,Snow,Icy,2,2,Mechanical Failure
c1dc98ff,1/31/24,15:31,"Berlin, Germany",-83.881223,-46.469496,Rain,Gravel,2,3,Reckless Driving
4d0b7b0d,12/21/23,8:56,"Sydney, Australia",-6.711976,-159.300387,Fog,Icy,4,10,Mechanical Failure
b9547a73,7/8/24,7:17,"Berlin, Germany",-53.82576,-97.77152,Snow,Under Construction,2,0,Distracted Driving
35635d73,3/20/24,4:31,"Paris, France",-81.917841,31.910095,Hail,Wet,3,7,Distracted Driving
58f6fbd8,12/2/24,9:09,"New York, USA",61.12773,-92.329997,Fog,Under Construction,1,1,Reckless Driving
972e332d,4/7/24,3:31,"New York, USA",-24.432916,178.352505,Hail,Dry,1,4,Mechanical Failure
f8186b01,2/11/23,0:46,"London, UK",-50.496004,-57.764873,Storm,Snowy,5,2,Reckless Driving
7ee92938,6/8/23,9:30,"Berlin, Germany",39.343811,167.570409,Fog,Wet,3,9,Reckless Driving
70d8ef61,12/15/23,1:33,"Beijing, China",8.325345,68.165137,Clear,Dry,5,3,Drunk Driving
6c7c2286,4/12/24,16:50,"Beijing, China",77.776086,-109.965081,Fog,Dry,5,10,Speeding
2bac5e9f,11/24/24,10:36,"New York, USA",48.928032,159.139304,Hail,Wet,3,0,Mechanical Failure
25ead2a3,9/18/24,8:13,"Sydney, Australia",45.921512,-23.455928,Rain,Snowy,5,8,Drunk Driving
5d3c5469,8/21/24,23:15,"Berlin, Germany",79.873181,168.606673,Snow,Dry,2,5,Reckless Driving
fd19f45b,3/9/24,18:34,"Tokyo, Japan",-50.348599,-150.250531,Snow,Gravel,3,9,Speeding
3ea1c472,8/14/24,19:39,"Sydney, Australia",-24.569921,151.620551,Storm,Wet,2,9,Speeding
26d2a17a,8/29/23,23:23,"Tokyo, Japan",-9.700696,159.559486,Rain,Under Construction,4,4,Distracted Driving
1c82b46e,3/1/23,19:52,"Tokyo, Japan",65.52764,-49.694634,Hail,Snowy,5,2,Weather Conditions
ea5bfaf1,3/23/24,22:26,"London, UK",-3.972505,43.191766,Snow,Gravel,5,8,Mechanical Failure
14a8fb55,2/10/24,3:42,"Mumbai, India",-8.334859,107.07032,Fog,Wet,3,7,Distracted Driving
bb193a8d,12/25/24,19:28,"Beijing, China",-5.155784,165.15608,Clear,Wet,1,0,Distracted Driving
23c68959,8/3/23,13:31,"Tokyo, Japan",-60.950941,-178.921797,Clear,Gravel,4,3,Drunk Driving
3cf2a102,1/31/23,14:08,"Mumbai, India",59.705619,-53.619415,Storm,Dry,4,0,Drunk Driving
84f2c8a9,3/16/24,23:56,"Tokyo, Japan",13.383983,-68.137633,Rain,Wet,3,0,Drunk Driving
f2a25f71,3/30/24,11:00,"Beijing, China",-75.793301,-104.695289,Hail,Gravel,4,0,Mechanical Failure
e2652ce7,12/23/23,0:40,"New York, USA",80.922154,-87.057389,Clear,Dry,4,7,Drunk Driving
7f3b2635,5/5/23,17:35,"New York, USA",-9.886929,-70.840247,Fog,Gravel,2,10,Mechanical Failure
f483098a,4/5/23,18:56,"Tokyo, Japan",-52.473141,93.579342,Snow,Dry,4,2,Weather Conditions
5588b426,10/29/24,9:58,"Beijing, China",-5.595689,-85.012699,Snow,Icy,1,10,Speeding
48a51f15,12/12/23,20:44,"Tokyo, Japan",80.561058,-69.090421,Hail,Wet,2,1,Drunk Driving
8fe46031,9/11/23,8:08,"New York, USA",-3.885119,105.647216,Hail,Dry,1,1,Drunk Driving
34ed5840,5/29/23,8:48,"New York, USA",-63.270179,82.279699,Snow,Icy,3,9,Speeding
99840b9d,6/21/24,19:08,"Beijing, China",-43.806615,67.591419,Snow,Under Construction,2,8,Distracted Driving
92c133cd,3/6/23,4:04,"Berlin, Germany",79.665768,67.068338,Snow,Wet,4,4,Mechanical Failure
d96539b1,8/23/23,8:49,"Tokyo, Japan",41.314636,48.456681,Fog,Icy,5,6,Reckless Driving
4b73f62d,4/14/23,7:36,"New York, USA",-27.405614,96.942142,Hail,Snowy,5,5,Distracted Driving
ac0baa1c,9/23/24,9:16,"Beijing, China",63.729279,31.8772,Rain,Under Construction,5,7,Reckless Driving
76fcbddb,8/20/23,2:24,"Paris, France",-54.820904,98.807755,Rain,Wet,1,2,Weather Conditions
71d84597,12/13/23,6:59,"Sydney, Australia",6.232852,171.219318,Clear,Dry,1,4,Weather Conditions
fcd8e65a,2/19/23,4:15,"Mumbai, India",26.730447,-11.383676,Snow,Snowy,3,7,Drunk Driving
0f560092,4/5/23,0:55,"New York, USA",-34.837469,174.525188,Storm,Gravel,2,2,Weather Conditions
9ce4cf8a,12/1/24,4:22,"New York, USA",-49.645847,-136.788025,Storm,Wet,2,1,Reckless Driving
763a703b,7/17/24,9:44,"London, UK",38.685878,4.686862,Storm,Wet,2,1,Reckless Driving
3c231ad6,1/11/23,0:07,"London, UK",37.411917,12.176181,Rain,Gravel,4,7,Weather Conditions
4e7cde9b,7/20/24,0:42,"Toronto, Canada",-27.691509,44.453854,Rain,Wet,1,5,Distracted Driving
ba49cec7,6/14/23,15:34,"Mumbai, India",-42.849828,-80.7235,Snow,Icy,5,10,Distracted Driving
4dcd3803,4/22/23,7:54,"Tokyo, Japan",-82.053025,-120.036398,Clear,Dry,5,3,Weather Conditions
71909e1e,5/5/24,21:44,"London, UK",86.485938,-15.970741,Snow,Dry,2,7,Weather Conditions
07d2178d,12/26/23,17:47,"Berlin, Germany",-87.260758,-13.213047,Storm,Gravel,3,8,Drunk Driving
7ee0b9c5,3/25/23,20:22,"Mumbai, India",0.692462,11.927456,Clear,Icy,1,1,Distracted Driving
f142fa55,4/22/23,15:17,"Berlin, Germany",46.33466,2.967191,Fog,Snowy,2,7,Speeding
bb2c0054,10/13/23,14:49,"Mumbai, India",-43.393983,-52.275382,Storm,Snowy,1,8,Drunk Driving
b439e860,12/9/24,3:45,"New York, USA",-70.840567,-53.696096,Clear,Snowy,1,5,Mechanical Failure
8b185d12,6/27/23,17:12,"Sydney, Australia",-45.368623,-13.866038,Hail,Snowy,1,4,Drunk Driving
8b4b85e7,3/16/24,0:51,"Toronto, Canada",11.664882,-6.905316,Snow,Wet,3,7,Drunk Driving
d3030c46,12/26/24,13:22,"Beijing, China",-71.022574,26.261963,Clear,Wet,3,9,Speeding
86af9d96,4/20/24,19:59,"Mumbai, India",72.773084,136.115434,Clear,Dry,3,7,Mechanical Failure
caba6616,11/20/23,22:52,"Tokyo, Japan",64.79125,-171.105739,Rain,Under Construction,4,3,Distracted Driving
6d9bb726,6/3/23,19:16,"Beijing, China",47.915598,-162.795082,Snow,Gravel,3,4,Weather Conditions
dfe42723,1/31/24,4:20,"Berlin, Germany",-0.267441,174.968038,Rain,Gravel,1,1,Mechanical Failure
2fff1511,11/23/23,19:02,"Toronto, Canada",-2.771127,-105.4013,Snow,Dry,3,9,Reckless Driving
1aa1d0c9,3/24/23,18:20,"Paris, France",-1.767918,153.108514,Rain,Wet,1,6,Weather Conditions
36fc114c,11/25/24,9:24,"Paris, France",4.673308,25.909454,Hail,Icy,1,9,Distracted Driving
a55093db,5/29/24,16:22,"Paris, France",59.963513,1.727299,Snow,Under Construction,4,8,Drunk Driving
ef91fe46,12/23/23,23:54,"London, UK",3.167829,77.580136,Clear,Snowy,5,3,Drunk Driving
617834a6,11/25/24,10:30,"Berlin, Germany",64.874349,172.347915,Hail,Snowy,4,7,Distracted Driving
9401ac5e,8/1/24,11:33,"New York, USA",6.740589,142.403954,Fog,Icy,4,0,Reckless Driving
0b37d7aa,5/5/23,16:03,"Sydney, Australia",-88.974945,94.889133,Fog,Icy,3,6,Weather Conditions
5c0c4dc8,12/6/24,15:25,"Paris, France",7.974904,151.826556,Fog,Dry,2,1,Mechanical Failure
8b0dd163,6/30/23,3:41,"New York, USA",11.927411,37.018811,Snow,Gravel,4,2,Weather Conditions
cb2d85f6,2/10/24,0:29,"Beijing, China",89.201818,-37.705933,Fog,Gravel,2,8,Drunk Driving
dec4ab18,6/19/23,13:31,"Berlin, Germany",9.083522,-135.486817,Clear,Icy,3,10,Drunk Driving
0a285909,1/22/23,8:53,"Tokyo, Japan",60.95683,115.59729,Clear,Snowy,5,3,Speeding
350b79bd,1/24/24,1:27,"Beijing, China",-14.003649,-146.45774,Clear,Icy,4,7,Reckless Driving
92821ca8,8/29/24,4:55,"Sydney, Australia",3.51253,-40.761592,Rain,Under Construction,5,7,Reckless Driving
981a7b3d,2/2/24,13:53,"London, UK",45.298798,-25.840319,Hail,Icy,4,6,Weather Conditions
b6cb84c2,5/14/23,2:12,"Sydney, Australia",61.750991,-53.824975,Rain,Under Construction,5,4,Speeding
c6f4fad1,12/10/23,6:30,"Mumbai, India",-57.483533,-177.072564,Snow,Under Construction,2,7,Mechanical Failure
7d063bb9,9/2/23,10:15,"Beijing, China",-1.066277,37.758357,Storm,Under Construction,3,4,Mechanical Failure
67a3aa7b,5/5/24,20:29,"Paris, France",1.560935,49.820731,Hail,Gravel,4,0,Reckless Driving
96943608,12/9/24,2:05,"Toronto, Canada",-52.394432,-23.497549,Rain,Icy,2,3,Reckless Driving
a77acdc5,4/19/24,22:38,"Beijing, China",25.16899,175.057111,Snow,Gravel,3,1,Weather Conditions
4685e2ae,1/24/24,3:53,"Paris, France",84.490445,109.773959,Clear,Wet,1,5,Reckless Driving
d73a552a,6/18/24,23:37,"Mumbai, India",43.926784,-88.911697,Hail,Under Construction,1,2,Reckless Driving
222a2756,7/9/24,2:34,"London, UK",-79.797197,148.450743,Clear,Wet,4,8,Reckless Driving
5366f13a,4/14/23,11:09,"Sydney, Australia",-36.479241,24.104287,Fog,Gravel,5,10,Distracted Driving
dd563a22,10/25/23,9:57,"Beijing, China",4.59031,-6.521716,Rain,Gravel,1,5,Weather Conditions
d139e2c7,6/24/23,8:04,"Paris, France",24.569739,-31.028229,Clear,Wet,2,4,Drunk Driving
f54e663b,1/27/23,10:05,"Tokyo, Japan",-8.153088,-102.179435,Snow,Gravel,4,0,Reckless Driving
54a3e023,6/3/23,3:42,"Beijing, China",-4.98487,142.424396,Storm,Snowy,2,7,Speeding
ec10a387,11/26/23,10:56,"Beijing, China",16.655508,36.239792,Clear,Dry,3,6,Mechanical Failure
355c040c,9/24/24,16:55,"Beijing, China",-33.741012,1.099961,Clear,Dry,5,8,Weather Conditions
e62be1ad,3/29/23,19:06,"Toronto, Canada",71.002232,23.737743,Clear,Wet,3,2,Mechanical Failure
6aae5dde,7/3/23,22:06,"Berlin, Germany",-21.526775,-162.87316,Clear,Wet,2,10,Drunk Driving
f2cb0730,11/3/24,10:44,"Paris, France",-68.944275,-47.368502,Rain,Wet,2,1,Speeding
0bd2e87e,8/8/23,4:36,"Tokyo, Japan",-77.250498,-137.844579,Snow,Gravel,2,7,Distracted Driving
ee1e6c42,5/2/24,12:12,"Berlin, Germany",-2.688973,-153.454818,Hail,Wet,2,2,Weather Conditions
30365dbb,3/8/24,0:14,"Mumbai, India",73.90121,85.541854,Rain,Wet,1,10,Distracted Driving
25ccbf47,11/2/24,0:53,"Mumbai, India",46.252569,56.965426,Fog,Under Construction,5,4,Reckless Driving
e30b67fd,8/5/24,8:58,"Mumbai, India",-74.612139,31.03515,Storm,Snowy,4,0,Reckless Driving
3d18db97,10/5/24,16:01,"Beijing, China",40.932236,19.323938,Fog,Icy,2,4,Reckless Driving
8c350a71,11/7/24,4:55,"Toronto, Canada",-77.882799,118.029685,Fog,Snowy,2,10,Reckless Driving
593de668,4/28/24,4:59,"Tokyo, Japan",0.92441,139.896386,Clear,Gravel,1,0,Mechanical Failure
7d88495e,9/9/24,20:21,"London, UK",6.412259,-97.06741,Hail,Under Construction,4,5,Distracted Driving
260792bf,2/16/23,13:12,"New York, USA",-80.695929,-137.072522,Storm,Dry,1,2,Mechanical Failure
57788006,12/17/23,12:31,"New York, USA",-46.336789,57.439643,Fog,Under Construction,3,7,Weather Conditions
7688033b,12/3/23,4:17,"Beijing, China",58.450441,167.708168,Clear,Icy,4,0,Mechanical Failure
04581e9c,6/28/24,13:25,"Paris, France",0.842155,-116.578308,Clear,Icy,4,2,Drunk Driving
6b3b683d,12/27/23,16:00,"Tokyo, Japan",22.431776,-44.614056,Rain,Gravel,4,8,Weather Conditions
1ddff68b,8/23/23,23:16,"Tokyo, Japan",-3.283496,-30.830446,Rain,Snowy,2,10,Mechanical Failure
f8d86d8c,7/13/24,9:06,"Toronto, Canada",-8.806013,-133.270501,Storm,Snowy,2,7,Speeding
cb39d0d7,7/20/24,1:14,"Sydney, Australia",45.252079,-164.223798,Hail,Dry,2,7,Weather Conditions
7b83c6f3,10/22/23,23:12,"Mumbai, India",70.916524,-97.856728,Fog,Icy,3,5,Mechanical Failure
4ab33e21,11/26/23,6:43,"Sydney, Australia",-60.794185,75.756901,Storm,Under Construction,5,2,Mechanical Failure
65987e4b,11/4/23,5:25,"Sydney, Australia",86.795637,-129.724048,Storm,Under Construction,5,5,Reckless Driving
3050cf3d,9/17/23,5:17,"New York, USA",21.466991,-24.685402,Rain,Under Construction,1,4,Distracted Driving
88603d5f,7/3/23,8:25,"Berlin, Germany",-84.126902,23.436102,Storm,Gravel,5,9,Reckless Driving
230feaff,10/24/23,20:29,"New York, USA",-49.098563,-86.69152,Hail,Wet,1,7,Reckless Driving
9bee1bf3,9/19/24,23:28,"Tokyo, Japan",-84.466826,-94.268044,Fog,Snowy,2,3,Reckless Driving
a0277927,10/29/23,10:36,"Mumbai, India",-83.704803,-111.019832,Rain,Snowy,1,3,Distracted Driving
7a19771d,5/30/23,23:23,"New York, USA",64.2863,-61.984456,Storm,Dry,5,2,Distracted Driving
0b508d4a,4/3/24,11:32,"Sydney, Australia",-72.093537,-151.36061,Rain,Dry,3,10,Distracted Driving
9ec86dd2,11/28/23,1:25,"Mumbai, India",19.911007,96.784433,Storm,Snowy,1,9,Drunk Driving
dd9d155d,8/18/24,0:12,"Berlin, Germany",-27.324019,91.473025,Hail,Gravel,1,5,Weather Conditions
47657eb0,5/22/24,22:23,"London, UK",-30.445156,44.654231,Clear,Dry,2,9,Drunk Driving
c5070ae8,8/25/24,16:29,"Beijing, China",38.338163,-88.871688,Rain,Snowy,1,3,Mechanical Failure
f47349b0,6/13/24,18:56,"Tokyo, Japan",-12.756187,71.112703,Clear,Dry,1,3,Speeding
55d877c3,11/27/24,14:11,"Toronto, Canada",-64.036866,-137.141955,Hail,Dry,2,7,Distracted Driving
b60f81f3,1/30/23,13:29,"Berlin, Germany",9.986686,-142.066592,Rain,Icy,4,1,Drunk Driving
a9d6a383,12/31/23,23:15,"Toronto, Canada",-12.917611,-54.143317,Fog,Wet,1,8,Reckless Driving
770bca64,9/3/23,23:04,"Tokyo, Japan",25.615345,-134.062029,Hail,Dry,1,1,Distracted Driving
fcc71fda,12/29/23,20:59,"Mumbai, India",-5.29862,35.123107,Rain,Snowy,4,0,Reckless Driving
4c4393b5,11/15/23,2:00,"Berlin, Germany",74.993953,-63.673546,Clear,Under Construction,4,2,Mechanical Failure
02f2a7da,6/20/23,20:56,"Mumbai, India",46.958279,42.653293,Snow,Snowy,4,5,Speeding
b9d4b382,11/24/24,22:56,"Beijing, China",-80.738721,149.686042,Snow,Wet,1,4,Weather Conditions
80c31cac,7/7/24,11:50,"Beijing, China",-28.025846,-18.456625,Storm,Snowy,2,5,Drunk Driving
45d12ab4,7/10/24,0:39,"Tokyo, Japan",74.193279,-86.758838,Clear,Icy,5,10,Drunk Driving
f7bd3e34,7/7/24,14:14,"Mumbai, India",32.127043,-141.423787,Fog,Icy,5,0,Weather Conditions
7b17903d,12/27/24,0:40,"New York, USA",-52.724049,-117.694122,Hail,Snowy,5,1,Speeding
da07a7bb,10/30/24,10:31,"Toronto, Canada",37.464219,54.785007,Storm,Snowy,5,5,Speeding
938e1f08,8/4/23,2:53,"Berlin, Germany",22.367636,135.774745,Clear,Under Construction,5,1,Drunk Driving
c0df9503,4/17/24,8:48,"Paris, France",44.566083,-65.437518,Snow,Gravel,3,4,Speeding
5f50ce67,3/24/24,16:40,"New York, USA",38.260232,47.980961,Storm,Wet,4,3,Weather Conditions
b24840f8,8/12/23,23:19,"Sydney, Australia",-72.494352,152.93683,Hail,Gravel,2,3,Drunk Driving
0e99b70c,8/31/23,15:08,"New York, USA",35.663532,61.740714,Storm,Under Construction,5,4,Speeding
9282861a,10/10/24,4:58,"Paris, France",61.629162,12.421445,Clear,Icy,5,8,Mechanical Failure
e47cd6d9,11/10/24,14:07,"Paris, France",-51.111634,-25.822618,Clear,Under Construction,3,5,Distracted Driving
503a2f4c,2/15/24,7:38,"Beijing, China",39.737795,126.350582,Clear,Icy,1,9,Drunk Driving
80e62aa7,11/22/23,20:45,"Mumbai, India",-56.727362,67.939033,Hail,Snowy,3,8,Speeding
cce5b8d2,3/26/24,5:09,"Paris, France",-21.621164,159.041318,Clear,Dry,1,0,Drunk Driving
da05c4dc,5/24/23,0:31,"Paris, France",-43.67211,-40.023714,Snow,Wet,2,6,Speeding
316a09bc,2/4/24,12:22,"Tokyo, Japan",1.466158,173.583615,Clear,Snowy,4,10,Speeding
ca2a4a23,10/31/23,6:04,"New York, USA",27.693979,22.003493,Storm,Dry,5,5,Weather Conditions
bc89d4c5,8/26/24,2:56,"Tokyo, Japan",14.755351,-138.955203,Rain,Icy,2,9,Drunk Driving
c28fad74,10/30/24,7:48,"London, UK",-12.102608,-132.771699,Storm,Gravel,1,5,Reckless Driving
f486e761,10/28/24,9:03,"Sydney, Australia",-87.473491,179.051718,Snow,Snowy,1,10,Mechanical Failure
3a0b0609,2/6/24,7:35,"Toronto, Canada",-38.400615,-71.917544,Fog,Icy,1,5,Drunk Driving
3624451a,2/27/23,8:32,"Beijing, China",53.087715,-133.064039,Storm,Dry,4,5,Weather Conditions
945b3134,9/7/24,16:55,"Mumbai, India",70.259566,46.941246,Storm,Under Construction,5,6,Speeding
2964e37d,2/16/23,18:10,"Beijing, China",86.301607,160.349893,Snow,Gravel,5,7,Distracted Driving
39d797f9,11/11/24,17:20,"Berlin, Germany",-9.559625,71.361094,Hail,Gravel,2,9,Distracted Driving
f22f1174,5/9/24,2:16,"Berlin, Germany",-76.421007,99.001882,Rain,Snowy,3,3,Distracted Driving
2cf6823a,2/13/24,0:37,"Mumbai, India",50.352318,-121.728558,Clear,Icy,4,3,Drunk Driving
15018388,11/16/23,1:36,"Toronto, Canada",25.607787,140.346159,Snow,Icy,1,10,Drunk Driving
36759b23,6/3/23,22:19,"Berlin, Germany",-28.069781,61.175918,Snow,Icy,1,5,Weather Conditions
98ef0f34,5/25/24,16:40,"Sydney, Australia",-65.856786,-173.773079,Hail,Under Construction,1,2,Speeding
c0582768,4/11/23,12:26,"Beijing, China",-80.384519,-14.617863,Clear,Dry,4,8,Mechanical Failure
6fa2dd99,9/28/24,2:24,"Paris, France",-61.945482,45.876356,Fog,Wet,3,6,Speeding
1d4edd90,6/15/23,7:25,"Paris, France",-67.586398,173.982096,Clear,Under Construction,5,1,Drunk Driving
d98ca690,1/7/23,12:21,"Paris, France",69.615954,-21.408938,Clear,Gravel,1,2,Distracted Driving
f505e6b7,8/20/24,0:24,"Sydney, Australia",-71.847011,57.904569,Clear,Under Construction,1,7,Drunk Driving
17569ddc,10/12/24,19:45,"London, UK",-39.666626,-34.121636,Rain,Icy,5,2,Drunk Driving
1803b1b8,7/15/24,9:06,"Sydney, Australia",-35.349623,73.966366,Rain,Icy,4,2,Drunk Driving
64587b2c,10/20/23,23:01,"Beijing, China",-54.251271,-5.658778,Storm,Gravel,1,5,Speeding
8205477f,6/29/24,17:00,"Paris, France",-65.230794,-114.207363,Fog,Dry,3,8,Distracted Driving
9eabedf6,2/24/24,15:20,"Toronto, Canada",83.457961,-150.35507,Snow,Snowy,3,6,Speeding
f1669b75,2/12/23,10:08,"Berlin, Germany",-27.997082,41.642919,Hail,Under Construction,3,10,Mechanical Failure
02d28a67,4/23/23,0:43,"Paris, France",44.283682,-102.28761,Fog,Gravel,5,3,Weather Conditions
ad0ff335,7/3/23,1:49,"Tokyo, Japan",-73.422789,-52.911128,Hail,Under Construction,2,4,Speeding
2e19439e,3/5/24,10:20,"Toronto, Canada",59.84388,61.74156,Rain,Gravel,5,4,Reckless Driving
45c46311,12/7/23,11:23,"New York, USA",73.573934,-72.385121,Hail,Gravel,5,0,Drunk Driving
3f06f4dd,6/15/23,11:55,"Sydney, Australia",57.76725,176.571592,Storm,Snowy,4,10,Reckless Driving
3a98f4d5,1/23/24,0:44,"Tokyo, Japan",-42.522265,-111.489739,Hail,Dry,3,7,Speeding
d890e7ff,6/10/23,11:09,"New York, USA",-82.121635,89.16669,Rain,Icy,5,5,Reckless Driving
a666437d,1/4/24,17:38,"New York, USA",-52.22901,-171.268539,Rain,Dry,2,5,Mechanical Failure
94616057,7/6/23,0:29,"Mumbai, India",-57.778017,77.175797,Hail,Snowy,1,10,Drunk Driving
7c5d245d,11/14/24,20:49,"Sydney, Australia",44.603409,-10.577942,Rain,Icy,3,10,Speeding
d44eb887,2/11/23,13:56,"Berlin, Germany",72.225759,-159.023236,Storm,Dry,4,5,Mechanical Failure
870e105d,3/24/23,8:08,"Mumbai, India",-7.526752,-83.980932,Snow,Icy,2,6,Drunk Driving
baa4e7be,10/18/23,5:45,"New York, USA",11.024894,18.235128,Storm,Snowy,3,9,Drunk Driving
cb1aa8ce,8/22/24,17:14,"London, UK",-66.162031,133.377336,Clear,Gravel,2,2,Distracted Driving
522c09d1,10/15/23,2:05,"Beijing, China",83.991827,174.915718,Fog,Wet,2,0,Drunk Driving
73c67abf,12/30/23,10:43,"Beijing, China",61.591577,-37.253546,Storm,Under Construction,4,9,Weather Conditions
a7a90fbf,9/24/23,7:04,"Tokyo, Japan",3.873707,-35.187775,Clear,Under Construction,1,5,Drunk Driving
b3a55fb3,10/7/23,0:52,"New York, USA",68.931222,109.135614,Clear,Under Construction,5,1,Reckless Driving
54d8e960,2/4/23,7:10,"Toronto, Canada",-16.338155,55.350367,Hail,Wet,3,0,Speeding
b31c5504,8/8/24,21:47,"London, UK",-86.589874,79.172346,Snow,Dry,4,6,Drunk Driving
5409ecf2,10/9/23,4:29,"London, UK",-15.850727,-7.192082,Rain,Icy,3,2,Reckless Driving
67bba887,4/14/24,4:30,"Toronto, Canada",-1.405481,109.91845,Hail,Wet,3,9,Weather Conditions
4d60c457,1/30/23,3:19,"Sydney, Australia",-11.474992,66.392288,Snow,Icy,4,8,Weather Conditions
72e719b8,9/27/24,17:51,"Beijing, China",37.618326,123.92018,Fog,Gravel,1,2,Speeding
a54148b9,6/3/24,8:04,"Toronto, Canada",-38.072016,6.167249,Rain,Under Construction,1,2,Drunk Driving
6b9ea6d9,8/20/24,22:43,"Sydney, Australia",74.508297,130.328278,Clear,Wet,1,2,Speeding
16bc3625,6/28/24,12:31,"Berlin, Germany",41.437434,-114.659584,Rain,Under Construction,4,10,Distracted Driving
d31c4271,6/10/24,17:35,"Toronto, Canada",-3.535991,54.224922,Clear,Wet,2,0,Mechanical Failure
b9341403,4/29/24,6:27,"Tokyo, Japan",-22.851854,83.301861,Fog,Under Construction,1,4,Speeding
f4a2d6e4,4/8/23,6:29,"Toronto, Canada",35.469933,96.843082,Hail,Dry,4,10,Speeding
bba1183f,6/21/24,19:46,"Berlin, Germany",-16.438286,93.247335,Hail,Wet,5,9,Weather Conditions
fed13370,12/5/23,6:30,"Beijing, China",57.703374,-64.169906,Fog,Gravel,4,5,Distracted Driving
0290cf5d,11/30/23,12:56,"Sydney, Australia",-65.076888,-35.478633,Clear,Snowy,2,9,Mechanical Failure
a2406dec,6/4/23,23:15,"Berlin, Germany",72.891541,-13.812832,Snow,Dry,1,6,Drunk Driving
134c39ee,1/30/24,15:02,"Mumbai, India",-89.030017,131.708853,Hail,Snowy,3,2,Mechanical Failure
172ccc05,2/7/24,20:06,"New York, USA",42.144401,1.803678,Storm,Dry,1,4,Reckless Driving
10dc1657,7/2/23,0:14,"London, UK",48.552537,137.116355,Clear,Wet,3,2,Mechanical Failure
4f190075,7/1/24,6:41,"Toronto, Canada",-50.645705,-57.879006,Storm,Under Construction,4,2,Weather Conditions
ef3499b8,11/19/24,14:16,"Mumbai, India",-59.686741,4.878894,Hail,Wet,5,1,Reckless Driving
0de75812,4/30/23,8:43,"Toronto, Canada",73.51052,-20.251265,Clear,Gravel,3,1,Mechanical Failure
cdc524b3,3/12/23,4:37,"London, UK",34.261894,-47.296846,Clear,Under Construction,3,1,Reckless Driving
13552855,12/20/24,15:04,"New York, USA",37.556361,167.948157,Fog,Under Construction,3,8,Mechanical Failure
204fb9b5,1/13/24,12:54,"Toronto, Canada",-56.133663,135.384736,Snow,Under Construction,5,3,Drunk Driving
6129d121,2/22/24,19:26,"Berlin, Germany",83.956972,149.671292,Hail,Icy,2,9,Speeding
92fb1a72,2/19/23,10:13,"London, UK",-46.324584,-8.066509,Snow,Snowy,5,3,Drunk Driving
9f1a7376,10/24/24,19:02,"Sydney, Australia",-66.303091,-171.301328,Storm,Dry,3,1,Drunk Driving
32622a0a,8/5/23,17:23,"New York, USA",-0.720755,-46.523173,Rain,Icy,3,6,Drunk Driving
020fdf54,8/29/23,12:31,"Sydney, Australia",79.695671,-134.259369,Clear,Icy,3,0,Weather Conditions
9fa8e2d8,12/11/23,19:41,"Beijing, China",55.170632,45.439483,Snow,Under Construction,2,0,Distracted Driving
718db328,9/11/23,10:07,"Tokyo, Japan",-33.1517,-7.284129,Storm,Icy,4,2,Speeding
e74e1d48,12/20/24,7:47,"Beijing, China",-18.102952,-111.827648,Rain,Gravel,5,4,Distracted Driving
94e0d900,11/20/23,1:48,"Tokyo, Japan",32.924075,46.507486,Hail,Wet,3,4,Drunk Driving
aea9a64d,11/25/24,21:06,"Mumbai, India",-62.572402,131.130421,Clear,Snowy,3,7,Distracted Driving
8b8e690b,4/13/23,19:33,"Sydney, Australia",86.759819,88.406258,Hail,Icy,3,1,Mechanical Failure
e12bb9b2,11/15/23,7:42,"Toronto, Canada",40.817009,-49.529299,Rain,Under Construction,1,10,Weather Conditions
a411aebf,8/10/24,4:19,"Paris, France",19.552769,156.887293,Fog,Icy,5,9,Weather Conditions
0d7a7060,7/23/23,6:34,"New York, USA",19.582586,-21.975625,Hail,Gravel,4,1,Mechanical Failure
9dd739ac,6/23/24,9:48,"Sydney, Australia",78.943061,-32.04121,Clear,Gravel,3,5,Distracted Driving
acd20fd5,10/3/23,11:20,"New York, USA",-48.896024,-141.04138,Hail,Gravel,3,8,Reckless Driving
5351eeb4,7/17/23,11:04,"Beijing, China",45.919201,105.126421,Clear,Dry,3,1,Weather Conditions
58631b6c,12/11/23,4:31,"Sydney, Australia",33.46844,-49.84423,Snow,Snowy,5,4,Reckless Driving
b224836b,1/30/24,17:29,"London, UK",16.135564,-112.209282,Fog,Snowy,3,4,Drunk Driving
e5187ab8,8/12/23,3:31,"Paris, France",-54.450561,-37.761188,Snow,Under Construction,2,10,Distracted Driving
2b9195a1,4/25/23,4:07,"Beijing, China",52.731469,126.90998,Storm,Icy,2,1,Weather Conditions
705ba7da,9/20/23,1:59,"Sydney, Australia",-23.61095,-91.570021,Snow,Under Construction,2,5,Reckless Driving
fd007317,7/25/23,16:33,"Sydney, Australia",84.439853,-169.051236,Fog,Under Construction,3,7,Distracted Driving
0d7ac8ca,3/21/23,5:41,"Paris, France",-70.542935,-33.66166,Rain,Dry,1,1,Reckless Driving
df49a6f3,5/11/23,16:57,"Paris, France",19.957788,97.525545,Storm,Snowy,3,5,Weather Conditions
6fb167fa,5/28/23,8:01,"Beijing, China",64.776108,-129.228631,Snow,Wet,4,6,Distracted Driving
1757d568,6/13/23,17:58,"Toronto, Canada",7.486468,148.718396,Clear,Under Construction,2,0,Reckless Driving
204c4c32,8/19/24,6:00,"Paris, France",88.992951,85.363363,Fog,Under Construction,1,2,Weather Conditions
f12da741,4/1/23,2:39,"New York, USA",-47.378353,61.326498,Snow,Dry,5,8,Mechanical Failure
67d6f68f,12/16/24,10:05,"Mumbai, India",5.904068,26.113503,Rain,Under Construction,3,2,Weather Conditions
b63f0be0,3/4/23,5:03,"New York, USA",-4.553952,-142.903026,Snow,Snowy,4,8,Distracted Driving
4af80e9c,8/12/23,19:37,"New York, USA",-76.099891,174.939765,Storm,Wet,3,3,Speeding
250a347d,12/10/24,19:59,"Paris, France",-15.684408,-15.771271,Clear,Gravel,1,8,Weather Conditions
d13488ca,4/20/24,10:03,"London, UK",87.591513,-12.459343,Snow,Icy,1,5,Weather Conditions
670dc8bb,3/28/23,17:09,"London, UK",-48.330823,-139.76573,Clear,Under Construction,3,0,Mechanical Failure
40aa45cf,12/17/24,23:11,"Sydney, Australia",55.636591,-46.215719,Fog,Dry,3,8,Reckless Driving
9a8ba218,4/1/24,7:16,"Paris, France",-77.992358,43.218988,Rain,Under Construction,5,0,Drunk Driving
62411ca4,10/8/24,15:58,"New York, USA",-4.339039,-170.514863,Clear,Dry,5,4,Speeding
bf2c1c5b,5/20/24,18:57,"New York, USA",-44.230487,-28.445464,Hail,Dry,1,8,Reckless Driving
56bc8f7a,7/12/24,21:23,"Beijing, China",-39.664227,-99.816356,Hail,Gravel,5,6,Weather Conditions
6453b7f3,7/18/24,18:20,"Berlin, Germany",65.674536,172.75966,Clear,Dry,5,7,Speeding
1aca6ab4,11/25/23,9:03,"Tokyo, Japan",-75.449587,-21.060858,Snow,Icy,1,1,Mechanical Failure
fa9d85a1,4/4/24,7:17,"Paris, France",-56.520041,-17.281947,Clear,Snowy,5,8,Distracted Driving
bf032955,1/29/23,14:33,"New York, USA",28.045315,-161.288979,Storm,Wet,4,8,Weather Conditions
edc61d8f,10/4/24,14:59,"Beijing, China",-69.977437,-171.536968,Storm,Dry,5,10,Speeding
8a34c5f3,12/9/23,13:09,"Beijing, China",14.293661,44.051474,Snow,Snowy,5,5,Reckless Driving
cf95c761,9/28/24,11:29,"Toronto, Canada",-29.233856,149.821979,Storm,Under Construction,3,6,Speeding
9.46E+41,10/11/24,13:14,"New York, USA",26.810182,178.62696,Clear,Wet,3,5,Distracted Driving
5943869f,12/19/24,14:48,"London, UK",-74.327746,101.643087,Rain,Icy,2,3,Speeding
9c67971a,5/24/24,11:46,"Berlin, Germany",18.123615,57.166288,Clear,Gravel,1,5,Weather Conditions
6e9b586b,9/12/23,0:49,"New York, USA",-63.322888,-70.979168,Hail,Dry,2,1,Reckless Driving
439164ca,7/5/23,15:57,"London, UK",-85.741392,-20.255968,Rain,Dry,1,8,Speeding
f401636f,1/5/24,21:49,"Mumbai, India",-21.847295,-74.727982,Fog,Wet,3,3,Drunk Driving
38356dbc,3/2/23,7:14,"Sydney, Australia",-89.966514,90.007712,Fog,Gravel,3,8,Speeding
55c4d9ca,9/9/24,19:45,"Mumbai, India",-39.290044,60.609224,Hail,Icy,1,4,Reckless Driving
470b3ab6,12/7/24,4:40,"Mumbai, India",-29.105983,8.039462,Storm,Under Construction,4,6,Reckless Driving
d0535e67,7/28/24,11:02,"Toronto, Canada",-26.304509,-148.376019,Clear,Under Construction,3,3,Speeding
ddfda7ca,10/19/24,0:31,"London, UK",60.64825,-13.391377,Snow,Dry,5,4,Speeding
ef9b178b,5/16/23,14:29,"Beijing, China",-81.12208,101.597074,Storm,Under Construction,5,1,Mechanical Failure
cff0c69c,6/3/24,5:45,"Sydney, Australia",-17.961894,13.20966,Rain,Snowy,3,2,Weather Conditions
64864a24,1/23/24,4:33,"London, UK",-73.494904,-18.284336,Rain,Under Construction,4,4,Weather Conditions
d16d9102,5/14/23,8:25,"New York, USA",-6.921174,-70.03714,Rain,Icy,4,4,Weather Conditions
84ef5c8c,1/29/24,17:38,"Sydney, Australia",25.42824,76.484277,Storm,Dry,1,4,Mechanical Failure
c82c4740,5/16/23,14:12,"Sydney, Australia",22.479262,-146.304082,Fog,Snowy,3,10,Drunk Driving
b6ffc65a,5/8/23,17:01,"Berlin, Germany",16.656936,-49.685951,Snow,Under Construction,5,5,Reckless Driving
e6ab2465,2/11/24,23:44,"Toronto, Canada",-33.794752,-149.379504,Clear,Dry,5,2,Weather Conditions
ebf21fa1,11/22/23,3:34,"Toronto, Canada",-80.455377,93.58186,Rain,Dry,1,6,Weather Conditions
0605ce08,5/17/24,3:03,"Sydney, Australia",-53.640896,150.971632,Clear,Snowy,5,8,Weather Conditions
0a80210b,3/2/23,0:27,"Sydney, Australia",2.298368,62.97771,Hail,Under Construction,2,7,Drunk Driving
1d980d4e,7/10/23,23:20,"Paris, France",-46.146831,38.485281,Storm,Icy,5,10,Mechanical Failure
3b08f3a8,12/22/23,15:24,"Toronto, Canada",89.695907,-84.656709,Hail,Dry,3,10,Weather Conditions
81261d91,8/10/23,8:48,"New York, USA",-4.966782,88.330974,Hail,Gravel,4,9,Mechanical Failure
f8782ec2,11/8/24,9:39,"Paris, France",61.320411,-9.407176,Rain,Wet,3,6,Speeding
2cf323b5,8/30/23,17:47,"Tokyo, Japan",22.229638,-154.091494,Hail,Wet,4,8,Distracted Driving
09645a08,10/3/24,5:58,"New York, USA",-49.987291,-78.047614,Snow,Icy,1,8,Drunk Driving
969bb841,7/28/24,6:48,"London, UK",-58.574179,138.166373,Fog,Icy,4,1,Drunk Driving
b7b92869,12/5/24,5:25,"Tokyo, Japan",37.387876,-69.646418,Hail,Icy,4,1,Reckless Driving
9529b4ed,1/24/23,2:32,"Tokyo, Japan",-30.995935,-158.352484,Hail,Icy,2,4,Weather Conditions
9514488a,6/28/24,10:14,"Tokyo, Japan",-9.172696,91.625604,Storm,Wet,4,0,Mechanical Failure
3c1c40cf,12/6/23,1:30,"Berlin, Germany",-16.041754,40.766119,Hail,Dry,1,9,Speeding
cd6fd80e,7/1/24,15:15,"Mumbai, India",-36.348503,68.70471,Hail,Under Construction,2,4,Drunk Driving
882765a2,6/17/24,0:06,"London, UK",63.448539,126.191173,Clear,Gravel,4,0,Weather Conditions
7fb61102,5/23/24,0:55,"Beijing, China",-70.427666,-23.108847,Hail,Wet,1,6,Distracted Driving
09c75aba,2/13/24,9:38,"New York, USA",-46.82374,117.170483,Rain,Dry,4,9,Distracted Driving
24cbe80b,11/18/23,9:53,"London, UK",-35.521321,152.275451,Snow,Wet,3,3,Drunk Driving
39020727,1/28/24,6:12,"Beijing, China",-8.32931,-82.103595,Fog,Dry,5,6,Reckless Driving
d495a1c6,2/26/23,9:59,"Beijing, China",39.54193,-31.174773,Clear,Gravel,4,5,Reckless Driving
79128a9d,8/25/23,0:24,"Toronto, Canada",-17.279997,109.587752,Rain,Dry,4,8,Reckless Driving
bcebb2f5,4/18/24,19:30,"Tokyo, Japan",26.284729,118.954573,Fog,Dry,5,7,Weather Conditions
7c2c0268,2/14/23,19:58,"Tokyo, Japan",86.165742,94.580677,Clear,Gravel,2,8,Distracted Driving
a8994d76,1/3/24,12:50,"London, UK",-43.868689,-123.256585,Fog,Gravel,2,9,Drunk Driving
931fecc4,10/1/24,7:32,"Tokyo, Japan",81.491794,-39.931973,Snow,Snowy,4,5,Distracted Driving
35f3269f,6/6/23,12:24,"Mumbai, India",-40.726217,5.974262,Storm,Icy,2,3,Reckless Driving
72a57e58,11/8/23,17:50,"Tokyo, Japan",-28.563643,92.459294,Rain,Under Construction,2,1,Mechanical Failure
7bb0272e,5/28/23,19:47,"Berlin, Germany",-71.1472,62.961424,Hail,Dry,1,8,Weather Conditions
57dedcc2,3/4/23,13:02,"New York, USA",32.971397,-164.801323,Rain,Gravel,4,7,Drunk Driving
ca46a4ed,9/13/23,12:57,"Sydney, Australia",-27.652374,5.88612,Clear,Snowy,2,9,Weather Conditions
f6fddace,3/30/23,15:38,"London, UK",-29.133007,73.032301,Hail,Wet,3,4,Distracted Driving
39e9391e,10/14/23,7:35,"Toronto, Canada",16.34619,0.530835,Snow,Icy,3,1,Weather Conditions
6a07c311,9/27/24,8:20,"Sydney, Australia",0.662479,144.322594,Rain,Wet,3,3,Drunk Driving
b7a3482e,11/28/23,9:09,"Sydney, Australia",-85.811579,-139.925544,Clear,Wet,1,9,Drunk Driving
9c737087,7/5/24,17:08,"Mumbai, India",15.041243,48.162989,Storm,Wet,1,3,Drunk Driving
5767a260,2/16/23,0:13,"Toronto, Canada",50.394897,-131.722103,Hail,Gravel,1,9,Weather Conditions
69bf8bec,10/3/24,10:16,"Tokyo, Japan",-64.487601,-55.260113,Clear,Icy,2,0,Reckless Driving
d6482ca3,12/10/23,11:57,"Sydney, Australia",87.501488,-165.721358,Fog,Icy,5,2,Distracted Driving
0bc785f2,6/3/23,4:55,"Beijing, China",69.687917,-60.050632,Hail,Snowy,5,3,Weather Conditions
62603108,7/17/23,16:15,"Beijing, China",-35.684445,173.45589,Snow,Gravel,2,1,Weather Conditions
8a21765c,11/24/24,14:05,"Beijing, China",33.926223,26.415902,Rain,Dry,4,4,Reckless Driving
3f6036cc,6/27/24,15:27,"Toronto, Canada",-58.072868,-145.072564,Rain,Dry,3,7,Reckless Driving
1167184a,8/3/23,13:59,"Mumbai, India",-37.715992,-20.464217,Snow,Gravel,2,6,Speeding
eb0917db,4/12/23,12:11,"London, UK",10.898492,-111.107128,Snow,Snowy,2,6,Drunk Driving
60c68d9d,10/19/23,22:27,"Berlin, Germany",-87.743454,46.652139,Hail,Snowy,5,6,Weather Conditions
0ca7ed64,9/18/23,23:28,"Sydney, Australia",-41.394827,-16.609204,Storm,Icy,3,8,Drunk Driving
2766b552,9/17/23,12:49,"New York, USA",26.335189,105.741126,Storm,Under Construction,3,4,Speeding
79587ba4,6/15/23,4:11,"Toronto, Canada",11.602323,82.458328,Clear,Wet,4,6,Mechanical Failure
ca38fd1c,11/30/23,2:42,"London, UK",22.262699,13.655643,Storm,Under Construction,4,7,Speeding
9d0c2694,1/13/24,11:55,"London, UK",89.107206,-36.816096,Snow,Snowy,4,3,Speeding
d46c300d,3/4/24,14:09,"Paris, France",-37.28654,-0.689537,Snow,Under Construction,1,9,Mechanical Failure
c2b4e2cb,4/1/23,21:46,"London, UK",-19.217529,29.666654,Storm,Wet,5,8,Distracted Driving
7e54871d,11/23/23,2:46,"Paris, France",-80.878714,177.1147,Hail,Under Construction,5,1,Distracted Driving
c68bf672,10/16/23,2:20,"Beijing, China",-88.870033,-75.653299,Clear,Snowy,5,8,Distracted Driving
23ce2745,11/7/24,1:18,"Mumbai, India",75.366428,-26.836685,Fog,Under Construction,3,5,Drunk Driving
99280fb7,9/26/24,3:02,"Tokyo, Japan",-28.020628,141.186768,Rain,Under Construction,3,2,Reckless Driving
0caace6c,6/20/24,5:41,"Tokyo, Japan",-15.699067,-55.606521,Fog,Snowy,2,4,Weather Conditions
dc3e6514,2/27/24,14:40,"Berlin, Germany",-77.053873,149.243919,Snow,Under Construction,2,7,Speeding
ecd6f4c6,4/21/24,7:44,"Beijing, China",40.372769,44.338629,Clear,Wet,1,10,Distracted Driving
0a34dea3,8/26/24,14:27,"London, UK",-12.782577,82.2135,Hail,Dry,4,6,Distracted Driving
67cad769,11/12/24,23:42,"Tokyo, Japan",21.564999,-157.578347,Hail,Snowy,1,4,Weather Conditions
6beabffa,6/30/24,18:32,"Mumbai, India",58.613632,-171.620166,Clear,Under Construction,5,2,Distracted Driving
45cd2914,5/16/24,2:36,"Beijing, China",-37.421376,-126.250111,Snow,Icy,2,7,Weather Conditions
518cc425,12/31/23,5:27,"New York, USA",-47.471935,-125.827377,Snow,Dry,2,0,Distracted Driving
20ea609f,9/22/24,23:19,"Sydney, Australia",-57.308958,75.345036,Storm,Icy,2,6,Mechanical Failure
c80dfcbf,6/30/23,10:43,"Tokyo, Japan",9.042349,90.989841,Hail,Icy,5,3,Reckless Driving
4e5c43aa,12/14/23,5:20,"Berlin, Germany",-47.059809,173.755287,Clear,Wet,3,0,Mechanical Failure
2721461c,4/17/24,20:49,"London, UK",-73.031806,-108.456467,Clear,Gravel,3,8,Weather Conditions
f397588c,7/29/24,10:32,"London, UK",76.972582,-129.6572,Hail,Dry,2,9,Mechanical Failure
ad9d7ca4,9/4/23,8:25,"Tokyo, Japan",-10.047194,28.927751,Rain,Under Construction,2,9,Distracted Driving
f7227985,9/16/24,5:50,"London, UK",10.819425,9.625241,Fog,Snowy,5,10,Speeding
0a37a40f,10/2/24,11:56,"Mumbai, India",64.333129,35.565324,Storm,Wet,5,9,Distracted Driving
09b762d5,8/3/23,17:41,"London, UK",-9.620194,45.256145,Fog,Icy,5,2,Drunk Driving
d6a70667,10/18/23,2:40,"Mumbai, India",-77.83513,28.253432,Hail,Snowy,4,6,Drunk Driving
2cbcd83a,9/29/24,18:09,"Berlin, Germany",28.659964,-116.312092,Storm,Dry,4,3,Reckless Driving
b7c84ca1,3/16/24,5:06,"London, UK",-68.392462,133.630458,Fog,Dry,3,9,Mechanical Failure
a271099b,6/1/24,17:02,"London, UK",87.687928,-6.268052,Fog,Snowy,5,0,Reckless Driving
3739fce6,12/21/24,7:24,"Berlin, Germany",5.135515,-75.298822,Clear,Gravel,3,7,Mechanical Failure
32d1a928,11/19/24,17:06,"New York, USA",-26.646782,-146.557596,Fog,Gravel,3,7,Drunk Driving
810578a5,9/21/23,1:14,"Beijing, China",-39.217047,112.333448,Snow,Snowy,3,3,Speeding
af9d28d9,11/1/23,8:38,"Paris, France",9.876575,-4.276518,Snow,Wet,1,3,Speeding
3a9240ca,11/8/23,4:44,"Tokyo, Japan",-14.943599,-124.488912,Rain,Snowy,4,9,Distracted Driving
825fa5b2,4/1/23,19:55,"Mumbai, India",-65.861841,-59.511661,Hail,Gravel,5,1,Reckless Driving
984962,9/30/24,16:09,"Mumbai, India",-82.18959,66.001877,Snow,Snowy,2,6,Weather Conditions
2bc68ccb,4/29/24,18:47,"Tokyo, Japan",-45.935996,-108.116127,Snow,Gravel,3,9,Drunk Driving
c659df30,8/19/24,19:32,"London, UK",6.661188,-50.768106,Hail,Under Construction,2,8,Mechanical Failure
97e52a79,3/14/24,16:05,"Toronto, Canada",72.955347,-126.926363,Storm,Wet,1,9,Mechanical Failure
be9d536f,1/28/24,19:43,"Beijing, China",38.355364,103.436067,Storm,Gravel,4,1,Speeding
2.24E+57,3/22/23,7:01,"London, UK",-28.41098,82.987502,Rain,Icy,2,0,Speeding
7920013d,3/2/24,1:26,"Toronto, Canada",-60.344152,59.810959,Clear,Wet,4,7,Mechanical Failure
aa36c06f,6/16/23,2:14,"Sydney, Australia",-69.386399,126.655831,Fog,Dry,5,1,Weather Conditions
9c8313db,8/8/24,17:06,"Paris, France",84.634996,-164.047122,Clear,Gravel,3,5,Mechanical Failure
43bf6aa5,12/27/23,6:53,"Mumbai, India",-66.109474,112.106994,Fog,Icy,5,4,Reckless Driving
dae0ad4d,1/16/24,11:52,"Sydney, Australia",27.096256,98.36355,Fog,Icy,4,7,Speeding
2f69f584,8/27/23,23:20,"London, UK",78.128099,-71.305151,Snow,Gravel,4,4,Mechanical Failure
fb0fb09b,9/1/23,14:23,"Tokyo, Japan",87.624467,-56.767762,Storm,Under Construction,5,2,Drunk Driving
e3411d95,3/4/23,4:57,"Sydney, Australia",18.438972,10.52851,Snow,Under Construction,2,10,Drunk Driving
125ce742,11/20/24,8:01,"Toronto, Canada",-8.270527,158.047768,Hail,Icy,2,3,Weather Conditions
66ed706e,10/5/23,6:17,"Sydney, Australia",72.576101,-170.118181,Fog,Dry,4,2,Reckless Driving
4df84c6f,1/26/23,11:42,"Tokyo, Japan",-9.32288,-178.528093,Clear,Wet,4,10,Speeding
16aa322f,9/25/23,23:15,"Beijing, China",-83.912945,5.617538,Snow,Wet,5,4,Distracted Driving
e987b143,5/23/24,6:09,"Sydney, Australia",33.641523,42.583325,Hail,Wet,3,5,Distracted Driving
87a39b28,1/2/23,14:46,"London, UK",3.497402,-67.144283,Clear,Under Construction,1,9,Mechanical Failure
1f0ab69d,11/29/23,23:34,"Mumbai, India",71.396157,147.733946,Rain,Snowy,2,1,Drunk Driving
f23a8625,3/31/23,4:47,"Toronto, Canada",88.188195,22.41241,Fog,Wet,3,8,Drunk Driving
f7fea507,1/5/24,17:03,"Mumbai, India",18.303718,1.785533,Hail,Dry,3,6,Mechanical Failure
7d787fa0,5/16/24,22:10,"London, UK",42.412414,-93.486783,Snow,Snowy,2,9,Mechanical Failure
3274f331,9/1/23,23:11,"New York, USA",34.399947,93.816809,Hail,Snowy,2,10,Distracted Driving
4adc7240,1/9/23,13:32,"Toronto, Canada",72.434986,-97.666926,Fog,Dry,3,4,Reckless Driving
b7ad4db6,6/10/24,9:27,"Paris, France",-58.355769,-129.411246,Fog,Wet,4,4,Drunk Driving
cd8454eb,3/20/23,3:42,"Tokyo, Japan",37.729829,-98.814783,Fog,Snowy,4,9,Drunk Driving
b65ad676,8/11/23,15:09,"New York, USA",-50.538092,139.456775,Storm,Gravel,3,10,Speeding
ad162744,3/30/24,7:16,"New York, USA",51.485478,-78.031164,Hail,Wet,1,2,Weather Conditions
1a667bd2,2/4/24,2:56,"London, UK",-59.175597,-57.510179,Fog,Icy,2,4,Mechanical Failure
6c35d8bc,11/20/24,19:04,"Berlin, Germany",75.668064,49.166139,Fog,Dry,1,1,Distracted Driving
126fadbd,3/8/24,22:01,"Sydney, Australia",-21.517927,-152.100254,Storm,Snowy,2,10,Drunk Driving
754a00b3,9/16/23,13:42,"New York, USA",-88.342871,44.941118,Snow,Icy,5,6,Reckless Driving
a1f57f1a,10/27/24,16:32,"Toronto, Canada",-9.908333,-71.437201,Storm,Icy,1,1,Speeding
6e3527de,6/9/24,15:27,"Berlin, Germany",32.51466,-43.397113,Snow,Wet,2,9,Weather Conditions
0361ee7b,2/15/23,20:05,"Sydney, Australia",-73.312339,133.827887,Rain,Wet,1,8,Speeding
8707b3ce,11/8/23,19:48,"London, UK",-70.895774,1.821007,Hail,Dry,3,6,Drunk Driving
274087d3,9/29/24,0:18,"Sydney, Australia",-73.578029,-128.703393,Storm,Gravel,2,2,Speeding
6ea15a71,7/19/24,15:19,"Mumbai, India",-37.592772,48.889122,Hail,Snowy,4,3,Distracted Driving
460eb028,1/30/23,2:31,"New York, USA",-88.296785,50.760834,Hail,Icy,5,4,Weather Conditions
e40714d4,11/30/23,10:32,"Beijing, China",59.722865,-10.54432,Snow,Gravel,4,0,Speeding
dad7ad58,6/17/24,16:37,"Tokyo, Japan",-53.739261,-105.522262,Hail,Icy,1,3,Reckless Driving
d2e0446d,2/3/23,20:39,"Paris, France",37.108242,161.956587,Storm,Gravel,2,6,Weather Conditions
72722025,11/23/23,12:24,"Paris, France",9.974715,18.950655,Fog,Snowy,5,7,Speeding
c57c02da,10/15/23,20:27,"New York, USA",-52.220771,-134.04929,Rain,Wet,4,6,Weather Conditions
ca47f2e6,4/14/24,23:10,"New York, USA",49.7134,135.01613,Storm,Snowy,4,6,Distracted Driving
5abe4a60,9/13/24,8:45,"Tokyo, Japan",61.225657,-148.297707,Clear,Wet,4,0,Reckless Driving
1b58d460,6/15/24,14:30,"Paris, France",-22.466306,-32.523962,Clear,Gravel,5,1,Weather Conditions
5cc5ea4a,2/18/24,20:01,"Paris, France",76.727081,19.304932,Snow,Wet,2,4,Weather Conditions
2c18186b,11/5/23,23:39,"Beijing, China",-14.236364,143.72183,Snow,Wet,5,3,Drunk Driving
beb53937,1/23/23,9:46,"New York, USA",27.660784,29.998397,Snow,Gravel,3,3,Speeding
863f3560,12/25/24,17:01,"London, UK",48.514995,14.471635,Fog,Under Construction,3,7,Distracted Driving
da4354b9,1/9/23,3:53,"New York, USA",-61.922492,-128.782868,Fog,Snowy,1,7,Reckless Driving
f24f1d98,12/22/23,6:13,"Sydney, Australia",-13.629498,-67.468935,Clear,Gravel,4,6,Reckless Driving
e5fcd088,10/11/24,21:22,"Mumbai, India",-32.506832,-57.419924,Snow,Gravel,5,4,Mechanical Failure
cc95fd32,5/20/24,2:33,"New York, USA",-81.55974,20.155001,Hail,Gravel,4,2,Reckless Driving
c631b75c,2/6/24,13:58,"Sydney, Australia",47.458937,-104.17573,Clear,Icy,2,3,Distracted Driving
377f4ae3,6/19/24,13:44,"Berlin, Germany",46.830426,149.763534,Snow,Icy,1,3,Mechanical Failure
a0eec7ef,3/3/23,11:56,"London, UK",44.258942,46.121943,Fog,Wet,2,0,Drunk Driving
bb556c07,7/31/24,20:55,"New York, USA",-36.133239,32.328257,Rain,Under Construction,1,9,Distracted Driving
a387f919,2/22/24,9:44,"Tokyo, Japan",-56.263106,-19.715474,Hail,Snowy,3,10,Reckless Driving
bf75c60b,5/4/24,16:19,"Toronto, Canada",86.933769,50.927935,Snow,Under Construction,3,6,Drunk Driving
975f87b4,3/14/23,18:34,"New York, USA",2.745798,99.763952,Rain,Snowy,5,7,Mechanical Failure
e729203e,6/19/23,7:12,"Toronto, Canada",14.79551,-45.473657,Snow,Dry,5,3,Drunk Driving
649d034c,6/16/24,17:12,"Tokyo, Japan",10.899657,159.104755,Clear,Wet,2,8,Drunk Driving
ca3b339f,3/13/24,1:48,"Tokyo, Japan",73.959012,-114.282408,Rain,Under Construction,4,3,Reckless Driving
4f59dba0,3/20/24,23:41,"Berlin, Germany",67.686745,-91.645766,Fog,Gravel,1,5,Weather Conditions
35849920,6/5/24,0:29,"Mumbai, India",-51.093511,-132.607786,Rain,Under Construction,1,5,Mechanical Failure
ccd67cff,8/13/23,6:10,"Paris, France",83.869625,-111.214059,Rain,Icy,5,1,Distracted Driving
617e4cad,8/3/23,2:21,"New York, USA",26.486286,-68.742474,Snow,Wet,5,5,Weather Conditions
58903ddd,5/2/23,11:39,"Toronto, Canada",22.385226,116.196737,Rain,Under Construction,4,6,Weather Conditions
4198ce96,1/20/23,7:47,"Sydney, Australia",68.509731,52.219985,Rain,Wet,2,0,Weather Conditions
ee402257,1/21/23,10:04,"Sydney, Australia",1.130199,-112.898889,Storm,Snowy,2,9,Mechanical Failure
a3c62ccb,11/30/24,13:33,"Berlin, Germany",-10.948964,157.555433,Hail,Under Construction,1,10,Weather Conditions
96d79cef,7/18/23,11:44,"Beijing, China",25.629957,38.265069,Fog,Gravel,4,7,Distracted Driving
659dcf3d,3/12/23,1:14,"Berlin, Germany",-8.984689,-176.167173,Clear,Wet,1,7,Reckless Driving
9aa7fbf7,2/22/24,6:53,"Beijing, China",-66.02498,-42.614791,Storm,Gravel,1,4,Weather Conditions
b8d13158,3/22/23,17:28,"Beijing, China",-19.369687,-47.475887,Clear,Snowy,5,9,Mechanical Failure
0a6d1ae0,3/11/23,6:30,"Berlin, Germany",-38.430336,-112.630972,Hail,Snowy,1,4,Speeding
25495267,10/13/24,11:44,"Tokyo, Japan",0.223956,90.975241,Rain,Wet,2,4,Reckless Driving
75b5bcb5,10/30/23,11:00,"Berlin, Germany",-31.366236,125.646658,Clear,Under Construction,5,1,Speeding
e7313326,4/16/23,22:46,"Mumbai, India",-75.658566,-85.052256,Rain,Gravel,4,3,Mechanical Failure
e0d3a8cd,6/12/23,1:34,"Paris, France",45.667538,-146.172314,Clear,Dry,5,8,Weather Conditions
138eac3e,1/12/24,18:23,"Beijing, China",-54.162473,-82.269593,Clear,Snowy,2,3,Speeding
b689ff05,3/22/23,0:40,"Berlin, Germany",61.211764,-63.477805,Hail,Wet,1,4,Speeding
0c89c909,10/13/23,10:37,"Paris, France",50.339084,-88.456262,Snow,Icy,1,8,Mechanical Failure
54e0380f,8/30/24,6:27,"London, UK",-82.930176,-2.952932,Rain,Under Construction,3,3,Speeding
835efb21,9/28/24,23:37,"Sydney, Australia",26.093379,171.350483,Storm,Gravel,5,1,Distracted Driving
65a0a3f9,5/25/24,13:56,"Tokyo, Japan",-52.665527,-12.030913,Clear,Wet,3,3,Drunk Driving
95c4580a,8/24/23,19:10,"London, UK",12.450432,-138.905304,Rain,Gravel,1,10,Reckless Driving
f9c100a2,2/23/23,12:44,"Tokyo, Japan",49.826112,-136.869804,Storm,Dry,5,3,Weather Conditions
d4348c02,6/6/23,2:44,"Sydney, Australia",-71.526845,-70.201957,Hail,Gravel,1,6,Drunk Driving
c6612970,5/7/24,20:06,"Tokyo, Japan",-36.657871,-84.535087,Rain,Gravel,1,0,Speeding
36280cf9,12/21/23,14:27,"Tokyo, Japan",53.116829,-41.838703,Hail,Wet,3,2,Weather Conditions
6356cb98,2/3/23,13:02,"Berlin, Germany",-85.350203,-56.244072,Hail,Dry,2,1,Weather Conditions
4b2170d8,12/31/23,2:55,"Paris, France",9.832398,-125.343826,Fog,Under Construction,4,10,Weather Conditions
ab61dce5,2/10/24,19:44,"Mumbai, India",-3.661905,-83.628092,Fog,Icy,1,7,Weather Conditions
6fd686cc,8/14/24,5:50,"Mumbai, India",-26.168294,-20.062651,Hail,Gravel,2,3,Distracted Driving
6ec74f9b,1/31/23,19:28,"London, UK",-37.022519,-106.48403,Snow,Snowy,3,5,Weather Conditions
5c2ce140,11/29/24,12:01,"Tokyo, Japan",-4.806853,-17.267175,Snow,Wet,5,8,Reckless Driving
90b45e9b,12/17/23,21:03,"Beijing, China",48.93803,129.345754,Snow,Under Construction,4,0,Reckless Driving
677c05d0,7/14/23,13:16,"Beijing, China",28.866618,-52.980504,Snow,Wet,3,0,Reckless Driving
73d63ad8,10/13/23,10:04,"Tokyo, Japan",81.856083,24.094305,Fog,Dry,4,10,Mechanical Failure
61ab13e9,6/21/23,6:51,"New York, USA",86.946392,143.295452,Storm,Gravel,3,3,Mechanical Failure
6b1ed3bd,3/29/23,21:31,"Paris, France",-23.641247,20.961073,Rain,Dry,1,1,Speeding
2b6ff072,2/5/24,13:22,"Toronto, Canada",-67.176642,-115.021148,Fog,Dry,4,6,Mechanical Failure
99b0d345,3/1/23,16:05,"New York, USA",-74.427225,-78.938025,Storm,Wet,3,7,Drunk Driving
014ba0a7,10/21/24,10:19,"Tokyo, Japan",84.792039,22.271019,Storm,Snowy,5,1,Speeding
a2de6cd9,10/15/23,9:33,"Toronto, Canada",12.522494,-64.980463,Clear,Wet,4,9,Drunk Driving
523d10de,3/17/23,22:08,"London, UK",87.780535,-140.373363,Fog,Gravel,3,6,Reckless Driving
6393d7ef,5/11/23,2:28,"Tokyo, Japan",-25.558256,-60.611771,Clear,Under Construction,5,8,Speeding
4e482a08,11/25/24,16:11,"Beijing, China",-78.671025,98.089463,Fog,Dry,3,10,Reckless Driving
e4e592e4,3/12/24,3:38,"London, UK",71.131262,87.697447,Hail,Snowy,4,2,Weather Conditions
95d38dc6,12/5/23,20:35,"Berlin, Germany",32.204659,-46.974098,Fog,Gravel,4,5,Speeding
3a412afb,12/26/24,9:39,"New York, USA",-80.434926,-146.755596,Rain,Icy,3,5,Distracted Driving
7a1d1e4f,2/19/23,4:30,"New York, USA",-25.106857,68.681634,Storm,Gravel,4,1,Weather Conditions
b84d4bfb,5/28/23,13:37,"Toronto, Canada",27.950388,82.46422,Clear,Under Construction,3,5,Distracted Driving
11faeb58,6/29/23,1:29,"Mumbai, India",25.437342,3.813586,Snow,Under Construction,1,10,Distracted Driving
2788f6b1,10/12/23,0:49,"Beijing, China",-89.162295,27.955936,Fog,Under Construction,2,1,Speeding
9e700a58,10/28/23,23:26,"Toronto, Canada",-55.082404,-1.533175,Clear,Icy,3,5,Distracted Driving
38430006,7/15/24,9:24,"Toronto, Canada",-57.351715,129.532499,Clear,Dry,5,6,Distracted Driving
4259e59e,8/15/24,16:21,"Tokyo, Japan",28.84752,-177.299591,Hail,Icy,2,6,Weather Conditions
97a19050,5/17/23,3:21,"Berlin, Germany",21.991471,-45.575997,Hail,Under Construction,3,0,Mechanical Failure
0416e8f2,2/24/23,17:46,"Sydney, Australia",-35.614435,-32.712876,Snow,Gravel,5,3,Speeding
537d4952,9/23/24,23:47,"Toronto, Canada",-35.840496,-123.301815,Hail,Snowy,2,3,Reckless Driving
85d08b68,12/18/23,21:20,"Beijing, China",-9.796601,-17.277044,Rain,Dry,3,10,Drunk Driving
e9ac27b7,3/14/24,5:10,"Mumbai, India",33.339652,123.833896,Storm,Wet,3,5,Distracted Driving
c0a81b12,3/1/24,6:27,"Tokyo, Japan",83.843635,76.061839,Rain,Dry,2,2,Reckless Driving
97d1dfc7,1/15/23,10:11,"Mumbai, India",-84.138064,132.857867,Clear,Icy,2,8,Reckless Driving
82bd4b2e,4/25/23,5:58,"Paris, France",-24.286193,-179.817861,Storm,Snowy,4,2,Reckless Driving
b94eafce,9/26/23,23:39,"Beijing, China",-39.787521,-55.918004,Clear,Wet,1,7,Mechanical Failure
a19f119b,8/18/23,9:53,"Mumbai, India",46.530345,-19.292836,Clear,Icy,3,10,Mechanical Failure
1eadeab4,11/24/24,23:35,"Mumbai, India",-10.332649,148.987922,Fog,Wet,3,4,Weather Conditions
ac4cce18,2/28/23,10:04,"New York, USA",62.474063,-79.304401,Clear,Icy,2,3,Mechanical Failure
a075d2be,7/6/24,16:25,"Toronto, Canada",-44.04972,-81.28283,Snow,Dry,1,10,Mechanical Failure
0242962d,8/17/24,19:38,"Mumbai, India",-74.172968,62.109217,Storm,Under Construction,3,1,Mechanical Failure
4b966714,6/26/23,6:19,"Berlin, Germany",-23.086091,-54.025605,Storm,Icy,3,7,Mechanical Failure
b438584d,4/6/23,16:15,"London, UK",-2.080123,111.090291,Hail,Wet,1,2,Reckless Driving
76009b20,1/19/24,20:36,"London, UK",-37.23501,-8.703139,Snow,Icy,4,0,Reckless Driving
be23149f,4/4/24,12:11,"Toronto, Canada",-15.750542,-104.303019,Hail,Dry,5,9,Distracted Driving
8af438b8,7/11/24,6:21,"Beijing, China",-35.252694,-91.634855,Rain,Gravel,4,9,Speeding
37f0dda5,11/13/24,21:45,"Paris, France",-69.896423,-93.935677,Storm,Gravel,2,3,Weather Conditions
8427cdef,6/20/23,2:57,"New York, USA",-56.082172,-56.214275,Snow,Icy,3,8,Mechanical Failure
e350422d,1/15/23,11:28,"Beijing, China",69.376291,123.276512,Snow,Dry,2,2,Distracted Driving
38d8fe16,7/4/24,21:42,"Paris, France",-20.30482,-126.467305,Fog,Wet,4,10,Reckless Driving
8bee311f,9/3/24,8:14,"Paris, France",14.752268,101.767768,Clear,Dry,4,3,Distracted Driving
52800ff2,6/9/23,0:26,"Paris, France",-5.501132,162.15876,Snow,Icy,2,0,Drunk Driving
5055ec00,2/29/24,23:06,"Beijing, China",-0.273069,142.508372,Hail,Under Construction,3,7,Mechanical Failure
c2d7b807,9/8/24,6:03,"Tokyo, Japan",40.12094,70.485035,Hail,Dry,2,2,Mechanical Failure
2fe3825c,4/23/23,16:49,"Beijing, China",45.500899,156.376127,Clear,Snowy,2,5,Distracted Driving
c959c415,10/9/23,14:20,"London, UK",19.680218,18.259273,Storm,Snowy,3,9,Drunk Driving
5c22781a,2/21/23,0:51,"Sydney, Australia",-16.408483,-10.167382,Rain,Under Construction,5,10,Mechanical Failure
78367614,12/29/24,12:52,"Beijing, China",-20.229009,150.718915,Rain,Gravel,2,0,Drunk Driving
3f5c7de6,10/31/23,23:41,"Tokyo, Japan",-40.184027,122.986822,Fog,Wet,4,3,Reckless Driving
8182f3fc,2/3/24,15:35,"Toronto, Canada",-72.489139,159.775158,Snow,Icy,4,9,Speeding
0eafbc2e,8/25/23,4:17,"Beijing, China",53.096928,109.412015,Storm,Snowy,4,5,Reckless Driving
9cb37a4d,9/26/23,10:01,"Sydney, Australia",59.859167,-128.39989,Rain,Snowy,5,7,Drunk Driving
49cd914b,4/4/24,7:09,"London, UK",-58.21305,-177.612232,Snow,Icy,5,1,Mechanical Failure
002572f5,1/2/23,9:09,"Mumbai, India",-39.701508,28.786298,Fog,Wet,5,8,Reckless Driving
3e1dffd4,10/24/23,18:35,"Toronto, Canada",-9.242404,45.422014,Hail,Wet,4,6,Speeding
6b170a22,3/12/23,12:44,"Tokyo, Japan",-0.464239,-77.686656,Storm,Icy,1,8,Mechanical Failure
3cecf691,11/9/23,3:05,"London, UK",-87.788598,-4.759519,Clear,Wet,4,9,Distracted Driving
c4d3a746,12/29/24,19:47,"Berlin, Germany",53.431383,-27.855177,Storm,Icy,1,7,Distracted Driving
73cca5a3,11/23/23,22:25,"Toronto, Canada",1.19541,-75.692088,Rain,Under Construction,3,2,Weather Conditions
e7b56d5b,7/4/24,9:10,"Mumbai, India",-69.611261,-107.016036,Storm,Under Construction,4,7,Speeding
4237c4ba,2/11/23,22:20,"London, UK",-39.497333,-49.081577,Storm,Dry,3,0,Speeding
56015dd0,7/20/24,20:52,"Paris, France",40.831893,136.274784,Snow,Snowy,5,2,Reckless Driving
c2f12c10,9/25/23,16:56,"New York, USA",36.426235,31.092232,Hail,Snowy,1,1,Drunk Driving
000cb37b,2/12/24,15:22,"Beijing, China",-63.967403,-85.351908,Hail,Dry,2,1,Reckless Driving
b8739f4a,8/23/24,5:07,"Mumbai, India",22.898528,-61.65215,Snow,Icy,5,6,Distracted Driving
82ac7276,8/13/23,19:54,"Berlin, Germany",-22.55599,-60.500708,Clear,Snowy,4,0,Mechanical Failure
b54108bc,12/27/24,14:03,"Mumbai, India",2.395575,-119.892311,Hail,Under Construction,5,7,Weather Conditions
f2980130,10/5/24,23:59,"London, UK",2.483764,30.130497,Snow,Icy,4,10,Reckless Driving
4e4fda36,2/26/24,19:01,"Mumbai, India",28.653695,14.750636,Rain,Snowy,1,8,Distracted Driving
8496399e,2/11/24,22:58,"London, UK",-6.390669,106.186969,Storm,Snowy,3,3,Weather Conditions
05b8326a,2/2/24,5:15,"Mumbai, India",-26.12906,-27.843753,Storm,Snowy,1,7,Mechanical Failure
0c8e59f1,1/24/24,14:47,"London, UK",76.413524,71.656375,Storm,Snowy,3,1,Distracted Driving
2ae10cff,2/17/23,19:07,"London, UK",77.379407,-18.222247,Fog,Dry,1,10,Speeding
23bd500f,10/9/23,7:03,"Toronto, Canada",25.17066,-152.313541,Hail,Gravel,5,9,Reckless Driving
68b94b11,11/26/24,20:59,"New York, USA",-78.786526,-128.167201,Snow,Dry,4,10,Reckless Driving
1aaf25d2,4/22/24,5:49,"London, UK",-12.097911,-99.213733,Snow,Under Construction,2,0,Speeding
be4bbbf8,9/6/23,12:41,"Toronto, Canada",-31.284663,-96.257009,Fog,Under Construction,3,4,Drunk Driving
400b1163,9/21/23,18:34,"Tokyo, Japan",71.05746,-34.983988,Rain,Snowy,2,6,Distracted Driving
33a5ae83,4/13/24,20:51,"Sydney, Australia",-39.253722,50.252606,Hail,Icy,5,8,Speeding
c342ccd9,4/11/23,13:45,"New York, USA",58.942777,-10.214369,Fog,Under Construction,4,7,Mechanical Failure
1a6dacbe,11/20/23,4:31,"Paris, France",79.539461,56.320192,Fog,Wet,1,7,Distracted Driving
9ed07eef,4/25/24,6:54,"Berlin, Germany",-20.966421,54.457499,Snow,Wet,1,0,Mechanical Failure
4169da84,2/10/24,16:39,"Beijing, China",6.392075,-152.029424,Snow,Dry,2,1,Mechanical Failure
f1f7b346,11/15/24,0:17,"New York, USA",-42.200296,-171.852034,Clear,Snowy,3,5,Weather Conditions
1739aa41,12/28/24,3:49,"Tokyo, Japan",34.728213,143.075667,Fog,Under Construction,3,6,Drunk Driving
532a4dc2,4/2/24,11:23,"Mumbai, India",-82.821611,62.701239,Fog,Under Construction,2,6,Drunk Driving
775718cd,2/24/24,9:39,"Mumbai, India",-76.549223,85.253982,Rain,Icy,4,1,Drunk Driving
4b3c67bf,4/7/24,1:01,"Berlin, Germany",65.269493,170.978571,Clear,Dry,2,7,Weather Conditions
73b1c326,12/8/23,8:05,"Mumbai, India",38.827576,-134.661765,Clear,Under Construction,3,10,Distracted Driving
9d7d76be,1/10/24,6:20,"Berlin, Germany",47.047787,172.865553,Fog,Dry,5,3,Distracted Driving
0e20fd10,3/3/23,15:30,"Berlin, Germany",27.51664,-128.152854,Hail,Icy,5,5,Speeding
ff9aba51,3/21/23,14:18,"Sydney, Australia",50.230208,34.865709,Rain,Snowy,4,10,Speeding
c89a8a9c,6/11/23,2:12,"Tokyo, Japan",-18.707387,-145.474415,Rain,Wet,2,1,Mechanical Failure
891e4880,8/20/24,9:18,"Berlin, Germany",-83.932096,87.276325,Fog,Dry,4,2,Reckless Driving
e08866fc,2/9/23,21:48,"Sydney, Australia",46.700365,21.302963,Storm,Icy,5,10,Mechanical Failure
bc2b6446,8/8/24,16:18,"Tokyo, Japan",-57.325742,-119.860429,Rain,Icy,3,3,Drunk Driving
7b7649b1,6/1/23,1:58,"Mumbai, India",-5.782473,55.880666,Storm,Snowy,1,5,Weather Conditions
2067e6c0,11/4/23,12:37,"Berlin, Germany",33.856673,83.863664,Clear,Dry,1,1,Distracted Driving
c40ebf0d,12/27/23,1:06,"London, UK",15.035398,114.376266,Fog,Icy,5,0,Drunk Driving
b84d4b30,3/31/23,0:26,"Mumbai, India",-58.831247,84.080403,Fog,Gravel,2,9,Weather Conditions
12e92819,5/12/23,10:37,"New York, USA",65.479923,-9.01288,Fog,Under Construction,3,0,Weather Conditions
ba477509,5/21/24,9:56,"Toronto, Canada",80.387107,-12.084577,Fog,Snowy,3,9,Weather Conditions
b494c4dd,6/2/24,16:01,"Sydney, Australia",-6.937108,-48.031102,Snow,Snowy,3,2,Distracted Driving
4ebd2f0f,11/11/23,10:27,"Sydney, Australia",-70.930493,-57.220397,Rain,Under Construction,5,3,Drunk Driving
cbaee0ff,9/29/24,19:29,"Tokyo, Japan",9.837787,-114.565715,Rain,Gravel,3,5,Drunk Driving
49faf357,12/28/23,15:04,"Beijing, China",16.269647,-63.701877,Hail,Snowy,5,1,Distracted Driving
69dc84e2,7/22/24,17:20,"Tokyo, Japan",70.974059,123.27786,Storm,Snowy,4,2,Mechanical Failure
17da6751,7/1/24,6:41,"London, UK",21.206242,82.465139,Hail,Dry,4,6,Mechanical Failure
890da6a2,7/26/23,7:32,"Paris, France",-59.585503,160.997098,Hail,Wet,2,7,Drunk Driving
4d4f6399,10/8/24,9:32,"Paris, France",-4.408109,21.17805,Storm,Wet,1,1,Weather Conditions
d7842991,8/25/23,13:50,"Tokyo, Japan",-18.274916,112.139458,Fog,Under Construction,2,1,Reckless Driving
96c7ae63,9/26/23,23:15,"New York, USA",39.055108,-74.887921,Storm,Gravel,3,1,Drunk Driving
2799aa4a,8/15/23,17:53,"Beijing, China",-66.534626,-60.867558,Storm,Icy,4,4,Reckless Driving
24ef0a23,7/6/23,21:20,"London, UK",79.705864,-42.454468,Clear,Snowy,3,7,Reckless Driving
e7dda7a1,11/6/24,5:38,"Beijing, China",-78.649269,-36.872428,Hail,Icy,1,7,Reckless Driving
3b613a7a,9/7/23,4:17,"London, UK",86.654151,-88.692449,Snow,Under Construction,5,0,Weather Conditions
653d4f2b,8/31/24,0:15,"Paris, France",39.15043,3.592598,Clear,Wet,1,8,Mechanical Failure
486638d3,7/4/23,17:17,"Mumbai, India",50.612707,105.351938,Snow,Wet,5,9,Reckless Driving
7a7a241e,9/18/23,23:05,"Tokyo, Japan",86.754556,0.933707,Clear,Icy,5,9,Mechanical Failure
0d2522e0,3/23/23,0:26,"Berlin, Germany",86.563689,129.766196,Snow,Under Construction,3,2,Speeding
61a1ab04,10/10/24,14:36,"Sydney, Australia",55.491975,-146.200787,Fog,Icy,5,4,Drunk Driving
ebdeee12,10/17/23,16:08,"New York, USA",-5.583221,132.650778,Rain,Icy,2,0,Reckless Driving
f52b9c4e,8/27/23,18:55,"New York, USA",19.22544,-59.798154,Clear,Wet,5,4,Weather Conditions
75966f9c,9/27/24,11:12,"New York, USA",4.38533,-61.397291,Fog,Icy,4,5,Mechanical Failure
73be8a24,4/4/23,0:31,"London, UK",34.306081,18.24693,Rain,Wet,4,9,Reckless Driving
c1bf2874,6/21/24,22:00,"New York, USA",-44.235507,158.352726,Fog,Icy,3,10,Distracted Driving
834be1b0,11/3/24,18:07,"Sydney, Australia",-16.560169,-68.268158,Clear,Under Construction,2,5,Mechanical Failure
02bf7a2b,2/11/23,21:04,"Toronto, Canada",-5.86186,113.336653,Fog,Icy,5,3,Drunk Driving
a17919be,12/12/23,13:30,"Beijing, China",78.179896,-89.217286,Rain,Gravel,2,3,Distracted Driving
b0f1dbbb,4/15/23,15:55,"Tokyo, Japan",34.537309,98.937853,Rain,Gravel,1,3,Drunk Driving
959fa8eb,4/6/24,16:14,"Toronto, Canada",32.554581,157.190069,Hail,Dry,5,6,Drunk Driving
f3fe1283,4/15/23,20:00,"Toronto, Canada",-33.511881,31.261078,Clear,Dry,3,5,Weather Conditions
6666fcc1,9/14/23,13:00,"Berlin, Germany",-79.828484,-75.739741,Hail,Dry,4,1,Distracted Driving
dae784c8,5/28/23,13:31,"Tokyo, Japan",-85.326719,-113.815095,Snow,Gravel,4,5,Drunk Driving
116095bc,11/26/24,12:01,"Mumbai, India",88.106022,114.739202,Storm,Gravel,3,1,Reckless Driving
b022eb83,4/13/23,16:09,"Beijing, China",25.885959,-58.53828,Hail,Wet,3,1,Speeding
3035e4ea,12/9/23,10:52,"New York, USA",-33.953888,-88.050614,Hail,Snowy,3,5,Reckless Driving
1a4339e4,1/12/24,1:19,"Toronto, Canada",26.665513,-42.971724,Snow,Gravel,4,2,Reckless Driving
6b935521,5/1/23,13:02,"London, UK",81.750782,55.455877,Hail,Under Construction,1,1,Speeding
d266f6b5,7/15/23,1:15,"Sydney, Australia",-61.895034,-156.804614,Clear,Wet,3,7,Drunk Driving
3.04E+86,11/9/24,21:30,"London, UK",16.895905,-101.489792,Fog,Dry,4,4,Drunk Driving
f20e8aab,3/30/23,23:35,"Tokyo, Japan",-51.483429,145.941841,Hail,Dry,2,2,Distracted Driving
0aa3a55d,2/18/24,5:07,"Paris, France",81.722954,-9.359708,Rain,Icy,3,4,Drunk Driving
190f3735,10/14/24,22:34,"Berlin, Germany",-43.103053,-123.881323,Rain,Under Construction,1,1,Reckless Driving
c6323616,2/21/24,7:16,"Beijing, China",-61.585152,132.41981,Rain,Wet,3,2,Reckless Driving
e4d41268,8/3/23,16:37,"Berlin, Germany",-15.781029,169.08149,Storm,Gravel,4,1,Weather Conditions
605c4e04,1/21/24,8:28,"London, UK",-87.404709,-154.103545,Rain,Dry,2,7,Speeding
4dc1b081,5/29/23,1:05,"Tokyo, Japan",-2.003701,-68.565287,Snow,Dry,1,5,Distracted Driving
4e85a40e,2/20/24,18:26,"Paris, France",13.426919,12.339249,Fog,Under Construction,4,3,Drunk Driving
c6fe7229,5/21/24,23:44,"London, UK",-83.177924,123.315385,Storm,Gravel,3,6,Mechanical Failure
e067ae79,4/28/24,5:41,"Paris, France",-27.706163,146.267162,Storm,Dry,4,7,Weather Conditions
899bb20b,8/26/23,1:50,"Mumbai, India",-36.076029,-140.742657,Storm,Gravel,4,8,Reckless Driving
062d884c,1/21/23,12:51,"Sydney, Australia",11.891696,-172.407491,Hail,Wet,1,3,Speeding
758c2ff4,6/18/24,4:39,"Paris, France",30.72272,43.602254,Fog,Under Construction,5,4,Drunk Driving
a2390a67,12/3/23,2:25,"Mumbai, India",8.041826,-164.09014,Clear,Gravel,2,1,Drunk Driving
e6174245,1/2/24,0:25,"Tokyo, Japan",-69.17453,-78.778129,Rain,Gravel,5,5,Weather Conditions
4eae6f08,7/12/24,10:47,"Beijing, China",85.96982,-86.574103,Snow,Dry,2,1,Reckless Driving
89052a87,6/16/23,19:14,"London, UK",47.419859,-57.781318,Snow,Snowy,5,2,Reckless Driving
554ae387,10/20/23,16:52,"Beijing, China",-59.968219,27.431797,Snow,Dry,2,5,Speeding
65f89127,12/24/24,15:20,"Beijing, China",49.091697,-87.325491,Rain,Wet,1,8,Weather Conditions
c2b42d5e,9/18/23,7:27,"Beijing, China",16.843107,82.830352,Snow,Icy,3,6,Drunk Driving
639a0b81,9/7/24,5:42,"Berlin, Germany",85.283777,141.11295,Snow,Gravel,1,6,Distracted Driving
fdb14bec,5/8/23,17:35,"New York, USA",-36.670588,145.389279,Fog,Wet,3,3,Mechanical Failure
fafceb83,3/17/24,17:56,"New York, USA",8.158686,-128.739919,Hail,Icy,4,7,Reckless Driving
e1e2bd03,1/19/24,5:52,"New York, USA",-12.870581,152.493488,Storm,Dry,4,0,Distracted Driving
4f3f6824,5/5/23,13:32,"Berlin, Germany",-19.644034,-93.032128,Storm,Snowy,4,0,Drunk Driving
ac5ffa2b,3/9/23,11:00,"Beijing, China",-39.371175,-123.42641,Rain,Under Construction,3,2,Distracted Driving
609b9aad,4/19/23,16:21,"Sydney, Australia",-61.733559,-59.946672,Snow,Icy,1,1,Reckless Driving
46117cac,7/16/24,16:32,"Sydney, Australia",-17.410888,69.500375,Fog,Under Construction,2,8,Distracted Driving
6e626a05,10/9/24,15:45,"Berlin, Germany",75.360307,-19.255292,Rain,Icy,4,6,Speeding
e5d6955b,8/1/23,6:27,"New York, USA",-65.341293,-61.685987,Rain,Dry,4,8,Speeding
96034217,2/6/24,3:46,"Sydney, Australia",-88.789331,-157.781171,Storm,Icy,5,7,Distracted Driving
caf9093f,3/26/24,17:18,"Beijing, China",-76.772902,-168.216707,Hail,Wet,3,3,Distracted Driving
68e3c842,12/10/23,11:00,"Beijing, China",89.796532,-36.381402,Snow,Icy,3,5,Distracted Driving
aad425f9,3/12/24,15:00,"Tokyo, Japan",-25.776726,-6.442994,Snow,Dry,4,7,Mechanical Failure
f3f42d99,12/4/24,18:28,"Sydney, Australia",-36.719814,-66.726275,Storm,Icy,3,8,Speeding
b94d5454,5/20/23,6:59,"Paris, France",19.122303,-162.413614,Snow,Gravel,5,3,Reckless Driving
969accad,11/7/24,19:27,"New York, USA",-5.461531,-17.975942,Hail,Icy,2,2,Weather Conditions
9741d5c5,11/20/24,22:23,"Mumbai, India",-3.433367,-111.662912,Clear,Icy,1,5,Mechanical Failure
002ea5f4,3/13/24,18:03,"London, UK",-22.132234,136.911511,Clear,Gravel,4,0,Reckless Driving
d09a082c,8/4/24,8:42,"Mumbai, India",-1.465902,155.972949,Storm,Dry,2,1,Speeding
74070916,6/15/24,21:50,"New York, USA",86.257434,-55.658887,Snow,Wet,1,0,Mechanical Failure
fbd66d4d,8/27/23,11:22,"Paris, France",-3.205594,28.39695,Fog,Gravel,2,7,Mechanical Failure
9c1fe4f0,3/13/23,20:03,"Paris, France",-54.383972,131.578393,Fog,Under Construction,1,8,Weather Conditions
a5c90249,8/20/23,9:10,"London, UK",-45.579258,172.530203,Clear,Gravel,1,5,Speeding
bc04988f,4/14/24,4:44,"Sydney, Australia",63.128234,68.463299,Clear,Icy,3,0,Weather Conditions
76082587,12/13/23,7:51,"Tokyo, Japan",-41.307898,24.140196,Snow,Dry,4,0,Mechanical Failure
6070c28b,3/24/23,10:37,"Berlin, Germany",-12.517755,33.699903,Fog,Snowy,5,4,Speeding
629d8db9,8/6/24,0:01,"New York, USA",-22.004043,-59.61548,Hail,Under Construction,5,4,Mechanical Failure
8.86E+07,1/17/24,22:05,"Sydney, Australia",38.966436,-17.04215,Storm,Wet,2,0,Mechanical Failure
fb457515,10/7/23,16:19,"London, UK",-59.2584,-118.408667,Fog,Under Construction,4,0,Reckless Driving
5a449957,11/9/24,23:30,"Toronto, Canada",-85.024992,-86.117502,Snow,Icy,1,4,Mechanical Failure
34b401f0,7/22/23,20:03,"Toronto, Canada",-76.871198,-86.802265,Storm,Under Construction,2,5,Mechanical Failure
522f6aa5,8/19/23,10:49,"Tokyo, Japan",-76.913042,-127.789987,Storm,Under Construction,2,6,Speeding
5365b00f,4/4/23,16:39,"Tokyo, Japan",-23.663352,103.571882,Fog,Wet,4,6,Drunk Driving
9bbcae61,7/16/24,2:33,"Beijing, China",74.382849,87.496303,Snow,Snowy,1,9,Distracted Driving
729d4838,8/25/23,7:06,"Mumbai, India",-20.49225,14.624512,Hail,Wet,3,1,Distracted Driving
b2ab641e,1/10/24,16:00,"New York, USA",-86.80006,-132.719264,Hail,Wet,1,5,Reckless Driving
5cdeadb6,4/2/24,19:54,"Mumbai, India",48.601778,-160.63979,Storm,Wet,4,5,Distracted Driving
e5ab4733,3/22/23,2:14,"Berlin, Germany",-5.299026,49.062414,Fog,Snowy,1,8,Distracted Driving
41e6eadb,3/13/24,20:21,"Paris, France",72.891777,8.372168,Storm,Under Construction,1,2,Weather Conditions
10fac829,9/19/24,19:09,"Tokyo, Japan",69.248766,-106.809612,Snow,Gravel,1,7,Speeding
07240b61,12/26/23,11:55,"Tokyo, Japan",-12.286891,20.003205,Hail,Snowy,4,8,Speeding
d9174dc0,10/6/24,6:35,"Paris, France",-6.28095,131.852499,Hail,Snowy,1,9,Drunk Driving
bfc5fa4d,8/7/24,15:45,"Mumbai, India",-19.147953,-171.965027,Storm,Snowy,4,1,Mechanical Failure
569f792c,3/9/24,15:40,"Mumbai, India",89.365194,59.423617,Clear,Dry,5,4,Mechanical Failure
5e639251,1/14/23,13:27,"Berlin, Germany",-72.773358,-99.71734,Fog,Dry,5,5,Mechanical Failure
797136b0,7/8/23,21:30,"New York, USA",-18.941804,124.040376,Clear,Under Construction,4,9,Speeding
a0a6004a,3/3/23,14:59,"New York, USA",-49.873613,-80.146348,Rain,Dry,1,2,Mechanical Failure
9a515a25,6/21/24,18:33,"Paris, France",16.342134,21.351384,Clear,Under Construction,5,7,Reckless Driving
643859cf,3/18/23,14:41,"New York, USA",85.175763,119.181292,Clear,Snowy,2,9,Drunk Driving
c62905e8,3/2/23,17:17,"Sydney, Australia",16.310335,51.728149,Fog,Gravel,2,8,Distracted Driving
1521e669,7/6/23,21:42,"New York, USA",52.186055,86.085964,Hail,Under Construction,1,7,Distracted Driving
5dc1d2ba,5/24/23,14:33,"Sydney, Australia",68.718358,-34.716385,Hail,Icy,1,2,Speeding
96504ea4,1/9/23,17:49,"Berlin, Germany",-75.653271,32.565865,Fog,Dry,2,6,Mechanical Failure
c454273c,3/11/23,21:58,"Sydney, Australia",-85.411241,0.272985,Snow,Icy,1,3,Mechanical Failure
d77a8377,9/1/23,11:47,"Mumbai, India",-9.17953,55.523664,Hail,Gravel,1,2,Distracted Driving
252db5aa,8/12/24,13:23,"Berlin, Germany",87.604221,27.160218,Clear,Wet,1,2,Drunk Driving
b2304985,3/16/23,0:07,"Berlin, Germany",1.204893,176.472141,Snow,Snowy,2,5,Reckless Driving
c3a4a62e,11/22/24,2:10,"Toronto, Canada",-47.274312,-96.732904,Rain,Snowy,4,4,Reckless Driving
f287e0cb,3/17/23,5:27,"Paris, France",84.207168,-172.040997,Fog,Gravel,4,3,Reckless Driving
153a7e4e,1/11/23,3:31,"London, UK",-17.477464,-133.888981,Rain,Snowy,1,8,Reckless Driving
ff92c719,4/18/24,20:12,"Beijing, China",-80.732086,139.072013,Rain,Dry,1,8,Drunk Driving
74246fec,2/29/24,20:21,"London, UK",-73.175009,-112.223489,Storm,Wet,3,4,Mechanical Failure
6d1ec82b,10/7/23,11:47,"Toronto, Canada",4.953463,129.763325,Rain,Snowy,5,2,Speeding
27a887f8,12/15/24,3:10,"Beijing, China",70.388648,141.771504,Snow,Icy,1,8,Speeding
da91998c,4/3/23,8:12,"Mumbai, India",-25.314947,-108.348857,Rain,Wet,4,9,Drunk Driving
e59068eb,1/9/24,8:34,"Berlin, Germany",-82.870641,130.217318,Clear,Wet,5,10,Distracted Driving
47e7c81a,4/27/23,21:36,"Mumbai, India",41.590075,28.403754,Hail,Under Construction,4,6,Speeding
16220ac4,2/6/24,14:19,"Toronto, Canada",-36.791743,-6.181589,Snow,Snowy,1,5,Drunk Driving
ad76a1ed,12/16/24,16:45,"Toronto, Canada",-55.69181,-162.499152,Hail,Under Construction,3,8,Drunk Driving
6c41e1c3,6/21/23,17:56,"Sydney, Australia",-28.939428,10.320805,Storm,Wet,4,0,Drunk Driving
1a66e441,3/9/24,10:01,"Berlin, Germany",32.844958,163.552074,Fog,Dry,4,6,Mechanical Failure
fba8ebc1,11/14/23,1:40,"Berlin, Germany",30.72284,-143.593615,Hail,Under Construction,2,7,Drunk Driving
c475ae19,12/29/24,3:06,"Paris, France",75.950092,-37.261243,Rain,Icy,3,7,Distracted Driving
b3b23868,5/26/24,19:53,"Paris, France",44.95699,178.437319,Storm,Icy,5,0,Distracted Driving
8d38116a,4/6/24,7:38,"Mumbai, India",82.916004,-74.741035,Clear,Dry,3,10,Drunk Driving
fc77a06b,6/5/24,9:13,"Paris, France",37.720461,69.375142,Hail,Icy,5,1,Weather Conditions
65af7ded,12/5/24,21:57,"New York, USA",79.831546,29.792605,Rain,Dry,3,9,Reckless Driving
26aab9e8,8/31/23,21:32,"Toronto, Canada",16.034379,-62.450592,Snow,Dry,3,2,Reckless Driving
aa2076b7,12/26/24,9:59,"Mumbai, India",37.361233,-158.708211,Clear,Icy,3,4,Mechanical Failure
d64d2a7b,6/3/23,19:16,"Mumbai, India",-0.273814,145.461848,Hail,Snowy,3,4,Distracted Driving
e53d87e9,7/3/23,22:44,"Toronto, Canada",-62.072016,-95.458922,Clear,Snowy,2,0,Weather Conditions
215500b5,9/13/23,0:18,"Paris, France",-5.296611,-94.825412,Hail,Wet,5,6,Speeding
7d8044d4,7/27/24,18:16,"Beijing, China",38.142069,91.077055,Rain,Dry,5,7,Speeding
57856901,3/9/24,1:43,"London, UK",42.122091,169.156176,Hail,Icy,1,9,Weather Conditions
8f233629,10/15/24,16:15,"London, UK",82.545685,13.686449,Fog,Dry,4,6,Speeding
fb8d03b5,3/15/24,11:17,"Tokyo, Japan",-3.276916,46.313263,Clear,Snowy,2,8,Distracted Driving
e3d69d67,8/20/24,20:32,"Beijing, China",81.798597,-68.429445,Rain,Gravel,3,3,Speeding
4f803a4d,7/3/23,17:37,"Berlin, Germany",80.486075,-71.753051,Fog,Icy,2,4,Speeding
2240f1ca,10/20/24,18:56,"Paris, France",15.216222,-112.077202,Hail,Icy,3,3,Reckless Driving
4d332150,9/18/23,11:21,"London, UK",-24.875707,-133.150305,Fog,Snowy,4,5,Distracted Driving
19aa8e02,9/8/24,14:13,"Sydney, Australia",-14.153909,-54.476947,Rain,Wet,4,6,Speeding
1d01e206,2/10/23,7:59,"Mumbai, India",88.117057,-168.190671,Rain,Dry,2,1,Speeding
96022ebf,9/24/23,18:25,"Sydney, Australia",82.57955,93.286045,Hail,Dry,3,0,Weather Conditions
2925be91,6/24/23,19:23,"Berlin, Germany",54.143929,47.97703,Storm,Wet,3,6,Speeding
1269accb,4/9/24,2:13,"New York, USA",5.812617,-2.010696,Clear,Gravel,4,1,Weather Conditions
533d8c78,8/29/23,21:00,"Mumbai, India",13.140209,1.033915,Hail,Dry,2,7,Mechanical Failure
7937b79c,3/22/24,5:24,"Sydney, Australia",-73.590197,72.991378,Snow,Gravel,1,3,Distracted Driving
bb328ea3,1/13/23,14:44,"Toronto, Canada",44.526148,85.809211,Hail,Dry,1,10,Reckless Driving
288ed5b2,3/28/23,19:36,"Berlin, Germany",50.682955,84.67381,Snow,Snowy,1,6,Speeding
fc680e60,12/10/23,15:36,"Beijing, China",18.256355,-142.524926,Fog,Icy,3,1,Weather Conditions
83e42743,5/2/24,6:56,"Paris, France",17.188324,57.030727,Clear,Gravel,3,6,Mechanical Failure
e04d9bb2,3/5/24,22:38,"Sydney, Australia",-50.292081,-137.606669,Fog,Snowy,1,1,Mechanical Failure
cb5ade40,7/9/23,9:31,"Toronto, Canada",14.878861,-56.929218,Hail,Snowy,1,1,Distracted Driving
3d36e949,7/7/24,19:02,"Tokyo, Japan",-60.435386,163.892,Storm,Dry,1,7,Speeding
2033ac08,10/6/23,3:24,"Berlin, Germany",12.736542,124.092036,Storm,Wet,5,4,Mechanical Failure
56381c27,8/3/23,11:07,"Berlin, Germany",24.34415,-93.102483,Clear,Wet,4,10,Drunk Driving
c8034c2c,5/7/24,16:29,"Tokyo, Japan",12.215918,36.805274,Fog,Icy,5,9,Mechanical Failure
80ab2432,9/12/23,9:13,"Paris, France",19.470459,-1.276363,Clear,Icy,1,6,Distracted Driving
819de076,3/7/24,20:52,"London, UK",10.38557,13.624803,Hail,Wet,1,6,Mechanical Failure
7f5ab5ef,12/18/24,0:12,"Paris, France",-35.801136,-68.128737,Hail,Under Construction,3,10,Reckless Driving
20d25de3,2/21/23,16:36,"Sydney, Australia",-1.129209,143.41835,Fog,Dry,2,0,Drunk Driving
d81f30ab,10/25/23,6:54,"London, UK",-16.793863,178.096865,Hail,Gravel,1,9,Reckless Driving
79cbf3d5,6/4/23,10:26,"Beijing, China",-82.809586,-165.63052,Clear,Gravel,5,10,Mechanical Failure
b405e610,5/21/24,11:13,"Toronto, Canada",-66.290468,-71.17321,Rain,Gravel,1,2,Reckless Driving
49cc142a,12/4/23,12:05,"Beijing, China",2.900795,-136.689068,Hail,Icy,3,1,Speeding
f6cfcbe8,5/27/23,8:39,"New York, USA",-25.284142,79.493129,Storm,Icy,1,3,Weather Conditions
49791a6b,11/23/23,21:08,"Toronto, Canada",60.365918,80.351474,Fog,Snowy,5,9,Distracted Driving
4701d5cf,3/11/23,8:33,"Tokyo, Japan",-13.848337,-98.147317,Snow,Icy,5,6,Reckless Driving
b308da6d,2/20/24,23:43,"Mumbai, India",-77.349512,-113.780038,Clear,Snowy,4,10,Distracted Driving
a30f6a7f,12/13/23,13:38,"Toronto, Canada",21.438921,-95.256901,Hail,Icy,4,7,Speeding
c3cf25ab,9/7/24,2:59,"Beijing, China",88.075758,-53.596506,Clear,Wet,5,6,Mechanical Failure
218042d3,8/31/24,2:29,"Paris, France",32.262077,-110.94809,Rain,Under Construction,4,3,Mechanical Failure
66f69280,8/10/24,16:25,"Sydney, Australia",16.588591,-56.001072,Snow,Dry,3,6,Weather Conditions
f4c745f6,11/18/24,4:40,"Toronto, Canada",78.226522,-97.084326,Hail,Snowy,4,8,Drunk Driving
22f9678c,3/27/23,10:42,"Tokyo, Japan",-22.952265,-29.735148,Rain,Wet,2,7,Mechanical Failure
84aa06ac,4/7/24,8:15,"Paris, France",-24.088668,-153.393113,Snow,Gravel,2,9,Speeding
2207c027,3/16/23,4:56,"Tokyo, Japan",-45.058312,170.379816,Rain,Dry,3,5,Weather Conditions
d098550c,6/27/24,0:03,"Tokyo, Japan",-37.001913,-167.357936,Storm,Icy,1,4,Speeding
10ef1645,10/4/24,16:43,"Paris, France",1.260545,111.698433,Hail,Icy,3,3,Distracted Driving
e3d09b1a,8/15/23,0:54,"Toronto, Canada",78.561907,-19.45292,Clear,Under Construction,2,6,Mechanical Failure
6a8e554e,5/13/24,18:17,"London, UK",-24.152966,111.973141,Snow,Dry,1,4,Weather Conditions
c92d7cd2,8/20/24,15:16,"Sydney, Australia",30.431599,-137.007447,Hail,Gravel,2,2,Mechanical Failure
83f33764,8/31/23,9:23,"Sydney, Australia",-3.938159,-131.675827,Storm,Icy,2,2,Mechanical Failure
87cb9c3b,6/21/23,17:16,"Beijing, China",-50.287795,-12.769175,Snow,Under Construction,2,5,Speeding
ab891f78,9/19/24,17:16,"London, UK",85.765203,0.759634,Clear,Icy,5,2,Speeding
771c8c20,12/25/23,11:02,"Mumbai, India",76.22402,172.43607,Storm,Under Construction,3,0,Drunk Driving
b1ba30ac,12/19/23,17:14,"Paris, France",-75.224858,-172.828475,Clear,Under Construction,4,10,Distracted Driving
7d723769,1/17/24,3:17,"New York, USA",-37.79246,76.73044,Fog,Dry,2,4,Weather Conditions
70f26b88,3/1/24,15:29,"London, UK",-23.206072,114.023065,Clear,Icy,1,6,Distracted Driving
6f9bacb3,9/14/24,7:15,"Berlin, Germany",-86.234526,8.480717,Snow,Under Construction,4,4,Drunk Driving
907fe559,8/12/23,15:52,"Berlin, Germany",7.020743,-68.827471,Hail,Wet,1,10,Drunk Driving
6229f03c,9/25/23,6:45,"London, UK",-83.009047,89.320015,Rain,Icy,5,1,Distracted Driving
2a499625,8/15/23,6:02,"London, UK",-58.069684,-57.76415,Clear,Wet,1,2,Speeding
bb95e461,5/31/24,16:52,"Beijing, China",-53.295419,-24.08827,Fog,Icy,2,10,Drunk Driving
1b9e9ec5,11/27/23,2:57,"London, UK",-4.352657,75.954131,Rain,Under Construction,2,4,Reckless Driving
74547d2e,8/16/24,3:05,"Tokyo, Japan",-0.484534,-160.36226,Clear,Gravel,5,2,Weather Conditions
6cd065f5,10/12/23,19:11,"London, UK",-46.642886,-136.049958,Fog,Icy,5,2,Weather Conditions
32896c6b,2/9/23,18:05,"Mumbai, India",-10.172937,92.277225,Clear,Gravel,4,5,Mechanical Failure
3d3644f1,7/8/24,13:28,"Paris, France",-38.334646,1.711974,Snow,Gravel,3,6,Drunk Driving
f3c037fa,1/3/23,12:07,"Sydney, Australia",-74.844372,-120.997582,Storm,Wet,4,9,Weather Conditions
10b0667e,8/7/23,20:18,"Tokyo, Japan",67.663093,-51.345394,Hail,Icy,2,9,Reckless Driving
92ea357f,4/25/24,4:51,"Paris, France",72.804179,-25.337897,Clear,Dry,3,3,Reckless Driving
ea0172cb,3/30/24,10:57,"Berlin, Germany",16.739233,115.581438,Fog,Under Construction,4,4,Reckless Driving
a85f1b64,9/3/23,13:52,"Mumbai, India",73.593534,82.183882,Clear,Wet,1,6,Weather Conditions
7c9351d7,1/3/24,10:49,"Beijing, China",-14.844789,-143.958969,Snow,Wet,3,4,Mechanical Failure
e7647f69,10/2/24,19:41,"Toronto, Canada",-34.141806,99.214961,Fog,Icy,3,4,Reckless Driving
806fd5a0,5/4/24,19:04,"Beijing, China",59.452726,78.427884,Storm,Snowy,2,10,Reckless Driving
49b2ac53,5/25/24,19:36,"Paris, France",88.178075,62.577495,Fog,Snowy,1,1,Mechanical Failure
9e802183,4/9/23,14:31,"Berlin, Germany",71.227383,-23.708972,Hail,Snowy,2,10,Distracted Driving
f942146a,1/14/24,1:05,"Sydney, Australia",26.699823,148.670409,Rain,Gravel,4,6,Mechanical Failure
6987a601,6/17/23,6:18,"Paris, France",36.09807,173.292473,Snow,Dry,1,3,Drunk Driving
1b3a94c2,9/9/23,2:43,"Berlin, Germany",85.205219,112.980813,Rain,Gravel,1,10,Reckless Driving
f1406353,11/26/24,19:19,"Berlin, Germany",-18.379249,-55.314163,Fog,Icy,3,6,Speeding
c2a0d71f,12/23/23,13:59,"Paris, France",45.964142,-117.781012,Rain,Icy,5,2,Reckless Driving
6265500c,9/15/24,8:37,"Beijing, China",-43.962848,141.599913,Fog,Snowy,3,5,Weather Conditions
68ca6878,4/26/24,12:36,"Mumbai, India",-39.570679,-33.874268,Fog,Icy,2,8,Drunk Driving
75055b26,8/19/23,19:07,"London, UK",-60.337461,85.920793,Storm,Snowy,1,6,Weather Conditions
ed1f4688,4/21/24,23:37,"New York, USA",-56.467029,-168.914902,Snow,Snowy,1,10,Weather Conditions
7ae6bd2b,9/4/24,15:11,"Beijing, China",22.511521,114.379997,Storm,Gravel,1,2,Drunk Driving
6634e6da,9/28/23,3:19,"Toronto, Canada",-23.412244,-10.296688,Rain,Dry,4,6,Drunk Driving
cdc23d70,12/29/24,2:44,"Sydney, Australia",64.383175,116.094179,Snow,Gravel,4,2,Reckless Driving
084da643,3/2/24,16:47,"Beijing, China",-71.66815,1.787997,Hail,Gravel,3,7,Distracted Driving
4f7611b1,5/4/23,22:41,"Paris, France",13.513765,-85.518661,Rain,Icy,2,8,Speeding
50a6cd39,12/26/23,5:38,"London, UK",52.833419,-162.080067,Hail,Dry,2,3,Drunk Driving
23bb8572,10/27/23,10:22,"Paris, France",3.262313,43.679807,Clear,Wet,4,0,Mechanical Failure
fbffbec2,9/17/24,20:12,"Berlin, Germany",89.834127,79.212329,Rain,Icy,1,5,Mechanical Failure
dbbffc97,3/14/24,17:19,"Mumbai, India",33.894586,152.848933,Fog,Dry,4,4,Mechanical Failure
450fcd8c,3/26/23,1:02,"Beijing, China",-80.170917,162.816389,Hail,Snowy,4,5,Mechanical Failure
1bb7c201,9/22/23,8:07,"Mumbai, India",9.866915,-12.353335,Hail,Icy,5,0,Speeding
ed9c7fd0,8/11/23,23:59,"Mumbai, India",85.074123,-129.759561,Snow,Gravel,5,10,Reckless Driving
3a8f8694,5/28/23,12:42,"Sydney, Australia",46.698346,-22.747273,Rain,Wet,5,1,Speeding
965256cf,4/15/23,17:03,"New York, USA",87.518701,-113.548789,Rain,Snowy,5,8,Weather Conditions
ee894adf,8/9/23,19:55,"Toronto, Canada",64.461516,158.498634,Storm,Wet,3,4,Reckless Driving
3c71788d,10/8/23,4:18,"New York, USA",-69.904318,88.312251,Snow,Snowy,4,6,Drunk Driving
c7b43364,1/11/23,6:06,"New York, USA",35.924562,-60.020988,Clear,Dry,5,6,Drunk Driving
51284dd0,11/22/23,4:56,"Paris, France",-24.520057,-83.731314,Rain,Under Construction,5,0,Reckless Driving
d2be5417,8/20/24,12:16,"Toronto, Canada",21.045294,-44.961083,Snow,Wet,1,3,Mechanical Failure
c40e33fe,8/19/24,6:47,"Beijing, China",83.556905,-141.889872,Hail,Icy,1,5,Drunk Driving
1b17c63b,4/26/23,10:50,"Berlin, Germany",37.559525,89.770257,Snow,Snowy,1,6,Mechanical Failure
c7d02082,11/14/24,4:09,"Berlin, Germany",35.358644,-42.237253,Snow,Snowy,5,7,Drunk Driving
f30da659,8/1/24,19:15,"New York, USA",22.036993,154.338591,Rain,Icy,2,4,Speeding
bc3d3787,9/30/23,13:04,"Tokyo, Japan",-77.180637,170.392093,Storm,Dry,2,3,Weather Conditions
b5d98104,5/23/23,21:42,"Beijing, China",52.34266,-85.678788,Rain,Gravel,3,0,Drunk Driving
7f16fc30,6/11/24,2:42,"Sydney, Australia",-56.611443,-144.976047,Hail,Gravel,2,6,Weather Conditions
244b77cc,12/12/24,17:53,"Mumbai, India",51.262512,-122.131574,Snow,Snowy,2,8,Drunk Driving
18b6e64f,11/19/24,16:32,"Paris, France",-62.100813,93.686115,Rain,Snowy,2,8,Speeding
18c01622,2/22/23,16:12,"Toronto, Canada",-80.917466,72.524066,Storm,Snowy,2,3,Distracted Driving
5fbf8cd0,9/29/23,18:53,"London, UK",-86.089255,27.668315,Fog,Icy,1,0,Mechanical Failure
0b25ef4f,7/2/24,22:00,"Sydney, Australia",-13.262634,-106.573468,Clear,Gravel,4,3,Drunk Driving
91ec40e9,3/24/23,0:45,"Sydney, Australia",9.145337,24.001022,Clear,Icy,5,0,Mechanical Failure
d236a192,4/9/24,18:53,"Sydney, Australia",-52.13437,163.509586,Storm,Under Construction,1,10,Mechanical Failure
04b5ccc0,8/19/23,23:54,"London, UK",48.155553,144.766699,Snow,Wet,1,1,Speeding
aa1e5620,2/13/24,9:23,"Beijing, China",-68.262259,-2.469055,Fog,Gravel,1,9,Drunk Driving
2fef6eb1,6/15/24,20:41,"New York, USA",-54.426335,166.860089,Clear,Snowy,4,6,Drunk Driving
d7339b8a,3/12/24,23:05,"New York, USA",-24.001278,38.87916,Fog,Gravel,2,2,Weather Conditions
98583bbf,1/24/24,0:28,"London, UK",-31.065751,87.524323,Clear,Gravel,5,3,Mechanical Failure
31b9a111,4/29/24,17:05,"London, UK",43.708109,-112.656872,Rain,Wet,3,2,Mechanical Failure
b20f00f6,11/23/23,20:56,"Paris, France",1.299506,142.383517,Clear,Wet,2,2,Distracted Driving
e31a9bdb,12/3/23,23:25,"Berlin, Germany",-7.108789,-47.454144,Hail,Dry,4,10,Reckless Driving
8865b956,2/20/24,18:26,"Toronto, Canada",-46.993091,120.753524,Snow,Icy,1,7,Distracted Driving
4ffe5414,3/19/24,19:34,"Tokyo, Japan",-14.165539,-73.486769,Rain,Dry,4,4,Mechanical Failure
4ad5363b,5/10/24,20:14,"Berlin, Germany",-34.60731,92.441271,Storm,Gravel,3,3,Weather Conditions
64fc025c,8/1/23,2:34,"Beijing, China",77.214846,179.981695,Clear,Under Construction,4,0,Reckless Driving
b30bafd0,5/19/24,17:52,"Paris, France",55.336197,99.881576,Clear,Gravel,3,2,Drunk Driving
0801b963,7/2/24,3:09,"London, UK",13.000515,-21.412838,Clear,Wet,4,5,Speeding
95cf2cb2,7/29/24,9:07,"Sydney, Australia",7.932839,-58.525178,Clear,Icy,2,3,Distracted Driving
5afdbc19,12/19/24,9:24,"Mumbai, India",45.625964,155.766018,Clear,Under Construction,1,3,Distracted Driving
62f76e79,3/16/23,17:57,"Berlin, Germany",-76.293982,-45.506035,Hail,Gravel,1,6,Drunk Driving
d75a5813,5/30/23,19:36,"Tokyo, Japan",-32.506587,61.69288,Rain,Dry,5,6,Distracted Driving
9ef611e5,1/11/23,11:37,"Berlin, Germany",35.650897,58.993141,Storm,Under Construction,5,9,Distracted Driving
657ccb4e,11/8/24,5:16,"New York, USA",88.852576,130.190958,Storm,Gravel,3,8,Weather Conditions
3d923aa9,5/31/24,10:46,"Sydney, Australia",68.420604,93.496991,Clear,Snowy,5,4,Drunk Driving
1b620bf2,2/7/23,1:11,"Sydney, Australia",-57.51948,115.346131,Hail,Icy,4,1,Speeding
55881273,5/20/24,7:56,"Paris, France",34.537204,-173.009646,Fog,Dry,2,1,Mechanical Failure
4de17b78,9/4/24,10:55,"Beijing, China",-44.177008,-179.346214,Snow,Dry,1,5,Speeding
2c0579b4,2/28/24,0:42,"London, UK",6.031107,155.765358,Hail,Icy,4,10,Speeding
f9e6f718,1/2/24,4:42,"Tokyo, Japan",46.244836,64.170247,Hail,Under Construction,3,1,Weather Conditions
4068f510,3/20/23,2:45,"Berlin, Germany",1.047272,-55.684197,Fog,Icy,4,3,Distracted Driving
cf1f4d55,4/23/23,15:20,"Paris, France",53.200812,152.245777,Hail,Gravel,1,8,Distracted Driving
5b68771c,3/30/23,0:42,"Berlin, Germany",52.726047,86.826809,Rain,Snowy,2,5,Reckless Driving
dd2e9413,7/6/23,23:34,"Paris, France",-3.848814,-53.322252,Fog,Wet,5,3,Mechanical Failure
92ad80ed,10/24/24,11:55,"Berlin, Germany",-62.63258,102.34391,Clear,Icy,1,6,Mechanical Failure
c63a10d8,9/8/24,7:01,"Sydney, Australia",33.907869,132.061575,Hail,Snowy,5,1,Drunk Driving
deced722,10/17/24,5:08,"Mumbai, India",-32.919863,-17.015101,Snow,Gravel,4,2,Weather Conditions
f6703c4d,5/25/23,9:12,"New York, USA",70.940197,-13.012052,Fog,Wet,2,1,Speeding
68dde6cb,4/11/23,8:33,"Toronto, Canada",-35.879906,-17.481802,Storm,Dry,2,0,Speeding
6a500fd8,6/17/23,1:45,"Beijing, China",15.527759,-121.123601,Fog,Snowy,5,1,Mechanical Failure
69301823,7/24/23,1:21,"Sydney, Australia",-42.708789,177.995607,Clear,Under Construction,3,10,Reckless Driving
5123d761,9/17/23,21:02,"Mumbai, India",-3.354831,-0.142954,Rain,Dry,2,8,Distracted Driving
8800e01b,7/27/24,0:37,"Tokyo, Japan",37.188262,-6.021403,Storm,Dry,4,3,Mechanical Failure
97972ef5,1/27/23,1:41,"New York, USA",-53.221675,-38.586713,Fog,Icy,3,8,Mechanical Failure
0cae50d1,3/13/23,7:34,"Mumbai, India",31.92845,-46.239481,Fog,Dry,2,5,Mechanical Failure
8e58fcbf,2/3/24,18:54,"Beijing, China",-14.419383,-42.008575,Storm,Gravel,2,2,Weather Conditions
7.31E+88,10/6/23,0:30,"Tokyo, Japan",-60.114065,-110.206965,Fog,Wet,5,6,Weather Conditions
9b536858,12/15/24,22:25,"Toronto, Canada",-30.775657,15.831181,Clear,Gravel,5,1,Reckless Driving
7591c58a,1/15/23,15:31,"New York, USA",21.325577,-2.004476,Rain,Dry,4,8,Mechanical Failure
1c5bee32,9/17/24,1:26,"Mumbai, India",9.256895,19.308493,Rain,Dry,5,5,Reckless Driving
d7b5cfd9,1/18/23,7:17,"Tokyo, Japan",-88.487054,-17.025839,Rain,Wet,3,7,Drunk Driving
9051a796,1/13/24,16:40,"Tokyo, Japan",9.840317,40.383997,Snow,Snowy,5,8,Weather Conditions
85def249,1/9/24,0:56,"Berlin, Germany",88.108873,-117.879546,Clear,Icy,3,7,Distracted Driving
bbb007e8,6/22/24,16:38,"Berlin, Germany",-73.598635,94.439764,Snow,Gravel,2,5,Reckless Driving
f7a6352f,10/17/24,23:42,"Mumbai, India",-75.921982,-155.168854,Clear,Dry,4,7,Reckless Driving
4beda1f1,11/8/23,4:34,"London, UK",-59.267023,167.716122,Snow,Dry,1,2,Reckless Driving
788b5785,5/19/24,22:22,"Toronto, Canada",42.396465,101.707477,Snow,Dry,1,0,Mechanical Failure
56ff6ce2,3/21/23,5:16,"Mumbai, India",-21.134808,95.216233,Hail,Gravel,1,6,Reckless Driving
1b95c922,7/24/24,4:58,"New York, USA",9.866294,150.084306,Hail,Gravel,3,1,Speeding
afca4cb4,10/5/24,20:06,"Beijing, China",-8.769697,-119.281081,Snow,Under Construction,5,6,Weather Conditions
1adb238e,2/12/24,3:23,"New York, USA",72.636748,96.506155,Snow,Snowy,5,3,Distracted Driving
a80f3c4f,6/21/23,10:44,"Sydney, Australia",65.419726,41.290685,Snow,Gravel,5,3,Drunk Driving
ac23d4a1,10/1/24,20:51,"Paris, France",-65.933818,36.168903,Rain,Dry,4,8,Mechanical Failure
edcaf663,9/16/24,7:45,"Mumbai, India",1.767682,-50.418853,Snow,Icy,5,3,Speeding
59176dde,2/21/23,19:02,"Sydney, Australia",55.666657,77.249768,Fog,Dry,2,3,Mechanical Failure
8d1524b5,12/11/23,5:28,"New York, USA",2.733146,-156.714216,Storm,Icy,4,2,Speeding
5ab0535e,7/15/24,1:40,"Paris, France",-64.521555,-70.510874,Clear,Dry,1,2,Mechanical Failure
5e8476c5,5/13/23,23:07,"Paris, France",7.55387,-165.031338,Fog,Snowy,2,0,Distracted Driving
debad7bc,3/11/24,9:01,"Berlin, Germany",-33.177261,-99.255525,Fog,Dry,4,4,Mechanical Failure
6b0ce103,4/2/24,6:10,"London, UK",-82.85649,-160.868111,Hail,Dry,2,6,Weather Conditions
557b9850,2/16/23,21:36,"Paris, France",10.274237,-119.060044,Hail,Icy,1,7,Distracted Driving
4b4a9c92,12/2/23,1:53,"Paris, France",53.709374,136.268577,Clear,Icy,4,2,Drunk Driving
c2b7e9d7,7/22/23,19:51,"Beijing, China",-31.795128,57.007683,Rain,Gravel,5,5,Speeding
55bbff30,7/4/24,7:41,"Sydney, Australia",21.90777,103.15068,Storm,Snowy,3,7,Speeding
3782a725,12/13/23,11:47,"Mumbai, India",-64.840933,171.947433,Rain,Gravel,4,10,Speeding
c22b81ad,1/28/23,12:56,"Toronto, Canada",-85.731836,28.284949,Snow,Wet,1,7,Distracted Driving
371a0846,2/12/23,3:02,"Paris, France",14.990246,105.580591,Rain,Under Construction,4,8,Weather Conditions
83bf0431,3/6/23,22:11,"Beijing, China",4.579009,-30.031026,Fog,Icy,3,8,Distracted Driving
957988ff,6/24/23,8:30,"London, UK",-78.164674,150.111125,Rain,Dry,1,10,Reckless Driving
43aa7bd1,1/31/23,23:57,"Berlin, Germany",-48.709048,-9.048297,Fog,Dry,3,5,Reckless Driving
be6eefc3,9/29/23,7:03,"Sydney, Australia",-53.16601,25.588236,Snow,Gravel,5,7,Mechanical Failure
a6fdf52d,5/21/23,1:40,"New York, USA",75.56039,-44.492819,Fog,Under Construction,5,2,Distracted Driving
4cb1bf55,9/10/23,3:01,"Tokyo, Japan",88.226825,145.771723,Clear,Dry,2,0,Weather Conditions
12867699,10/30/23,21:54,"Beijing, China",-2.359367,-79.306953,Snow,Wet,4,10,Weather Conditions
6676498b,11/2/23,13:36,"Beijing, China",84.556413,95.976432,Hail,Wet,5,7,Speeding
d882a6e4,2/13/24,11:08,"Tokyo, Japan",-83.883508,100.529077,Storm,Icy,3,10,Reckless Driving
5e3bdd20,11/28/23,20:14,"London, UK",65.581154,138.1224,Rain,Icy,5,6,Drunk Driving
a00fc2f6,5/23/23,8:03,"Mumbai, India",-68.401528,100.562291,Clear,Wet,3,0,Drunk Driving
f72bd959,7/13/24,14:54,"Berlin, Germany",28.533981,77.644657,Fog,Under Construction,3,2,Distracted Driving
25925487,5/26/24,5:57,"Berlin, Germany",35.357675,126.090037,Rain,Icy,2,7,Distracted Driving
ee1c1242,7/31/23,1:32,"Paris, France",-26.313408,-69.333911,Clear,Icy,4,0,Speeding
0e61aa11,2/11/24,19:34,"Mumbai, India",-85.196132,0.249148,Rain,Icy,5,1,Weather Conditions
97b5dd52,11/11/23,13:55,"Mumbai, India",66.150074,106.537184,Storm,Under Construction,4,4,Drunk Driving
ad15787f,8/23/23,15:43,"London, UK",-68.848063,-37.706965,Rain,Under Construction,5,4,Reckless Driving
f47666df,3/26/23,13:52,"New York, USA",17.269053,130.965084,Rain,Wet,4,1,Mechanical Failure
1097957d,7/17/24,6:10,"Tokyo, Japan",3.683486,-168.003176,Rain,Icy,4,0,Reckless Driving
ccc4722f,6/15/23,5:06,"Toronto, Canada",58.572084,25.150001,Hail,Dry,3,2,Mechanical Failure
f79b18aa,5/14/23,22:41,"Berlin, Germany",-45.961974,-85.169688,Rain,Wet,5,3,Weather Conditions
8700e4ac,10/14/24,19:21,"Beijing, China",88.543926,-10.426487,Hail,Icy,3,2,Mechanical Failure
eda89dc9,1/18/23,20:01,"Beijing, China",-41.080238,18.32946,Storm,Gravel,4,0,Speeding
9f662316,11/19/23,6:05,"Sydney, Australia",-62.191468,146.466529,Clear,Wet,3,7,Distracted Driving
170b86e2,7/3/24,7:31,"New York, USA",37.988438,-103.480346,Fog,Under Construction,5,10,Drunk Driving
191c5e12,6/1/23,4:53,"Berlin, Germany",29.950269,86.514115,Hail,Gravel,4,10,Speeding
762b7f75,9/21/23,3:33,"New York, USA",-50.288544,-137.585496,Clear,Icy,5,9,Speeding
8c6fd0b7,9/16/23,10:18,"Beijing, China",28.454202,-159.276752,Fog,Icy,2,8,Distracted Driving
88e5b305,2/7/24,18:40,"Beijing, China",28.252633,-157.409412,Storm,Gravel,5,7,Drunk Driving
11623695,10/4/23,21:18,"Tokyo, Japan",-49.285448,57.569172,Clear,Dry,1,4,Mechanical Failure
b7b5d496,9/12/23,15:34,"London, UK",74.212283,-97.147211,Fog,Gravel,1,4,Reckless Driving
a134f1d3,3/31/23,19:32,"Sydney, Australia",52.510475,68.055366,Clear,Icy,5,1,Drunk Driving
79c799b4,11/23/23,4:45,"Toronto, Canada",-57.604754,96.774077,Clear,Dry,1,2,Weather Conditions
a8a2009c,11/2/24,23:16,"New York, USA",51.229056,-75.637273,Rain,Dry,5,2,Distracted Driving
2e36c017,1/10/23,10:52,"Tokyo, Japan",3.498484,-6.684287,Storm,Gravel,3,1,Distracted Driving
429d6c48,4/30/23,3:38,"Paris, France",-44.4737,-10.659144,Hail,Gravel,5,9,Drunk Driving
0f6b5cf2,9/10/24,2:34,"Berlin, Germany",64.652617,-86.68943,Clear,Wet,3,9,Weather Conditions
31f9af12,2/3/24,2:46,"Toronto, Canada",-38.458259,108.171227,Fog,Snowy,4,0,Reckless Driving
46157544,3/5/24,14:11,"Sydney, Australia",-73.217861,-74.82541,Clear,Gravel,5,7,Mechanical Failure
1a6d97f9,7/23/24,7:51,"Beijing, China",-69.148333,82.805151,Storm,Snowy,2,1,Mechanical Failure
b27539e9,12/8/24,23:16,"Beijing, China",-11.639773,-0.707139,Storm,Snowy,1,10,Drunk Driving
6439f4a5,8/19/23,12:39,"New York, USA",-23.215682,-143.785385,Fog,Gravel,2,4,Speeding
f0269bf4,6/2/23,1:35,"Tokyo, Japan",14.222259,-116.040797,Rain,Dry,4,5,Mechanical Failure
d819068f,5/2/24,20:57,"Tokyo, Japan",-36.165204,-158.728193,Clear,Snowy,4,0,Drunk Driving
2952213d,9/13/24,8:47,"London, UK",-23.851102,-83.880256,Storm,Dry,3,10,Drunk Driving
94b9fd88,5/21/24,19:27,"Berlin, Germany",-30.226696,-120.891042,Hail,Gravel,4,0,Speeding
b7f698bb,12/10/23,4:08,"Mumbai, India",64.876949,-153.291983,Fog,Snowy,4,4,Weather Conditions
2e67509a,4/14/24,7:12,"Paris, France",-85.845074,64.609116,Storm,Snowy,5,8,Distracted Driving
6d08c0fd,4/8/24,19:36,"Toronto, Canada",-69.393109,-158.534124,Fog,Icy,1,8,Speeding
dddcd331,9/28/24,5:09,"Tokyo, Japan",84.841953,128.890834,Rain,Gravel,3,6,Reckless Driving
2d706dbc,3/8/23,0:00,"Berlin, Germany",62.110225,81.811964,Rain,Dry,4,10,Distracted Driving
831a095d,5/6/24,22:53,"Berlin, Germany",-40.940517,99.010988,Rain,Dry,1,5,Reckless Driving
1952a3e8,12/10/23,8:58,"Tokyo, Japan",66.295531,95.251646,Storm,Gravel,3,3,Drunk Driving
30390551,5/21/23,19:13,"Beijing, China",-63.971125,4.483565,Snow,Under Construction,1,2,Drunk Driving
66f4c793,12/26/23,22:15,"Mumbai, India",50.593397,134.724141,Fog,Icy,5,3,Distracted Driving
c7c55c28,10/16/23,7:27,"Berlin, Germany",-53.339353,-86.912386,Snow,Dry,4,4,Reckless Driving
e5d77eb4,2/28/23,7:43,"Tokyo, Japan",50.041913,95.646495,Storm,Snowy,3,1,Reckless Driving
8732ffb9,3/26/24,12:28,"Mumbai, India",-88.347881,39.150703,Storm,Gravel,1,1,Speeding
720fc733,8/5/23,5:55,"London, UK",66.192479,169.48595,Clear,Gravel,2,3,Weather Conditions
08686bba,6/9/23,22:20,"Beijing, China",-26.912037,-82.529115,Hail,Snowy,3,4,Drunk Driving
7597d8b2,6/8/24,6:27,"Mumbai, India",-39.65259,120.764336,Clear,Wet,2,3,Weather Conditions
777b902e,10/26/24,23:44,"Sydney, Australia",-19.0285,-154.874941,Storm,Dry,3,0,Weather Conditions
1e7dcc18,8/26/23,20:09,"Tokyo, Japan",-3.695383,169.679891,Snow,Snowy,4,3,Distracted Driving
45d03e76,2/3/23,19:31,"Toronto, Canada",46.66974,-95.188172,Rain,Snowy,4,10,Mechanical Failure
111e3c99,11/22/23,15:44,"Mumbai, India",77.34497,88.665658,Storm,Dry,4,0,Mechanical Failure
676a8bfc,8/23/23,18:59,"Beijing, China",21.971032,54.784953,Hail,Dry,4,2,Mechanical Failure
a027ddc0,3/8/24,19:26,"Toronto, Canada",81.756635,44.074187,Rain,Gravel,3,0,Drunk Driving
759f75bb,2/9/24,1:27,"Sydney, Australia",6.034989,-16.721245,Rain,Icy,2,7,Drunk Driving
c3283178,7/20/23,6:30,"Berlin, Germany",37.057764,51.431359,Snow,Icy,4,1,Speeding
fd3a551c,7/30/24,21:00,"Beijing, China",-56.240571,-153.664973,Clear,Icy,3,8,Drunk Driving
1d3b839b,11/14/24,3:31,"Toronto, Canada",-43.020051,-137.309896,Fog,Dry,5,10,Weather Conditions
457caa87,2/15/23,7:43,"Toronto, Canada",-70.854037,147.909701,Snow,Snowy,3,6,Mechanical Failure
edff0e40,4/30/24,20:38,"Beijing, China",-6.15213,-91.539096,Fog,Icy,1,10,Weather Conditions
a89b8f1d,3/24/23,23:19,"Sydney, Australia",61.692577,17.507404,Fog,Dry,2,8,Mechanical Failure
3f9678d5,9/7/23,6:16,"Paris, France",21.841455,47.76008,Snow,Wet,1,2,Drunk Driving
debf627d,4/6/23,10:33,"Paris, France",-3.945001,-137.03749,Fog,Snowy,4,3,Drunk Driving
b3c09909,8/5/24,4:21,"London, UK",16.805947,68.617396,Snow,Snowy,3,5,Weather Conditions
3753c48d,3/25/24,16:13,"Paris, France",26.343396,129.274649,Snow,Snowy,5,2,Weather Conditions
1.25E+13,6/23/23,20:35,"Toronto, Canada",40.781614,159.446535,Clear,Icy,4,8,Mechanical Failure
99e5ae95,10/30/23,18:50,"Sydney, Australia",74.68069,177.018501,Fog,Gravel,2,5,Drunk Driving
8e2c3f18,6/9/24,5:05,"Sydney, Australia",-1.547261,72.524652,Hail,Dry,1,3,Drunk Driving
9dbe0a47,6/6/24,14:10,"Sydney, Australia",-62.571673,112.725475,Hail,Wet,4,5,Drunk Driving
dd1c9c0f,7/30/24,2:51,"Paris, France",24.82164,-76.307701,Rain,Snowy,4,4,Distracted Driving
d57a5083,12/17/24,6:29,"Beijing, China",-16.560558,106.357364,Fog,Wet,2,6,Distracted Driving
4d437e1f,7/12/24,1:02,"Beijing, China",14.060318,-98.851944,Storm,Gravel,5,9,Distracted Driving
33845af0,9/24/23,3:47,"Beijing, China",73.392785,-118.721205,Rain,Icy,1,5,Speeding
4481c190,4/2/24,16:18,"London, UK",83.363727,-159.477702,Storm,Gravel,1,3,Weather Conditions
33b06baa,11/27/23,14:21,"London, UK",-39.069235,-4.372261,Clear,Icy,3,9,Drunk Driving
76946692,12/11/24,8:28,"Tokyo, Japan",-19.56508,-74.505019,Snow,Wet,1,2,Distracted Driving
71d378a7,12/23/24,13:15,"Berlin, Germany",0.240265,-158.549778,Fog,Icy,1,3,Drunk Driving
360f6629,9/20/23,11:45,"Toronto, Canada",-70.623011,-168.983626,Rain,Dry,1,1,Drunk Driving
0f18c7fc,11/12/24,22:12,"Paris, France",58.334672,-32.849897,Storm,Dry,1,0,Drunk Driving
dd838619,9/6/23,7:40,"Tokyo, Japan",-13.34924,13.434066,Fog,Icy,3,5,Reckless Driving
ef4f4316,4/19/23,22:48,"Paris, France",-27.445267,-28.050757,Snow,Under Construction,3,5,Reckless Driving
15751d6c,6/18/24,15:37,"Beijing, China",71.310848,-34.956545,Snow,Gravel,5,6,Drunk Driving
62949eaa,11/1/24,0:39,"Mumbai, India",-62.986872,-145.369834,Rain,Icy,1,5,Mechanical Failure
5c0a41da,1/28/24,6:17,"Beijing, China",3.700173,57.821746,Storm,Under Construction,4,4,Drunk Driving
37468264,3/29/23,0:04,"Toronto, Canada",-41.837187,-56.761377,Hail,Wet,3,4,Distracted Driving
a98ba994,8/22/24,2:54,"Beijing, China",-74.732992,-77.367813,Storm,Dry,3,4,Reckless Driving
01f91534,3/11/23,14:54,"Paris, France",-34.301162,142.435444,Storm,Dry,3,8,Weather Conditions
5238df01,12/9/23,14:05,"Beijing, China",38.910842,-49.50917,Clear,Icy,3,6,Speeding
2110b966,4/2/23,6:43,"Mumbai, India",20.154497,53.446617,Rain,Snowy,4,6,Drunk Driving
706db63c,6/17/24,4:30,"New York, USA",40.925396,-9.466008,Hail,Wet,2,7,Speeding
cca3fe83,10/1/23,2:57,"Berlin, Germany",21.77306,48.02101,Rain,Snowy,3,8,Speeding
3482a68b,12/11/23,7:33,"Paris, France",25.425638,-152.048344,Fog,Under Construction,4,4,Distracted Driving
3b1e52c0,5/20/23,2:04,"Sydney, Australia",-63.500432,-135.659802,Rain,Dry,5,6,Speeding
4df0a690,10/19/24,22:29,"Tokyo, Japan",88.77857,-103.67349,Snow,Wet,2,0,Speeding
f92647a3,10/21/23,22:10,"Beijing, China",78.041075,37.167515,Snow,Snowy,4,7,Drunk Driving
5b0ed447,6/5/23,21:01,"Sydney, Australia",44.150463,-169.278203,Hail,Gravel,2,3,Drunk Driving
98561611,8/27/23,16:44,"Paris, France",0.353469,108.667515,Storm,Under Construction,2,1,Speeding
d8be1663,10/31/23,1:17,"Toronto, Canada",-89.419339,-111.948805,Storm,Wet,3,10,Drunk Driving
125f32f2,12/8/24,16:40,"Sydney, Australia",58.456975,-32.309265,Clear,Snowy,1,4,Distracted Driving
7b24e5e8,7/8/24,14:52,"Toronto, Canada",-25.118484,151.209919,Snow,Wet,3,5,Weather Conditions
bec3193e,3/11/23,20:13,"Paris, France",-23.881912,117.372118,Rain,Snowy,4,5,Reckless Driving
e1ce7007,11/23/23,15:44,"Beijing, China",-29.728913,-178.581267,Snow,Wet,3,9,Drunk Driving
68913454,2/2/24,22:33,"Paris, France",57.939359,119.426137,Hail,Dry,3,9,Drunk Driving
ec1c0e26,3/30/24,12:44,"Tokyo, Japan",77.141109,59.732198,Fog,Under Construction,2,10,Mechanical Failure
7bb2741b,11/6/24,18:18,"London, UK",-69.185625,158.708301,Snow,Gravel,2,8,Speeding
0d24c01f,9/26/23,11:03,"New York, USA",-45.685113,156.881942,Snow,Icy,3,6,Reckless Driving
e04f68d0,8/8/23,17:12,"New York, USA",28.660278,100.701434,Hail,Dry,2,4,Drunk Driving
d6292be0,3/15/23,1:09,"Tokyo, Japan",77.716511,163.151681,Hail,Gravel,1,8,Reckless Driving
28ebfcb2,5/18/23,16:11,"Mumbai, India",55.657402,32.285013,Snow,Icy,4,3,Distracted Driving
c8d35193,4/9/23,11:52,"Toronto, Canada",66.065133,-110.109738,Clear,Wet,3,0,Distracted Driving
4fd5b924,9/5/23,15:29,"Mumbai, India",69.206307,50.160545,Rain,Gravel,1,5,Speeding
0af3bb76,8/12/23,2:07,"Paris, France",-12.252447,-82.30113,Snow,Snowy,2,3,Mechanical Failure
1.62E+86,2/20/24,18:16,"London, UK",74.579098,-17.831458,Fog,Snowy,2,0,Mechanical Failure
db54c41f,4/25/24,6:02,"Mumbai, India",69.685355,101.666553,Rain,Wet,5,0,Distracted Driving
49a98b89,10/27/23,13:25,"Berlin, Germany",-29.161043,108.518096,Fog,Dry,2,6,Mechanical Failure
1d2ad15a,6/27/24,5:58,"Tokyo, Japan",-69.530866,-13.39104,Fog,Wet,1,5,Reckless Driving
3e8251ff,5/31/24,13:48,"Sydney, Australia",39.621944,47.037978,Snow,Wet,4,5,Speeding
bbc8527d,10/12/24,9:04,"Mumbai, India",16.413146,-115.759293,Rain,Snowy,3,5,Speeding
18facd3d,4/8/23,11:19,"Tokyo, Japan",7.803019,-105.191474,Fog,Under Construction,4,3,Weather Conditions
2f16150c,11/13/24,8:51,"Beijing, China",81.39398,-31.02351,Fog,Dry,4,5,Distracted Driving
45ce96f8,11/12/24,23:45,"Beijing, China",48.72228,31.792181,Storm,Dry,5,6,Reckless Driving
de9c7049,9/11/23,5:55,"Beijing, China",-52.300599,-28.521742,Clear,Icy,2,7,Mechanical Failure
756b37fa,7/14/23,4:21,"Berlin, Germany",-85.469369,-158.466377,Rain,Dry,5,3,Speeding
ea1449a1,4/27/24,10:24,"Tokyo, Japan",-85.185758,-144.901882,Storm,Under Construction,3,5,Distracted Driving
13bd0998,3/29/23,2:29,"New York, USA",31.217655,22.082776,Clear,Under Construction,3,10,Speeding
d0b9e7a0,6/13/23,5:58,"New York, USA",36.819007,-60.574532,Snow,Dry,2,6,Distracted Driving
4ffebc57,6/16/24,1:26,"New York, USA",-54.776701,175.402387,Snow,Wet,5,6,Speeding
021d06bb,11/16/24,23:37,"Tokyo, Japan",37.277279,-21.825795,Storm,Icy,5,3,Distracted Driving
fb104569,10/5/24,2:18,"Tokyo, Japan",50.122724,-134.548699,Hail,Gravel,2,2,Reckless Driving
c6cfa68e,4/22/23,12:36,"London, UK",-38.130731,-30.440774,Clear,Wet,5,8,Speeding
945abdd9,9/8/24,22:15,"New York, USA",60.117133,90.736568,Clear,Icy,4,4,Speeding
856971ff,9/25/23,3:16,"Toronto, Canada",-69.56418,19.766214,Hail,Gravel,2,4,Mechanical Failure
415e79ab,8/28/24,23:37,"Tokyo, Japan",87.986834,-101.589308,Fog,Under Construction,4,9,Weather Conditions
9a144c51,5/26/24,13:42,"Sydney, Australia",53.848206,-81.703078,Hail,Dry,3,7,Distracted Driving
23576f42,9/19/24,16:27,"Berlin, Germany",-75.515338,122.863602,Snow,Under Construction,3,6,Mechanical Failure
8d40cd5a,5/21/24,11:35,"London, UK",-77.329668,-21.847099,Snow,Gravel,1,1,Distracted Driving
4ccf1143,6/5/23,9:26,"Mumbai, India",-74.174899,-60.250425,Snow,Icy,2,7,Mechanical Failure
5cd8b47e,6/13/24,10:23,"Mumbai, India",87.127152,-98.011454,Snow,Icy,3,3,Weather Conditions
3d95c154,12/10/24,21:18,"Beijing, China",85.341343,133.962851,Rain,Wet,1,3,Drunk Driving
fa3147b3,3/19/23,20:14,"Beijing, China",-4.676821,-138.78089,Rain,Gravel,3,1,Mechanical Failure
3f0da4c1,10/29/24,11:40,"Paris, France",-22.294284,73.591209,Clear,Under Construction,1,10,Weather Conditions
ed33f7fd,9/30/23,1:27,"London, UK",88.558232,-107.61443,Hail,Wet,3,3,Speeding
9dfe714a,5/22/23,6:42,"Paris, France",42.328217,-117.870802,Fog,Snowy,5,1,Distracted Driving
e62c34e4,9/18/24,19:32,"Berlin, Germany",49.215967,-173.650722,Snow,Snowy,4,4,Weather Conditions
2fb0302d,5/12/24,9:55,"Sydney, Australia",35.613438,-37.727465,Fog,Snowy,1,9,Mechanical Failure
0ed68ffa,10/3/23,2:54,"Berlin, Germany",56.745091,-36.107853,Rain,Snowy,3,8,Mechanical Failure
b7486ad0,10/28/24,22:31,"Tokyo, Japan",55.249918,19.658366,Storm,Wet,5,10,Mechanical Failure
908324af,11/8/24,15:17,"Mumbai, India",-39.838669,17.923145,Fog,Under Construction,4,2,Reckless Driving
4d4b2f3c,6/11/23,17:34,"Sydney, Australia",-5.725224,173.536352,Fog,Under Construction,1,1,Speeding
59214a48,1/21/24,3:55,"Sydney, Australia",24.62379,1.795027,Fog,Dry,3,7,Mechanical Failure
46bde395,6/24/24,9:59,"Berlin, Germany",-75.403224,44.659821,Clear,Under Construction,3,10,Reckless Driving
2178ed45,8/17/24,6:31,"Mumbai, India",-61.136341,-105.188767,Rain,Gravel,4,1,Mechanical Failure
09ee009d,3/8/23,7:42,"Tokyo, Japan",-47.900929,-114.310233,Rain,Wet,5,1,Drunk Driving
d9dd2bbb,10/12/23,17:09,"Paris, France",-14.983528,27.177903,Snow,Snowy,3,0,Reckless Driving
13f46b13,7/1/24,21:07,"Mumbai, India",87.127655,-151.830512,Rain,Under Construction,4,2,Drunk Driving
5dd4b3c9,10/12/24,5:30,"Mumbai, India",-57.704085,-83.944787,Storm,Gravel,2,3,Drunk Driving
4a57277a,7/13/24,17:37,"Toronto, Canada",75.662203,-11.787092,Rain,Icy,5,5,Drunk Driving
6c8b2e20,5/8/23,17:39,"London, UK",65.675307,171.711703,Storm,Under Construction,2,1,Weather Conditions
cfbe1d02,6/23/24,20:23,"Sydney, Australia",64.471192,-2.144477,Hail,Under Construction,4,10,Drunk Driving
33b10a36,3/7/24,13:48,"New York, USA",-73.125773,-160.388996,Snow,Wet,1,0,Drunk Driving
0270f149,8/20/24,17:35,"Tokyo, Japan",55.542622,-64.695625,Storm,Dry,1,10,Speeding
5bd40115,11/22/23,1:29,"Beijing, China",67.089827,-151.555389,Hail,Icy,2,9,Weather Conditions
57e35620,7/24/24,22:40,"Berlin, Germany",-34.89291,39.71387,Snow,Dry,4,0,Mechanical Failure
929d3e1f,2/13/24,1:12,"Sydney, Australia",55.883251,-8.900514,Clear,Under Construction,1,2,Mechanical Failure
7cb3e740,2/24/24,17:50,"Mumbai, India",-1.504756,61.748258,Rain,Snowy,2,10,Speeding
4ede8847,2/4/24,14:56,"New York, USA",-23.522705,132.346249,Storm,Snowy,1,2,Distracted Driving
a48c3033,12/5/24,10:12,"Sydney, Australia",-40.085205,125.679327,Hail,Gravel,3,9,Mechanical Failure
a0797fe2,9/3/24,13:23,"London, UK",-49.154673,-43.831837,Clear,Gravel,5,9,Speeding
8ecf206b,7/29/23,21:01,"Mumbai, India",9.013392,-85.37205,Fog,Icy,1,7,Speeding
910119a0,2/27/24,20:27,"Beijing, China",26.70832,-145.687893,Hail,Wet,1,7,Distracted Driving
4ee1b470,7/7/23,7:18,"New York, USA",77.686691,139.136346,Rain,Gravel,1,4,Distracted Driving
1ae79f6b,8/17/23,9:26,"Beijing, China",1.286544,-135.5149,Clear,Wet,4,9,Distracted Driving
598c08d1,9/4/24,0:39,"London, UK",-68.669989,-175.740956,Clear,Under Construction,5,3,Drunk Driving
660fafb0,3/21/23,11:37,"Tokyo, Japan",-28.747398,-60.759468,Storm,Icy,1,4,Drunk Driving
6.66E+12,1/3/24,11:16,"Toronto, Canada",-62.877069,150.297438,Clear,Dry,3,5,Mechanical Failure
8.68E+11,5/15/24,14:29,"Beijing, China",53.3632,73.112943,Snow,Snowy,1,5,Reckless Driving
16f62809,8/27/23,22:14,"Berlin, Germany",-47.585293,26.66786,Snow,Dry,1,7,Weather Conditions
79785bdb,5/13/24,21:31,"Paris, France",42.352233,160.449053,Clear,Icy,2,7,Speeding
802ec403,9/16/23,3:23,"Tokyo, Japan",69.555566,16.848934,Hail,Snowy,1,4,Speeding
8287af0c,6/23/23,2:21,"Mumbai, India",-83.226585,-99.013485,Clear,Under Construction,2,7,Weather Conditions
165cd6c1,6/18/24,14:01,"New York, USA",-66.115806,76.208146,Rain,Under Construction,1,9,Distracted Driving
f8af0528,2/22/23,6:11,"Paris, France",54.913847,-38.769743,Fog,Gravel,4,8,Reckless Driving
f27cf5fd,10/28/24,7:10,"Beijing, China",30.447135,128.481327,Snow,Gravel,4,4,Distracted Driving
6ed55944,7/23/23,11:46,"Mumbai, India",-39.366077,113.673967,Rain,Wet,3,8,Drunk Driving
108ba091,2/15/24,15:34,"Mumbai, India",78.274286,-46.094756,Rain,Snowy,3,5,Mechanical Failure
e26be76b,2/8/23,18:06,"Mumbai, India",14.827592,-45.918247,Storm,Dry,4,10,Distracted Driving
6b1dbcfa,11/16/24,22:41,"Beijing, China",-3.848998,-19.565576,Storm,Under Construction,4,9,Mechanical Failure
c3e9da6f,10/12/24,21:36,"Beijing, China",83.110094,65.042887,Hail,Wet,4,8,Drunk Driving
ae9822ec,8/16/24,7:19,"Toronto, Canada",-35.094966,-68.100928,Fog,Wet,3,10,Drunk Driving
6c9aa43d,7/13/23,23:48,"Berlin, Germany",-43.879055,44.81038,Hail,Snowy,1,1,Drunk Driving
877c877f,1/4/24,14:01,"London, UK",79.66795,135.617021,Rain,Under Construction,1,7,Reckless Driving
bfceff6b,9/13/24,5:34,"Toronto, Canada",31.72679,2.7468,Storm,Icy,2,0,Distracted Driving
686ccb95,2/16/23,15:40,"Paris, France",-69.100883,-150.314516,Fog,Dry,5,0,Distracted Driving
702231b0,3/23/24,10:12,"London, UK",-9.190543,113.101168,Fog,Gravel,4,6,Weather Conditions
f0fc6fdb,11/25/23,21:38,"Mumbai, India",-47.815377,-134.592653,Storm,Under Construction,1,1,Weather Conditions
04d99b81,11/2/24,17:50,"Toronto, Canada",-23.590717,167.692371,Rain,Wet,4,5,Drunk Driving
08ccdbb1,5/27/23,2:54,"Berlin, Germany",37.875241,-67.973198,Rain,Under Construction,5,7,Speeding
40959830,5/21/23,7:58,"Tokyo, Japan",-12.830078,142.417863,Hail,Dry,5,8,Speeding
6330df2e,3/31/24,3:35,"Toronto, Canada",65.895117,-103.307181,Rain,Dry,1,7,Mechanical Failure
2.99E+05,10/19/24,12:21,"London, UK",44.839035,94.799536,Rain,Snowy,3,2,Reckless Driving
7bb12b24,3/1/24,0:47,"New York, USA",-82.273965,165.994942,Fog,Icy,2,8,Mechanical Failure
0beb382e,12/28/24,12:33,"Tokyo, Japan",21.163792,-167.579057,Rain,Dry,2,1,Mechanical Failure
8ba8bb10,9/19/23,20:07,"Berlin, Germany",-62.619404,-16.603545,Clear,Dry,2,5,Drunk Driving
e7285813,4/8/24,3:24,"Sydney, Australia",75.639194,150.703988,Hail,Icy,1,0,Distracted Driving
cf6d006e,8/17/24,18:17,"Sydney, Australia",-12.967622,-20.329069,Fog,Under Construction,2,2,Weather Conditions
7c8b8b5e,1/18/24,10:03,"Paris, France",-1.793914,166.67398,Rain,Dry,5,2,Speeding
d5887326,6/10/23,11:51,"Tokyo, Japan",-63.485464,-25.197921,Snow,Under Construction,5,4,Mechanical Failure
6fbb5fae,12/19/23,7:11,"London, UK",84.899273,13.586156,Clear,Under Construction,5,4,Drunk Driving
7db42de7,9/23/23,11:24,"Beijing, China",-86.696521,-9.331524,Hail,Wet,5,3,Distracted Driving
7cebabc1,1/28/23,7:08,"Tokyo, Japan",38.430335,12.747473,Fog,Snowy,4,7,Reckless Driving
1fc7cf47,6/6/23,10:49,"Berlin, Germany",-88.397711,-43.431401,Snow,Under Construction,5,3,Mechanical Failure
1104b624,8/2/24,15:17,"Mumbai, India",-64.998408,-35.770699,Storm,Snowy,2,9,Weather Conditions
5bc55d57,12/19/24,20:40,"Mumbai, India",-30.971714,-62.144007,Storm,Icy,5,0,Reckless Driving
5f7feb90,1/27/24,10:30,"Mumbai, India",82.525505,21.381936,Rain,Under Construction,1,9,Drunk Driving
a3d73685,3/26/23,0:15,"Paris, France",76.72813,-48.893114,Rain,Dry,4,4,Speeding
21508715,5/21/24,0:13,"Beijing, China",-80.78617,157.151959,Hail,Under Construction,3,7,Speeding
a5586471,3/6/24,1:51,"Tokyo, Japan",24.589697,-60.756785,Hail,Icy,5,7,Distracted Driving
6eeb186e,7/22/24,8:16,"Mumbai, India",38.556986,-97.877234,Clear,Snowy,1,4,Drunk Driving
62079a75,7/23/23,20:02,"London, UK",19.052872,161.794617,Hail,Wet,5,6,Speeding
e6346b59,2/9/23,1:08,"Toronto, Canada",61.926001,77.181897,Fog,Wet,5,2,Drunk Driving
f05a57ef,5/29/23,14:49,"Berlin, Germany",-51.20244,154.208471,Rain,Dry,1,4,Drunk Driving
240f5538,11/11/24,18:04,"London, UK",7.669148,160.785364,Storm,Gravel,3,3,Reckless Driving
6b29b247,1/12/23,16:39,"Sydney, Australia",68.680512,7.024427,Fog,Icy,1,3,Distracted Driving
aefd4146,6/30/23,13:24,"Beijing, China",-4.81321,91.306104,Clear,Icy,1,5,Speeding
fa974c95,11/21/24,15:11,"Tokyo, Japan",-42.674752,-124.926834,Snow,Dry,3,7,Weather Conditions
e5813289,6/29/23,19:05,"Paris, France",60.24993,43.578357,Fog,Snowy,3,0,Weather Conditions
30134ba4,9/17/23,1:47,"New York, USA",45.844524,-30.498925,Clear,Under Construction,2,3,Weather Conditions
4d8257a5,8/23/24,17:49,"Toronto, Canada",63.200033,-129.556052,Hail,Icy,5,10,Speeding
9f1a29a6,7/2/24,2:42,"New York, USA",73.965241,146.533872,Fog,Under Construction,3,5,Weather Conditions
9d7869ef,11/21/24,12:36,"Tokyo, Japan",51.305166,111.210333,Hail,Gravel,1,5,Speeding
af7e31b7,12/19/23,12:56,"New York, USA",-49.56673,91.758776,Rain,Wet,3,3,Drunk Driving
0e415468,1/8/23,0:51,"Beijing, China",-51.696785,-112.470271,Hail,Gravel,2,8,Drunk Driving
e9abd5a1,12/15/23,5:55,"Tokyo, Japan",16.709804,-57.530624,Fog,Wet,3,0,Speeding
4960d7ae,9/11/23,15:01,"Beijing, China",15.075423,-37.875767,Snow,Snowy,1,9,Weather Conditions
b49b6b5a,6/10/24,11:19,"Sydney, Australia",46.673391,-86.651673,Rain,Dry,1,8,Reckless Driving
80810428,9/27/23,0:40,"Sydney, Australia",45.15023,106.443827,Rain,Wet,1,10,Drunk Driving
b9c18ff4,1/1/24,17:11,"Tokyo, Japan",28.852469,-61.716283,Clear,Icy,5,1,Speeding
5c6250f0,11/26/24,21:00,"Toronto, Canada",19.986386,-76.419146,Snow,Under Construction,1,3,Speeding
0a30c2b6,3/19/24,8:28,"Berlin, Germany",-57.372284,-36.050848,Clear,Wet,1,0,Mechanical Failure
0f84c64c,1/18/24,11:37,"Mumbai, India",39.568215,113.745843,Clear,Under Construction,4,10,Reckless Driving
8d623e55,5/22/23,18:08,"Tokyo, Japan",-3.81747,87.623606,Hail,Under Construction,4,5,Distracted Driving
42d153ff,1/19/24,10:42,"Mumbai, India",-72.895021,-131.493253,Fog,Gravel,4,4,Reckless Driving
169eb409,7/8/23,12:41,"Paris, France",-89.597455,39.05216,Clear,Icy,2,6,Mechanical Failure
a07e45b7,9/12/23,22:00,"Mumbai, India",-5.103265,179.341783,Hail,Snowy,2,6,Speeding
bdb79471,2/28/23,14:31,"Beijing, China",-72.56693,127.881551,Storm,Icy,2,6,Reckless Driving
724828dd,2/21/23,12:10,"Tokyo, Japan",21.442848,-129.391243,Hail,Under Construction,3,9,Mechanical Failure
19622886,8/2/24,21:13,"Tokyo, Japan",-32.716262,123.475038,Storm,Wet,2,10,Reckless Driving
dc96185f,1/2/23,16:13,"Sydney, Australia",62.752946,148.766669,Rain,Gravel,3,4,Weather Conditions
b41b304d,7/20/23,21:47,"Sydney, Australia",63.551522,-106.666788,Rain,Snowy,4,7,Mechanical Failure
24789360,3/3/23,20:22,"Sydney, Australia",-50.290172,11.435292,Snow,Snowy,2,2,Speeding
8625ea73,4/5/23,16:54,"Berlin, Germany",24.975995,138.037298,Snow,Wet,4,1,Distracted Driving
ed9f610c,11/19/24,12:54,"Toronto, Canada",65.202649,-27.164596,Snow,Snowy,5,6,Drunk Driving
ebb1686b,1/29/24,2:53,"Sydney, Australia",5.068944,65.480138,Clear,Wet,1,2,Speeding
a35ad5c9,3/17/23,21:17,"Mumbai, India",-86.770011,121.069394,Rain,Wet,5,4,Speeding
507fb03b,10/3/24,14:53,"Paris, France",-55.004977,176.330035,Fog,Icy,5,9,Mechanical Failure
6e050962,6/4/24,11:57,"Berlin, Germany",-3.942177,9.148222,Hail,Wet,4,10,Drunk Driving
1c08f1f8,3/27/23,5:03,"Beijing, China",51.308732,-163.371853,Rain,Snowy,4,8,Distracted Driving
3b98752d,11/20/24,3:02,"Toronto, Canada",-12.503794,-148.493117,Hail,Wet,2,8,Speeding
beb56ca4,6/24/23,8:11,"London, UK",-3.072608,-95.00423,Clear,Dry,2,0,Weather Conditions
611117a8,3/13/24,20:07,"Tokyo, Japan",80.588971,150.174391,Rain,Dry,2,6,Drunk Driving
af84c2aa,1/20/24,18:08,"Mumbai, India",-76.234999,-137.283182,Snow,Icy,3,6,Reckless Driving
35506a26,9/22/23,7:16,"Tokyo, Japan",-51.436394,3.544352,Storm,Wet,3,9,Mechanical Failure
ed4a7252,1/12/23,10:24,"Sydney, Australia",-79.86438,-75.299879,Storm,Gravel,1,6,Reckless Driving
1c57e43b,2/27/23,18:31,"Mumbai, India",-60.486294,29.49209,Snow,Wet,5,8,Reckless Driving
0133c56a,4/4/23,3:18,"Sydney, Australia",-68.261941,-61.495203,Hail,Gravel,4,1,Reckless Driving
1aca5bb3,9/7/24,1:08,"Tokyo, Japan",17.528425,-139.85052,Storm,Gravel,5,7,Reckless Driving
f2673401,1/7/23,7:22,"New York, USA",75.01712,124.945084,Fog,Dry,2,5,Drunk Driving
493fef8e,12/3/23,3:08,"Toronto, Canada",89.166462,-116.243029,Hail,Wet,3,4,Weather Conditions
8bcb3ab4,8/7/24,1:08,"New York, USA",-69.780281,-172.172321,Storm,Gravel,5,1,Weather Conditions
4d474299,5/23/23,5:53,"New York, USA",56.034236,-34.890391,Clear,Icy,1,6,Distracted Driving
58d6d4a1,7/2/23,15:14,"London, UK",-30.475828,23.500497,Hail,Dry,4,0,Reckless Driving
49a9448b,10/23/23,20:09,"Sydney, Australia",-0.076884,-58.192212,Rain,Snowy,3,5,Drunk Driving
54366d8e,5/30/24,17:24,"Beijing, China",-80.339425,-138.38263,Clear,Dry,1,7,Reckless Driving
760907ca,3/18/24,9:29,"Beijing, China",-1.07617,-153.454067,Snow,Under Construction,4,4,Distracted Driving
eed97825,4/18/23,9:29,"London, UK",85.506156,-6.271261,Hail,Dry,4,4,Weather Conditions
5eec20c4,10/23/23,15:20,"Mumbai, India",61.351634,-149.505009,Rain,Snowy,2,6,Speeding
1dd20107,5/10/24,14:32,"Berlin, Germany",70.337581,-159.652824,Hail,Wet,3,8,Distracted Driving
aebb91e6,2/8/24,6:34,"Sydney, Australia",79.659978,69.007332,Clear,Under Construction,5,6,Speeding
5699101f,2/4/24,7:48,"Paris, France",-53.656394,130.606384,Fog,Gravel,3,5,Weather Conditions
6.73E+216,1/1/23,8:32,"Sydney, Australia",-27.257497,11.312231,Hail,Snowy,3,8,Weather Conditions
6ad91d21,2/6/24,16:06,"London, UK",-74.803617,137.095965,Clear,Wet,3,2,Mechanical Failure
fe4040d7,11/19/23,5:46,"Beijing, China",-81.209679,-20.36747,Clear,Gravel,4,5,Mechanical Failure
0e44a0bc,10/1/23,9:19,"Toronto, Canada",-27.900374,149.102731,Snow,Snowy,3,10,Distracted Driving
442129b3,12/14/24,11:13,"Beijing, China",47.237955,160.769751,Storm,Snowy,5,5,Weather Conditions
c5b4ac75,12/22/24,12:48,"London, UK",-10.565159,-63.226193,Rain,Icy,2,4,Distracted Driving
fe76e7ee,5/19/23,8:54,"Beijing, China",-75.692421,-169.291331,Hail,Dry,3,2,Reckless Driving
28a9ba9e,12/28/23,21:06,"Sydney, Australia",-61.174155,-5.299286,Clear,Dry,3,4,Mechanical Failure
94b6ed32,8/29/23,10:35,"Beijing, China",-53.344502,34.838194,Storm,Dry,3,4,Mechanical Failure
0c77a699,6/12/23,0:14,"Beijing, China",87.559688,-148.018864,Fog,Icy,2,5,Mechanical Failure
cafa4298,2/10/24,16:43,"London, UK",-65.636709,-39.721453,Rain,Under Construction,5,9,Distracted Driving
18f9d048,8/8/24,16:30,"Sydney, Australia",10.043489,109.260871,Hail,Gravel,3,1,Weather Conditions
2d300d55,3/1/23,5:57,"Tokyo, Japan",64.251507,-55.37376,Storm,Wet,1,8,Speeding
c934477f,2/20/23,2:55,"London, UK",-35.194939,62.133429,Snow,Gravel,2,6,Distracted Driving
aaf78fb6,4/10/23,15:33,"Sydney, Australia",1.057539,154.268108,Storm,Snowy,4,8,Distracted Driving
21f47fff,9/20/23,15:00,"London, UK",-64.056249,-86.980353,Hail,Wet,5,1,Reckless Driving
b7d1ce62,10/3/24,16:13,"Paris, France",40.080249,-30.510842,Fog,Snowy,2,8,Speeding
20736fce,6/27/23,19:26,"Paris, France",80.192602,174.961333,Storm,Gravel,4,1,Speeding
8713f208,7/13/24,13:02,"London, UK",-83.057212,-16.239055,Storm,Wet,2,10,Weather Conditions
e58ee34c,9/3/23,12:42,"Mumbai, India",-49.294958,24.791286,Storm,Dry,2,5,Drunk Driving
9f8112fd,2/21/24,8:40,"London, UK",-56.654139,-57.901676,Clear,Snowy,2,2,Speeding
603306fc,7/30/23,18:33,"Toronto, Canada",42.763073,-96.65273,Rain,Under Construction,1,0,Drunk Driving
e89c60cd,10/22/23,13:16,"Paris, France",-32.27463,72.597798,Hail,Icy,2,8,Distracted Driving
2f627ee6,12/23/24,19:31,"New York, USA",-53.513564,157.404006,Snow,Snowy,5,6,Mechanical Failure
d0c36c84,8/27/24,23:20,"Toronto, Canada",47.460535,31.506534,Snow,Wet,3,7,Weather Conditions
f2bd0eda,12/13/23,14:23,"London, UK",-17.463736,-175.08415,Clear,Icy,2,10,Reckless Driving
5d75ca64,3/17/24,15:40,"Beijing, China",-15.087891,-89.546444,Snow,Icy,3,7,Speeding
d00a406b,4/5/23,14:09,"Paris, France",9.33079,9.168521,Snow,Wet,1,4,Drunk Driving
ea01ef2d,6/12/24,18:31,"Paris, France",59.378826,-2.029566,Storm,Dry,1,4,Reckless Driving
808ec3da,12/26/23,1:05,"New York, USA",26.971309,-65.058014,Clear,Icy,4,8,Distracted Driving
afd69a0e,6/6/24,13:21,"London, UK",-77.441463,-87.314567,Storm,Wet,2,10,Speeding
97bff08b,1/22/24,0:28,"London, UK",38.78593,172.946975,Rain,Snowy,5,8,Drunk Driving
167aaaf3,1/11/24,4:34,"Sydney, Australia",-84.275936,-16.389172,Snow,Under Construction,4,4,Speeding
6cba80af,6/20/23,14:58,"Mumbai, India",-50.458331,-4.57108,Hail,Under Construction,1,5,Speeding
e28f05ed,7/31/23,22:54,"Berlin, Germany",-51.244963,-58.551204,Clear,Icy,1,5,Distracted Driving
e2f235b6,9/8/24,3:06,"New York, USA",-15.570722,129.089619,Snow,Under Construction,2,3,Mechanical Failure
df3b546e,6/24/23,9:37,"New York, USA",-69.685901,145.180547,Storm,Gravel,4,9,Distracted Driving
f7ea9222,11/13/23,11:50,"London, UK",83.444225,-16.112145,Fog,Gravel,4,9,Weather Conditions
cc7813d4,9/8/23,10:38,"Sydney, Australia",-15.536453,177.176641,Fog,Icy,4,3,Drunk Driving
7f0ee0d3,5/13/23,0:17,"Berlin, Germany",43.825706,-70.26309,Clear,Under Construction,1,9,Weather Conditions
5f3c90a7,9/8/24,12:42,"Tokyo, Japan",83.973161,93.811256,Clear,Dry,2,9,Reckless Driving
40d99ffa,3/26/23,0:02,"Beijing, China",66.529037,-34.003958,Storm,Under Construction,2,10,Distracted Driving
d12c647b,6/28/24,16:14,"Paris, France",34.328802,-87.409471,Hail,Dry,3,2,Reckless Driving
9774336c,12/1/24,11:27,"Toronto, Canada",7.467112,-11.793555,Rain,Snowy,4,3,Speeding
af0b9253,8/15/23,7:08,"Sydney, Australia",51.994145,-113.081383,Snow,Icy,1,10,Drunk Driving
cdd4901d,9/11/24,12:15,"Sydney, Australia",77.09394,21.471198,Fog,Wet,5,5,Distracted Driving
453d0dc3,5/23/24,19:31,"New York, USA",73.500071,-150.946181,Snow,Dry,2,8,Speeding
c0d297c5,12/30/23,3:54,"Toronto, Canada",-19.198675,-71.108994,Clear,Snowy,5,6,Distracted Driving
467a8fb6,9/20/23,5:41,"London, UK",-4.878731,-24.887264,Rain,Under Construction,1,10,Speeding
0be2ced6,10/6/24,20:59,"Berlin, Germany",-53.182086,52.515601,Snow,Icy,1,1,Mechanical Failure
b5bb4bab,6/8/23,17:56,"Paris, France",13.557378,32.316997,Storm,Icy,4,7,Drunk Driving
66796275,1/18/24,23:57,"New York, USA",-79.137617,79.136317,Snow,Dry,3,2,Mechanical Failure
6beece5b,7/2/23,8:51,"Paris, France",24.27294,-136.594749,Hail,Icy,1,1,Weather Conditions
efe40630,6/15/24,15:35,"Berlin, Germany",76.377776,59.297028,Rain,Under Construction,2,9,Mechanical Failure
c527c700,5/1/24,5:55,"London, UK",-86.14192,-158.852032,Hail,Under Construction,2,5,Mechanical Failure
47284477,1/22/24,18:38,"London, UK",70.664954,-103.566509,Clear,Gravel,2,5,Distracted Driving
5cbb3ebc,9/25/24,0:21,"Tokyo, Japan",-28.789651,-23.695219,Snow,Icy,2,3,Speeding
a3f93313,2/8/23,20:02,"Paris, France",70.995112,104.254193,Rain,Dry,4,8,Weather Conditions
3d001e91,10/11/24,0:04,"Beijing, China",22.005811,-160.19171,Storm,Icy,4,4,Weather Conditions
f39ce0ab,10/23/23,13:45,"Mumbai, India",85.570252,68.288892,Storm,Wet,4,5,Weather Conditions
1e6c5a56,7/16/24,22:41,"London, UK",88.980684,-175.919509,Clear,Snowy,1,3,Speeding
652ffa57,1/2/23,16:36,"Toronto, Canada",-88.634643,-100.888102,Hail,Wet,4,3,Mechanical Failure
0a57e497,9/8/23,1:51,"Berlin, Germany",-32.879228,34.854961,Fog,Snowy,3,9,Reckless Driving
7afc8730,8/29/24,3:09,"Toronto, Canada",-56.234482,-49.199802,Snow,Wet,5,6,Speeding
8ebd228b,1/7/24,18:35,"Beijing, China",-23.980942,-171.812077,Storm,Wet,5,9,Speeding
e3fc8cbe,4/18/23,11:46,"Beijing, China",29.307566,137.07681,Hail,Wet,1,7,Mechanical Failure
5121207d,3/27/23,17:54,"Tokyo, Japan",74.196406,72.236281,Hail,Snowy,4,4,Reckless Driving
ebac0975,11/3/24,15:00,"Tokyo, Japan",23.165593,-0.395819,Rain,Snowy,3,3,Weather Conditions
e694fdd3,5/30/23,7:11,"Beijing, China",-53.820553,10.504902,Rain,Snowy,3,7,Weather Conditions
576ec8ef,6/11/24,0:49,"Mumbai, India",74.124502,-3.019878,Snow,Dry,4,10,Reckless Driving
f069d9eb,6/23/23,18:46,"Toronto, Canada",-72.594227,-9.041616,Fog,Icy,3,5,Reckless Driving
3e81774e,2/16/24,10:56,"Toronto, Canada",-42.093161,15.230033,Hail,Icy,4,3,Weather Conditions
0fc81b4d,1/27/24,19:57,"Sydney, Australia",31.337341,-31.181706,Fog,Dry,4,0,Mechanical Failure
739fe3be,12/9/24,20:30,"Beijing, China",71.011967,-57.959033,Snow,Icy,5,6,Speeding
a1698c2a,2/18/24,4:31,"New York, USA",-22.213179,-132.739275,Clear,Gravel,3,8,Weather Conditions
881c8d87,8/26/24,12:26,"Toronto, Canada",42.61434,-38.537672,Clear,Icy,5,0,Weather Conditions
fc921a6a,3/22/23,3:49,"New York, USA",-69.862155,-8.508188,Rain,Gravel,4,10,Reckless Driving
710094c0,3/3/23,6:36,"New York, USA",80.584569,-11.572123,Fog,Under Construction,4,4,Distracted Driving
a72da2b8,4/16/23,7:14,"Tokyo, Japan",-4.506301,-64.139572,Hail,Gravel,2,5,Reckless Driving
e8b64e40,11/26/23,15:01,"New York, USA",32.374233,144.533584,Hail,Gravel,2,7,Mechanical Failure
e02dead1,3/10/24,23:05,"Tokyo, Japan",-59.55647,-107.508396,Storm,Wet,2,5,Speeding
df3c2655,7/2/23,6:19,"Toronto, Canada",38.470647,-49.57428,Fog,Under Construction,2,9,Weather Conditions
bd5631a9,12/17/23,6:12,"Mumbai, India",5.86721,92.632528,Storm,Dry,1,2,Weather Conditions
6955a2d8,7/21/23,14:34,"London, UK",-77.798489,39.815256,Hail,Wet,5,3,Reckless Driving
9733d007,3/11/24,4:16,"Beijing, China",-12.800738,85.99488,Snow,Wet,3,3,Reckless Driving
a42a846f,2/17/24,0:00,"Mumbai, India",46.54718,85.345349,Rain,Wet,4,7,Mechanical Failure
df0903e1,5/3/24,19:15,"Mumbai, India",48.023296,35.992439,Clear,Under Construction,5,9,Weather Conditions
54267d4c,6/10/24,1:09,"Paris, France",-63.025658,66.741391,Snow,Under Construction,1,1,Weather Conditions
7186d3bd,3/26/24,0:06,"Beijing, China",46.468804,78.476882,Clear,Snowy,2,2,Mechanical Failure
c7af2adf,2/22/23,6:59,"Tokyo, Japan",63.287974,-50.865234,Rain,Snowy,5,8,Speeding
80770a1f,1/1/24,13:29,"Tokyo, Japan",14.798347,122.09371,Storm,Icy,2,9,Speeding
df8851ab,1/18/24,5:36,"New York, USA",-19.175712,148.344029,Snow,Snowy,2,3,Drunk Driving
f16a50ad,9/1/24,6:10,"Toronto, Canada",-62.767594,155.996468,Rain,Under Construction,4,2,Distracted Driving
2d6757f9,3/24/24,2:13,"Mumbai, India",-5.157466,109.870618,Snow,Icy,2,0,Drunk Driving
5e16f877,4/13/23,22:02,"Paris, France",-28.456628,-113.098146,Rain,Icy,2,8,Reckless Driving
c6b0eaba,11/22/23,22:18,"Berlin, Germany",79.142066,9.516817,Rain,Snowy,3,1,Weather Conditions
234f2bea,1/14/24,4:22,"Toronto, Canada",8.088109,-135.885937,Rain,Dry,1,10,Mechanical Failure
0e158f62,2/19/23,2:18,"Berlin, Germany",69.804252,50.797938,Rain,Dry,1,7,Weather Conditions
3827567a,3/16/24,20:01,"Tokyo, Japan",25.409878,68.449332,Snow,Under Construction,4,9,Weather Conditions
8a02d78a,9/7/23,15:17,"Berlin, Germany",-56.155658,157.957788,Rain,Icy,2,5,Speeding
24984a96,5/18/24,22:35,"Mumbai, India",-4.947792,1.287916,Rain,Wet,5,5,Drunk Driving
78ca09fe,9/16/24,7:13,"Beijing, China",7.557182,-84.924293,Snow,Gravel,4,2,Distracted Driving
86640d20,8/11/24,5:05,"Toronto, Canada",25.112223,92.777136,Clear,Gravel,1,7,Distracted Driving
a2aec924,6/26/24,0:24,"Paris, France",19.581482,173.376567,Clear,Gravel,5,8,Reckless Driving
20206066,8/5/23,13:25,"New York, USA",-37.524204,164.282494,Hail,Dry,3,8,Speeding
f446fcbc,4/1/23,19:33,"Beijing, China",-16.133801,170.759144,Rain,Dry,2,7,Drunk Driving
934fb7db,12/15/24,12:14,"Mumbai, India",85.299179,-117.442643,Storm,Under Construction,2,6,Weather Conditions
7c47688e,12/15/24,8:43,"Beijing, China",25.578776,-166.292938,Storm,Wet,4,9,Drunk Driving
9b1ed31e,3/20/24,19:23,"Paris, France",-72.586369,20.908059,Storm,Dry,5,10,Distracted Driving
f297bf6a,8/23/24,5:09,"Toronto, Canada",-19.783552,107.166779,Clear,Icy,3,5,Weather Conditions
058f1c3f,1/5/24,7:07,"New York, USA",-35.06736,77.326416,Rain,Under Construction,4,7,Mechanical Failure
9fc0e2d9,4/14/23,10:42,"Berlin, Germany",12.273055,-41.704682,Storm,Snowy,4,4,Mechanical Failure
41a34c04,9/17/24,2:10,"Toronto, Canada",-26.248414,-97.168434,Snow,Dry,5,2,Weather Conditions
0b686502,10/31/24,12:22,"Sydney, Australia",74.771665,163.073738,Rain,Icy,3,1,Speeding
5832ab81,8/1/24,11:58,"Berlin, Germany",-2.676447,-86.311621,Snow,Icy,1,5,Weather Conditions
bea5739b,12/6/23,10:01,"Paris, France",-11.332859,74.374506,Fog,Wet,2,3,Speeding
5113ebba,8/25/24,12:10,"Tokyo, Japan",-76.679205,174.157323,Rain,Wet,5,4,Mechanical Failure
faa58245,8/31/23,11:22,"Sydney, Australia",4.284425,-88.15175,Snow,Snowy,5,6,Drunk Driving
8f22d440,5/24/23,4:38,"London, UK",-48.324826,-85.256336,Storm,Gravel,3,6,Distracted Driving
f0179ed0,8/13/23,9:41,"New York, USA",-31.905276,-133.658737,Hail,Gravel,3,6,Distracted Driving
1cbb9a9d,2/12/23,7:42,"Mumbai, India",40.443568,-57.124705,Hail,Under Construction,3,10,Drunk Driving
3f0659f9,6/8/24,8:36,"Berlin, Germany",-71.135438,26.454374,Hail,Wet,5,6,Mechanical Failure
8e26ab2d,3/2/23,23:51,"New York, USA",-76.760005,-12.385533,Snow,Under Construction,4,9,Distracted Driving
47824b35,9/2/24,4:22,"Berlin, Germany",18.157803,-18.810275,Hail,Dry,5,10,Speeding
ae60533a,2/17/24,6:37,"New York, USA",50.336861,-13.165648,Rain,Dry,5,8,Drunk Driving
24cc6a4b,7/31/24,23:29,"Beijing, China",-52.622233,-4.137202,Clear,Icy,2,10,Weather Conditions
8fa8b590,7/28/24,1:31,"Berlin, Germany",-79.029256,-111.906307,Hail,Dry,5,8,Speeding
ab165967,9/29/23,23:52,"Beijing, China",-39.597089,100.103052,Clear,Icy,1,5,Distracted Driving
bf6637fd,1/2/24,6:38,"London, UK",-16.185168,-31.322661,Storm,Snowy,2,6,Weather Conditions
df1a9bc4,8/20/23,12:31,"Paris, France",-42.439353,-165.689867,Hail,Under Construction,3,6,Reckless Driving
6aa6645d,9/5/23,12:36,"New York, USA",68.388857,-65.678381,Fog,Dry,2,3,Distracted Driving
5972464b,3/20/23,12:53,"Sydney, Australia",43.214221,161.832843,Hail,Gravel,2,7,Mechanical Failure
a2c6365a,6/22/23,16:20,"Sydney, Australia",-64.638765,-63.183411,Hail,Gravel,3,4,Reckless Driving
24f45d21,10/22/23,23:56,"Paris, France",9.354604,54.044612,Hail,Wet,3,1,Distracted Driving
5c5f5465,2/7/24,16:49,"Mumbai, India",-63.993371,49.889517,Snow,Icy,2,8,Distracted Driving
b31e3371,8/24/24,15:42,"Berlin, Germany",-39.182858,-165.488076,Rain,Under Construction,4,9,Distracted Driving
3bb05ff2,8/22/24,17:11,"New York, USA",56.048711,13.028897,Rain,Wet,3,10,Distracted Driving
29c761f6,6/29/23,9:47,"Sydney, Australia",8.670495,46.635821,Fog,Under Construction,4,6,Reckless Driving
243313a7,9/17/24,22:19,"Tokyo, Japan",-73.590442,154.631392,Snow,Icy,1,2,Drunk Driving
487325af,7/30/23,7:16,"Beijing, China",88.884059,-50.191613,Rain,Snowy,3,10,Drunk Driving
a049a941,4/27/24,0:18,"Sydney, Australia",81.942205,136.706092,Hail,Snowy,4,5,Reckless Driving
c083b71b,5/9/23,10:34,"Toronto, Canada",76.762363,-125.144944,Snow,Gravel,4,10,Weather Conditions
d272f5d9,8/18/23,20:58,"Sydney, Australia",65.55599,74.674635,Storm,Dry,2,10,Weather Conditions
586b4843,10/16/24,15:34,"Toronto, Canada",7.205276,-85.480264,Clear,Snowy,3,1,Mechanical Failure
08d1bb50,6/6/23,5:12,"Sydney, Australia",-80.638241,126.981873,Snow,Gravel,1,5,Drunk Driving
065fd466,2/3/23,7:01,"Berlin, Germany",35.258682,1.674747,Clear,Icy,4,3,Reckless Driving
a95a4fdf,11/16/23,16:55,"Mumbai, India",18.153226,164.401968,Storm,Gravel,5,4,Weather Conditions
65b801f1,4/27/23,21:30,"Paris, France",-23.058128,119.798262,Fog,Wet,3,5,Weather Conditions
866e9ead,4/20/24,2:02,"London, UK",1.203271,-1.500695,Snow,Dry,4,0,Reckless Driving
e67f2b19,3/28/23,11:36,"Sydney, Australia",-32.664811,46.487512,Clear,Wet,4,5,Weather Conditions
32148940,12/12/24,2:33,"Toronto, Canada",50.387985,155.946767,Rain,Snowy,5,10,Mechanical Failure
ef61fa83,3/1/23,12:42,"Sydney, Australia",22.533495,84.200305,Rain,Wet,3,4,Weather Conditions
fb0b3d48,12/29/23,12:06,"London, UK",-75.577878,121.073885,Hail,Icy,3,9,Weather Conditions
3e2fbe92,5/27/23,3:54,"Mumbai, India",75.362607,174.038007,Rain,Wet,1,4,Speeding
266cd60c,2/6/23,8:53,"New York, USA",8.129764,-95.822334,Storm,Snowy,3,6,Weather Conditions
551b279d,4/24/23,5:00,"New York, USA",35.892293,-62.764441,Clear,Gravel,4,1,Reckless Driving
5d7f1920,4/9/24,11:38,"Toronto, Canada",-84.489044,-65.759536,Clear,Icy,2,5,Mechanical Failure
def2c917,2/2/23,4:39,"Paris, France",83.702583,13.584059,Fog,Dry,4,8,Speeding
d5dc510a,11/6/24,14:20,"Mumbai, India",72.882424,-48.436233,Hail,Snowy,4,1,Weather Conditions
0df3673e,7/21/23,2:54,"Toronto, Canada",63.796032,6.636802,Snow,Snowy,4,3,Weather Conditions
12602ad7,9/2/24,0:54,"Sydney, Australia",66.382352,-121.493856,Fog,Snowy,4,2,Distracted Driving
3094c0f7,6/13/23,7:16,"Beijing, China",-36.23119,-31.984298,Snow,Under Construction,3,6,Weather Conditions
2d0a90a8,12/5/23,0:58,"Sydney, Australia",-62.079471,-132.499436,Hail,Gravel,1,5,Mechanical Failure
25599dc1,2/9/24,7:46,"Berlin, Germany",49.810534,-65.685802,Hail,Under Construction,3,7,Reckless Driving
e587b56b,1/19/24,14:12,"Berlin, Germany",-23.24979,90.842966,Rain,Dry,5,2,Drunk Driving
e0ea2d25,5/31/24,0:35,"Sydney, Australia",-21.212841,95.878068,Fog,Dry,1,9,Distracted Driving
30a827d4,11/30/23,12:09,"Sydney, Australia",-36.007061,-130.316072,Snow,Gravel,2,7,Speeding
315eed55,7/3/24,12:41,"Berlin, Germany",-37.951473,-56.840292,Fog,Icy,3,6,Speeding
5d080a78,8/20/23,2:07,"Toronto, Canada",-35.987834,118.821895,Storm,Icy,3,8,Mechanical Failure
7a542cc6,10/5/24,5:14,"Beijing, China",83.036433,-172.204986,Clear,Icy,1,5,Mechanical Failure
3f678073,7/23/24,5:54,"Berlin, Germany",-76.005149,-71.640913,Clear,Under Construction,4,4,Speeding
caf95028,8/30/24,11:33,"New York, USA",43.562642,-78.299548,Snow,Wet,3,9,Speeding
9d7bb165,5/4/24,10:57,"Mumbai, India",-54.902788,112.545242,Clear,Gravel,5,2,Reckless Driving
dbf78b86,11/13/24,20:37,"Mumbai, India",-34.105334,63.267827,Storm,Gravel,2,9,Weather Conditions
43debdf4,8/25/23,22:38,"Sydney, Australia",75.410004,154.647607,Hail,Dry,4,6,Reckless Driving
c23fb42b,1/4/23,7:54,"Paris, France",-36.558345,-157.869507,Snow,Under Construction,1,4,Speeding
cbdb035d,5/11/23,12:11,"Berlin, Germany",-28.360618,83.252068,Storm,Snowy,5,0,Reckless Driving
0a3678e6,6/8/23,22:56,"Tokyo, Japan",30.331003,175.521423,Hail,Under Construction,1,6,Mechanical Failure
5496920c,1/7/24,8:57,"Beijing, China",-27.962486,19.199829,Hail,Icy,1,10,Distracted Driving
c0883a33,3/18/23,20:47,"Tokyo, Japan",3.918428,-32.045852,Storm,Under Construction,5,1,Distracted Driving
eaefd4b8,1/26/23,23:03,"London, UK",-79.169876,-161.004285,Hail,Gravel,2,6,Distracted Driving
fc561e0f,4/16/24,7:52,"Mumbai, India",-26.383559,25.247188,Fog,Wet,3,3,Drunk Driving
c388e124,10/29/24,18:51,"Beijing, China",-2.658042,34.020773,Rain,Under Construction,4,7,Mechanical Failure
4cb7d0d7,12/20/24,11:44,"Mumbai, India",44.959385,96.690592,Clear,Icy,2,3,Reckless Driving
0e944ed2,12/31/24,21:47,"Beijing, China",-39.979804,28.806694,Hail,Wet,2,1,Speeding
af25d1c2,12/16/24,18:24,"New York, USA",84.725459,123.923934,Storm,Dry,4,5,Distracted Driving
bd152034,9/23/24,8:23,"Paris, France",-52.837834,-47.618613,Hail,Wet,2,5,Mechanical Failure
d9bc5b43,7/26/23,8:29,"Berlin, Germany",-15.091444,-86.144564,Rain,Snowy,4,0,Speeding
c8bdd0cb,12/11/24,17:22,"Beijing, China",44.642083,104.030258,Storm,Dry,1,7,Drunk Driving
ee077096,6/16/23,3:19,"Paris, France",55.536244,69.605681,Fog,Under Construction,3,1,Weather Conditions
894eadeb,10/7/24,18:45,"Berlin, Germany",-10.310321,-8.803614,Clear,Under Construction,3,4,Distracted Driving
7147a3ea,3/3/23,2:24,"Mumbai, India",-19.045661,94.10532,Fog,Gravel,3,0,Speeding
4eddc199,4/2/23,4:20,"Beijing, China",-74.822436,109.630825,Hail,Gravel,1,6,Speeding
ff61b911,10/9/24,17:16,"New York, USA",35.407159,-48.446562,Snow,Snowy,4,8,Distracted Driving
acb46568,8/15/23,1:05,"London, UK",24.88919,59.433621,Storm,Icy,4,4,Distracted Driving
53c2b3e2,12/15/24,21:17,"Mumbai, India",53.441235,-8.515334,Snow,Snowy,1,8,Drunk Driving
cd547cec,7/22/24,2:17,"London, UK",-74.701597,61.838882,Storm,Wet,2,4,Mechanical Failure
8425527,1/27/23,17:54,"Tokyo, Japan",30.951956,108.535988,Rain,Under Construction,1,9,Distracted Driving
239dbfc6,2/11/23,17:25,"London, UK",-45.189731,59.610923,Storm,Dry,5,5,Mechanical Failure
b1127618,6/3/24,15:23,"Mumbai, India",82.819034,1.046264,Hail,Gravel,2,9,Weather Conditions
41583c56,5/27/23,18:39,"New York, USA",-33.724191,21.982664,Hail,Snowy,3,1,Drunk Driving
92f47e18,11/17/24,18:51,"London, UK",12.649259,46.606983,Rain,Wet,4,4,Reckless Driving
c09e7ed2,2/27/24,10:15,"Toronto, Canada",-47.470975,-47.709489,Snow,Icy,5,9,Reckless Driving
ffcd6b80,8/9/24,17:36,"Sydney, Australia",-37.419721,2.114587,Clear,Icy,2,9,Speeding
2898ef0e,2/11/24,4:10,"Beijing, China",-22.190707,-30.052714,Storm,Gravel,4,5,Speeding
a1d5c51d,8/12/24,8:04,"Berlin, Germany",-35.981383,81.307515,Fog,Under Construction,4,5,Speeding
7d1b623d,3/18/24,21:18,"New York, USA",-34.831121,-144.243728,Hail,Gravel,5,1,Distracted Driving
b21c50fd,2/22/24,13:36,"Berlin, Germany",-6.491669,-129.831304,Hail,Gravel,1,8,Distracted Driving
44388490,8/30/23,18:39,"London, UK",20.457526,-12.950289,Hail,Dry,3,6,Mechanical Failure
6a769132,8/20/24,22:52,"Tokyo, Japan",-16.71757,167.886863,Storm,Under Construction,5,1,Reckless Driving
53b0389b,11/16/23,12:47,"Beijing, China",29.54775,-138.137364,Storm,Gravel,4,10,Distracted Driving
db57b61a,2/24/23,23:42,"Sydney, Australia",-31.816951,154.036196,Rain,Dry,5,5,Speeding
9f62c54e,4/5/24,18:07,"London, UK",-69.159013,143.999957,Hail,Under Construction,3,5,Distracted Driving
e183d8eb,8/9/24,4:06,"Mumbai, India",3.043045,163.976857,Storm,Dry,5,10,Mechanical Failure
db51db20,8/25/24,22:40,"Tokyo, Japan",14.138809,140.087961,Clear,Under Construction,1,5,Distracted Driving
3e34f490,8/23/24,16:12,"Beijing, China",-6.276991,54.929263,Rain,Gravel,3,10,Weather Conditions
5da2b8da,8/26/24,23:32,"London, UK",-17.929901,140.432765,Rain,Wet,1,1,Mechanical Failure
64d74036,4/29/24,18:39,"Paris, France",-89.788838,-29.345251,Fog,Gravel,5,8,Speeding
24dd6c73,12/5/24,18:36,"Berlin, Germany",-45.362227,-81.507106,Rain,Wet,4,1,Reckless Driving
a5a17a15,3/3/24,8:06,"London, UK",80.659816,-73.15999,Clear,Icy,5,0,Mechanical Failure
d7c6e8b2,10/4/23,17:00,"New York, USA",47.544627,21.201833,Rain,Icy,1,4,Distracted Driving
78cd6b08,7/9/24,4:56,"Beijing, China",76.929203,-143.694807,Hail,Gravel,2,8,Drunk Driving
4b3fdad6,7/11/24,0:22,"Paris, France",22.100231,19.054803,Snow,Snowy,5,0,Speeding
8d0e962e,2/12/23,0:15,"New York, USA",84.975244,96.765009,Hail,Dry,3,9,Speeding
78178084,7/29/23,17:54,"Berlin, Germany",85.441574,-3.462201,Hail,Gravel,5,0,Mechanical Failure
d4617476,4/10/24,5:45,"Beijing, China",72.867104,-47.979308,Storm,Dry,2,1,Speeding
90882544,3/23/24,22:35,"Berlin, Germany",47.64116,102.819204,Fog,Dry,2,5,Reckless Driving
5f248ada,12/8/23,17:04,"New York, USA",-28.659271,-113.454305,Storm,Dry,4,2,Speeding
4ad3a8fb,1/5/23,7:29,"Toronto, Canada",-49.053444,165.652656,Fog,Snowy,4,0,Mechanical Failure
5b622bac,8/5/23,4:13,"Tokyo, Japan",-42.626394,-78.957964,Storm,Gravel,3,0,Drunk Driving
a61d6bcd,1/8/24,18:08,"Tokyo, Japan",8.691707,173.884068,Storm,Snowy,2,8,Distracted Driving
3e6f92ce,9/19/23,17:13,"Beijing, China",42.047208,111.392912,Storm,Wet,1,7,Speeding
4e7c2fd2,1/24/24,1:14,"Toronto, Canada",10.575066,34.718299,Fog,Under Construction,4,2,Distracted Driving
88e97d08,9/22/23,3:47,"Tokyo, Japan",-68.593355,38.393844,Snow,Dry,4,10,Speeding
e4f0b370,6/10/23,22:39,"Berlin, Germany",-7.702259,-132.784987,Fog,Under Construction,2,9,Drunk Driving
207072ca,2/6/23,17:50,"Beijing, China",-67.574476,105.481239,Fog,Snowy,1,5,Reckless Driving
1f2e3826,7/30/23,20:21,"Sydney, Australia",1.792109,-21.92432,Fog,Dry,4,4,Drunk Driving
b3531c17,1/26/24,21:43,"Mumbai, India",-77.322085,-41.722154,Hail,Dry,2,8,Speeding
d0211754,4/7/23,1:28,"Sydney, Australia",-23.272925,-55.280469,Snow,Snowy,2,2,Distracted Driving
46f6aae0,5/15/24,7:09,"Paris, France",-28.706088,-178.152287,Fog,Snowy,5,8,Speeding
ae87214d,12/23/24,21:10,"Berlin, Germany",10.746424,61.217739,Storm,Dry,5,7,Reckless Driving
472b6c73,1/7/23,18:04,"Toronto, Canada",-84.605063,-89.073819,Snow,Gravel,4,3,Distracted Driving
550d8ddf,2/1/23,4:12,"Beijing, China",12.775745,-122.172706,Clear,Wet,3,0,Speeding
ab6eb14a,3/13/23,14:11,"Berlin, Germany",4.300894,-131.937489,Snow,Snowy,1,1,Mechanical Failure
a1c52199,7/2/24,21:34,"Mumbai, India",-4.590958,-59.819637,Clear,Snowy,1,8,Reckless Driving
35313855,10/19/23,7:12,"Mumbai, India",-78.980745,-144.676201,Storm,Snowy,4,6,Reckless Driving
6d48e64c,11/22/23,6:43,"Beijing, China",14.353834,-17.764702,Snow,Icy,1,2,Mechanical Failure
fa3c1529,8/2/24,6:43,"Toronto, Canada",17.288475,-27.474057,Snow,Dry,3,9,Drunk Driving
4cf2ddef,7/21/24,18:50,"Sydney, Australia",-6.238076,-77.310397,Fog,Snowy,3,9,Weather Conditions
7a750198,2/26/23,13:33,"Beijing, China",-79.322139,150.383426,Clear,Icy,5,2,Distracted Driving
67037754,9/30/24,21:10,"Mumbai, India",45.928368,-169.337622,Storm,Dry,4,3,Distracted Driving
21b621ca,3/4/23,1:26,"Mumbai, India",-83.77149,83.88788,Snow,Icy,1,9,Distracted Driving
aa3911fb,12/14/23,16:36,"New York, USA",18.378931,152.16305,Hail,Wet,3,5,Weather Conditions
b76842f7,2/20/24,0:20,"Beijing, China",-27.205276,124.175537,Storm,Dry,2,1,Drunk Driving
00885d1a,4/6/24,20:12,"Beijing, China",58.043875,-12.577563,Hail,Under Construction,3,5,Speeding
432305ac,5/1/23,3:35,"Tokyo, Japan",-9.252904,24.314999,Storm,Under Construction,5,5,Mechanical Failure
834a6dc2,8/13/23,4:32,"Mumbai, India",56.181325,-8.709784,Fog,Icy,3,8,Mechanical Failure
94a6449d,1/4/23,17:38,"Berlin, Germany",19.174913,19.69871,Snow,Gravel,3,0,Mechanical Failure
7d1b4968,1/1/24,7:54,"New York, USA",79.563769,-55.405066,Snow,Icy,2,10,Reckless Driving
83dcedb3,12/5/24,6:18,"New York, USA",-6.491474,-57.867985,Snow,Snowy,1,10,Distracted Driving
209b1ee5,11/26/24,17:27,"Mumbai, India",62.74449,-131.308327,Snow,Wet,1,0,Drunk Driving
26e78182,5/25/23,12:57,"Tokyo, Japan",-61.207011,-32.492695,Storm,Dry,3,10,Distracted Driving
028856ff,9/23/24,5:48,"Tokyo, Japan",-11.715964,-116.677315,Snow,Under Construction,2,9,Speeding
c18c1570,8/24/23,17:51,"Berlin, Germany",-17.390829,-114.047365,Storm,Under Construction,3,2,Distracted Driving
68eb8a24,5/26/23,17:01,"Tokyo, Japan",62.486192,-38.357046,Snow,Under Construction,5,0,Weather Conditions
d90ae9a7,5/26/23,13:10,"Toronto, Canada",-23.606742,-47.752268,Rain,Dry,3,7,Reckless Driving
c3aa28a2,1/23/24,1:03,"Paris, France",-72.271479,-91.715495,Clear,Gravel,4,1,Weather Conditions
2569ea8b,9/7/24,4:26,"London, UK",86.784531,30.359597,Fog,Under Construction,4,0,Mechanical Failure
1c8b792a,1/24/23,7:35,"Sydney, Australia",-5.923641,-119.792819,Clear,Snowy,3,2,Weather Conditions
1e9c51dd,11/9/24,16:53,"Tokyo, Japan",30.131495,-139.735103,Clear,Gravel,1,5,Reckless Driving
c240249e,11/21/24,22:23,"Sydney, Australia",9.111412,-37.695865,Snow,Under Construction,4,6,Speeding
ac73f2c7,10/18/23,14:00,"Mumbai, India",-43.319206,-112.677981,Hail,Icy,1,0,Weather Conditions
803a1198,11/10/24,3:39,"Paris, France",-78.456436,144.821415,Clear,Icy,3,4,Weather Conditions
9e514e90,11/8/24,15:39,"Paris, France",-8.90221,91.912243,Fog,Snowy,4,4,Distracted Driving
3d9b7152,2/24/23,22:08,"Paris, France",-47.245244,-99.646101,Clear,Gravel,3,4,Speeding
6.95E+50,5/18/23,15:30,"Sydney, Australia",-75.071394,-102.638165,Storm,Snowy,5,10,Weather Conditions
5ebd1edc,12/29/23,19:16,"Beijing, China",-68.710968,-141.915187,Clear,Snowy,1,2,Weather Conditions
b0a94cda,3/6/23,6:59,"Berlin, Germany",78.009307,-167.090861,Clear,Snowy,3,4,Drunk Driving
b455e530,4/21/23,22:37,"Sydney, Australia",-16.238404,114.157518,Snow,Snowy,3,1,Speeding
9ef1e95c,5/9/24,20:39,"Berlin, Germany",-33.69185,-0.754425,Clear,Snowy,4,4,Reckless Driving
48d527fd,4/26/24,19:25,"Berlin, Germany",7.006775,103.625765,Rain,Under Construction,4,2,Mechanical Failure
6e4d4893,10/8/23,22:45,"Mumbai, India",12.357073,-20.310486,Fog,Dry,1,1,Mechanical Failure
26a4c6b4,9/2/23,11:01,"New York, USA",59.813961,-155.797835,Hail,Under Construction,2,4,Reckless Driving
2f6de7a5,12/9/24,4:14,"Beijing, China",-60.590285,145.704828,Hail,Under Construction,4,10,Weather Conditions
af9aabad,10/26/24,19:14,"Mumbai, India",-71.901808,-50.393627,Rain,Under Construction,3,5,Distracted Driving
29f21342,8/20/24,10:02,"New York, USA",-20.603731,-176.392476,Storm,Dry,2,4,Reckless Driving
d3469ba5,1/7/23,4:20,"Paris, France",25.45906,72.013503,Rain,Dry,2,10,Mechanical Failure
5f76bc3d,4/9/24,7:29,"Mumbai, India",-48.990424,3.574453,Clear,Wet,5,7,Mechanical Failure
c2ad2361,10/4/24,10:42,"Tokyo, Japan",-65.036235,149.700598,Rain,Gravel,1,1,Mechanical Failure
ba2f29f8,1/4/23,17:30,"Toronto, Canada",78.332996,-40.089044,Rain,Dry,5,9,Weather Conditions
bfff1c01,11/7/24,12:20,"Sydney, Australia",54.977989,75.317451,Clear,Icy,3,9,Drunk Driving
d02cda93,8/17/23,14:32,"Beijing, China",-76.093675,-69.802012,Clear,Wet,4,6,Reckless Driving
3fae12ae,10/21/24,5:20,"Mumbai, India",27.362567,-77.712879,Snow,Icy,5,8,Mechanical Failure
38353cd7,8/13/23,8:10,"Berlin, Germany",68.147983,-99.562557,Snow,Wet,5,7,Mechanical Failure
b4a0874a,5/27/24,15:09,"Paris, France",37.539174,150.103425,Clear,Under Construction,2,9,Weather Conditions
4e1de8e2,3/30/23,2:06,"London, UK",-8.657034,68.527482,Clear,Wet,4,7,Reckless Driving
a4409949,10/2/23,0:45,"Sydney, Australia",35.635066,165.853479,Storm,Under Construction,4,5,Reckless Driving
077e63a6,2/9/24,10:04,"New York, USA",7.290895,136.197053,Hail,Wet,1,1,Drunk Driving
778c467d,5/21/23,17:14,"Sydney, Australia",59.327743,-47.002156,Storm,Icy,4,10,Reckless Driving
a9e9831d,3/2/24,10:42,"Paris, France",79.839721,36.031816,Fog,Icy,5,0,Weather Conditions
2880bf1d,3/5/24,12:30,"Paris, France",-25.96179,-139.993835,Fog,Gravel,3,9,Drunk Driving
f5f07f2e,11/25/23,3:50,"Sydney, Australia",17.907281,-15.21257,Storm,Wet,1,8,Reckless Driving
79e8f307,7/18/23,12:24,"Mumbai, India",78.559541,161.663019,Rain,Snowy,1,3,Speeding
86e0820b,3/17/24,19:10,"Mumbai, India",-16.976878,-47.138465,Storm,Snowy,1,0,Speeding
02f046f1,6/9/24,15:59,"London, UK",-52.343087,90.2151,Clear,Under Construction,3,1,Speeding
e3215369,7/9/24,11:34,"Sydney, Australia",60.277044,-96.299247,Clear,Dry,1,9,Reckless Driving
ce47593c,12/20/23,17:16,"London, UK",-28.541958,144.377748,Clear,Dry,5,5,Speeding
e8f07ad5,7/1/23,1:04,"New York, USA",37.508602,18.10839,Snow,Gravel,4,8,Speeding
646136ac,5/6/23,11:50,"Tokyo, Japan",23.988766,-2.942114,Storm,Wet,1,7,Reckless Driving
07cb5075,8/8/23,3:29,"Berlin, Germany",-79.007995,39.13671,Storm,Dry,3,4,Drunk Driving
8ecc0dc5,2/12/24,14:15,"Toronto, Canada",6.358505,97.179084,Rain,Gravel,1,1,Drunk Driving
bc4b3dfd,9/11/24,8:45,"Beijing, China",64.185502,-40.770558,Hail,Under Construction,1,1,Drunk Driving
3f7e7e04,9/10/24,8:11,"Tokyo, Japan",62.848213,-71.286591,Fog,Wet,4,10,Drunk Driving
aaab184e,9/2/24,20:31,"Berlin, Germany",-51.357815,79.741659,Snow,Gravel,4,3,Mechanical Failure
02dd195b,3/10/23,12:25,"Mumbai, India",-21.360731,-1.006144,Rain,Wet,2,4,Drunk Driving
07c6e608,4/23/24,10:53,"Sydney, Australia",-26.598198,-4.561789,Fog,Snowy,3,4,Drunk Driving
64b25f23,7/14/24,9:26,"Sydney, Australia",-38.702437,-126.370469,Hail,Wet,1,6,Mechanical Failure
2bec5e3f,10/9/23,17:45,"London, UK",83.485438,127.31096,Hail,Under Construction,2,1,Drunk Driving
e9b78495,9/18/23,7:30,"Sydney, Australia",-4.457345,-90.376827,Snow,Under Construction,4,7,Reckless Driving
77a82c95,9/24/23,11:56,"New York, USA",-51.398097,131.736357,Snow,Icy,5,3,Reckless Driving
aaef6fc7,7/18/24,1:47,"Sydney, Australia",-43.254702,66.237817,Snow,Gravel,5,1,Mechanical Failure
8e8d26fb,12/19/24,11:32,"Berlin, Germany",-33.681924,-98.929387,Clear,Icy,2,5,Distracted Driving
978b0499,8/19/24,7:39,"Berlin, Germany",-69.001184,118.209077,Snow,Wet,4,10,Distracted Driving
d98bd344,2/13/24,15:05,"Sydney, Australia",-70.209179,71.915203,Snow,Dry,5,10,Distracted Driving
409385c6,3/2/24,4:39,"Beijing, China",-58.227931,-139.042506,Fog,Under Construction,3,4,Speeding
46a6b441,4/16/23,19:00,"Toronto, Canada",-9.328799,-168.972043,Hail,Dry,4,10,Weather Conditions
e6258f3e,3/7/24,10:11,"Toronto, Canada",30.097509,-3.764101,Hail,Dry,4,6,Reckless Driving
6ffec4b3,9/8/24,14:39,"Tokyo, Japan",-26.184791,-119.666693,Hail,Snowy,1,4,Speeding
f95b4a90,11/6/23,11:56,"Toronto, Canada",-75.147171,48.666772,Rain,Wet,3,1,Drunk Driving
2265d998,9/3/24,19:07,"Beijing, China",-44.340355,-71.28127,Fog,Gravel,2,5,Speeding
de8fee0e,12/7/23,9:45,"New York, USA",-86.316133,119.555414,Storm,Icy,4,5,Drunk Driving
d67e112f,11/30/23,3:28,"Paris, France",-67.213689,148.517941,Rain,Wet,1,6,Weather Conditions
59b4a0d9,4/23/24,9:35,"Mumbai, India",-56.141461,164.977632,Storm,Under Construction,5,2,Weather Conditions
f9e3a6fd,3/7/24,9:49,"Berlin, Germany",33.209818,-149.111136,Storm,Wet,4,5,Distracted Driving
18cf19c7,5/1/24,8:50,"London, UK",77.716852,-56.831561,Fog,Wet,3,7,Weather Conditions
c6f546fb,9/24/24,20:41,"Berlin, Germany",-55.009593,58.332529,Clear,Icy,5,3,Weather Conditions
80442921,10/10/23,14:07,"Berlin, Germany",37.443686,168.168854,Clear,Under Construction,5,10,Weather Conditions
521a1ed3,5/6/24,12:17,"Toronto, Canada",72.964314,32.47891,Hail,Snowy,5,5,Reckless Driving
e552b64f,1/19/23,15:28,"Paris, France",10.895472,77.721918,Snow,Snowy,1,5,Reckless Driving
2463d52c,3/12/24,7:51,"Paris, France",-72.616495,-170.237553,Storm,Dry,3,4,Speeding
ae42c81e,7/26/24,13:46,"Tokyo, Japan",10.911038,-10.242748,Hail,Wet,1,5,Speeding
60f770bc,8/11/23,13:36,"Mumbai, India",7.782155,35.868779,Snow,Snowy,5,0,Distracted Driving
515544fa,12/18/23,6:40,"London, UK",18.938397,-123.210773,Rain,Dry,4,7,Weather Conditions
406c2d5c,7/26/24,0:47,"Mumbai, India",-0.852846,74.068385,Rain,Under Construction,4,7,Speeding
26517165,8/21/24,21:16,"Sydney, Australia",79.952325,-92.131106,Snow,Under Construction,5,4,Reckless Driving
3852daa0,6/7/23,1:53,"London, UK",18.324127,-116.607331,Rain,Dry,5,0,Weather Conditions
86f809b2,9/9/23,0:22,"London, UK",-74.52392,167.42657,Snow,Snowy,1,9,Distracted Driving
25a38ec1,10/22/24,21:21,"Berlin, Germany",55.774694,99.55703,Rain,Icy,1,9,Reckless Driving
60d092d4,1/9/23,21:58,"London, UK",-7.787482,-67.231157,Fog,Snowy,5,10,Speeding
5131a4b1,12/27/24,22:16,"New York, USA",33.715485,33.309672,Fog,Wet,1,1,Distracted Driving
dd2bd448,4/18/24,22:48,"Sydney, Australia",77.263389,164.218634,Rain,Icy,3,4,Distracted Driving
2abe6009,6/12/24,12:40,"Toronto, Canada",5.671933,-154.430166,Storm,Under Construction,5,0,Drunk Driving
adec95eb,11/18/24,4:36,"Tokyo, Japan",33.8221,99.342219,Hail,Wet,2,8,Drunk Driving
5f640460,11/11/23,4:05,"Mumbai, India",-52.117475,-34.86257,Rain,Dry,2,10,Weather Conditions
b068e015,4/22/24,23:47,"Mumbai, India",61.394882,-169.515723,Snow,Snowy,1,2,Weather Conditions
b048a747,11/29/24,3:40,"Berlin, Germany",68.506986,-172.349445,Rain,Snowy,4,7,Distracted Driving
0657ef50,5/1/24,13:52,"Tokyo, Japan",-23.945092,-55.981382,Hail,Gravel,2,0,Drunk Driving
ea2995c5,7/7/23,7:40,"Toronto, Canada",-78.066725,-6.799862,Snow,Snowy,3,9,Speeding
84f01af5,11/9/23,19:14,"Toronto, Canada",-74.086877,166.099132,Storm,Under Construction,3,2,Reckless Driving
bbe50bf3,7/8/24,5:35,"Tokyo, Japan",-62.685411,162.077825,Hail,Gravel,2,5,Speeding
da8ea48b,12/15/24,13:55,"London, UK",26.398665,-175.299635,Fog,Snowy,2,3,Drunk Driving
300d4c4f,6/9/23,5:48,"Berlin, Germany",-26.714721,-142.718222,Clear,Under Construction,3,6,Weather Conditions
72e31ff4,4/11/23,11:01,"Paris, France",16.906098,-164.337813,Fog,Icy,2,5,Reckless Driving
c580d73a,11/10/23,1:37,"Toronto, Canada",50.466381,165.876239,Storm,Wet,3,3,Drunk Driving
f82f4c66,3/24/24,16:11,"Sydney, Australia",29.244097,28.788984,Hail,Wet,5,9,Distracted Driving
bf405f90,3/29/24,7:53,"Toronto, Canada",-68.477717,81.245085,Fog,Wet,1,5,Speeding
acc444a2,2/22/24,16:51,"Toronto, Canada",43.842251,173.18886,Rain,Under Construction,2,0,Reckless Driving
9fde2cc3,10/13/24,1:29,"Tokyo, Japan",79.769415,132.354971,Fog,Icy,1,8,Speeding
7b04f46b,6/14/23,2:39,"Toronto, Canada",-17.450165,64.957321,Storm,Under Construction,1,0,Reckless Driving
2a12703e,7/28/24,2:58,"London, UK",-4.630994,43.786645,Snow,Under Construction,1,8,Mechanical Failure
14f296c4,7/23/24,4:35,"London, UK",-69.797086,13.341362,Rain,Gravel,1,5,Mechanical Failure
ed56af0e,6/21/23,23:11,"Toronto, Canada",49.619004,-53.759239,Clear,Under Construction,5,0,Drunk Driving
44ab455a,2/12/24,5:26,"Berlin, Germany",-28.64085,-80.901133,Rain,Wet,4,5,Speeding
c036852e,7/4/24,20:15,"New York, USA",-6.734303,-147.26357,Snow,Dry,3,1,Weather Conditions
9b063d2f,11/1/23,12:06,"Toronto, Canada",36.520927,-37.487735,Fog,Icy,3,3,Mechanical Failure
a2c9c233,5/14/23,6:16,"London, UK",-72.686347,-116.885988,Snow,Wet,4,5,Distracted Driving
9ab3cc6b,8/17/24,11:27,"London, UK",-0.991751,173.432852,Hail,Under Construction,4,2,Weather Conditions
0c4310e8,11/24/24,19:45,"Paris, France",-40.408148,112.144076,Fog,Gravel,2,2,Distracted Driving
a8be7069,11/8/24,9:59,"Beijing, China",-80.602895,-91.936182,Snow,Dry,5,2,Mechanical Failure
fb771e1a,8/11/23,2:17,"Mumbai, India",20.693158,-31.506109,Hail,Gravel,2,5,Speeding
a3f14c2c,10/19/23,6:41,"Sydney, Australia",-17.605362,-58.101773,Fog,Icy,4,9,Speeding
3f97a02c,4/13/23,19:20,"Beijing, China",87.590479,-13.888406,Hail,Snowy,3,4,Drunk Driving
2d28dfbe,1/18/23,6:53,"Paris, France",-19.116344,-73.155792,Fog,Dry,4,7,Distracted Driving
f2627ec5,2/9/24,9:06,"New York, USA",-86.555082,-61.029481,Hail,Icy,5,5,Distracted Driving
3c5daac5,7/15/23,1:17,"Toronto, Canada",-81.363755,-168.30113,Fog,Under Construction,2,7,Weather Conditions
61b0453c,7/20/23,10:29,"Berlin, Germany",-84.772378,-6.495389,Rain,Snowy,2,2,Distracted Driving
0676333d,4/24/24,1:24,"Tokyo, Japan",11.912487,27.234629,Hail,Gravel,4,7,Drunk Driving
9d3ba147,9/7/24,21:15,"Berlin, Germany",13.42168,55.272867,Rain,Wet,3,10,Weather Conditions
a1999109,11/30/23,4:11,"Toronto, Canada",13.877195,51.89174,Storm,Snowy,1,5,Distracted Driving
b815b0b3,7/15/24,8:34,"Tokyo, Japan",48.424081,141.202709,Storm,Icy,5,10,Reckless Driving
4eb4df21,6/21/23,19:18,"Mumbai, India",-83.868985,-107.953355,Clear,Snowy,4,3,Drunk Driving
a5e5eb52,1/20/24,0:41,"Toronto, Canada",42.656002,68.442632,Storm,Wet,1,0,Drunk Driving
7fa6cfba,6/16/24,5:06,"Beijing, China",35.698313,6.537725,Snow,Under Construction,1,7,Mechanical Failure
455702c1,12/29/23,4:26,"Toronto, Canada",28.116133,89.260521,Hail,Gravel,1,7,Reckless Driving
b48f79b2,5/12/23,12:35,"Berlin, Germany",-13.430839,19.593847,Hail,Snowy,3,5,Reckless Driving
8.38E+13,12/15/23,7:46,"Tokyo, Japan",42.824561,32.410358,Snow,Snowy,3,9,Mechanical Failure
b0ca1f2c,6/23/23,13:50,"Berlin, Germany",-32.172618,-158.456259,Hail,Snowy,5,7,Speeding
ade8780d,8/28/24,22:38,"Mumbai, India",4.951544,145.819663,Snow,Dry,3,1,Reckless Driving
35e08b1c,9/28/23,23:03,"Tokyo, Japan",13.46542,87.163855,Hail,Icy,5,1,Drunk Driving
4f570de6,12/28/23,8:58,"London, UK",68.347038,-137.529706,Hail,Wet,3,9,Reckless Driving
c09ba07d,9/26/24,20:29,"Toronto, Canada",-33.513879,22.87327,Hail,Dry,5,5,Speeding
796286a8,12/31/24,18:52,"Berlin, Germany",-68.175684,-117.126179,Fog,Under Construction,5,1,Drunk Driving
b68b598b,7/24/24,19:07,"Paris, France",12.012959,76.095264,Hail,Under Construction,1,10,Weather Conditions
338c46c5,9/17/23,13:28,"Beijing, China",71.228752,12.75082,Fog,Dry,3,0,Speeding
07b18fcf,11/20/24,16:45,"Mumbai, India",57.079965,121.54896,Fog,Icy,3,2,Speeding
27e3397c,5/27/24,14:04,"Mumbai, India",-15.524813,-178.751722,Storm,Dry,1,5,Drunk Driving
f3f96a48,6/21/24,14:20,"Tokyo, Japan",1.965648,121.733367,Clear,Gravel,4,7,Speeding
8894527a,8/22/24,23:28,"Sydney, Australia",58.501847,-79.338281,Fog,Snowy,5,5,Mechanical Failure
484dab62,6/6/24,22:29,"Paris, France",-12.498917,63.576955,Clear,Icy,5,9,Speeding
5ecd77fb,9/12/24,5:25,"Mumbai, India",-29.814692,-28.397576,Snow,Snowy,2,10,Distracted Driving
9cfce774,9/15/24,9:12,"Paris, France",-55.453581,58.89284,Storm,Gravel,3,7,Distracted Driving
bf276bbe,6/28/24,11:47,"Toronto, Canada",-18.969949,126.555779,Rain,Icy,5,8,Reckless Driving
85f3206e,7/7/24,12:36,"Tokyo, Japan",69.364588,-147.038238,Rain,Dry,1,6,Mechanical Failure
8a7a45d6,2/13/23,3:59,"New York, USA",40.176918,7.183729,Hail,Under Construction,4,10,Speeding
c468bf55,10/4/23,20:21,"Tokyo, Japan",66.521794,168.544764,Storm,Icy,4,9,Reckless Driving
3.24E+09,12/3/23,9:42,"New York, USA",56.647235,-83.120199,Clear,Dry,3,5,Weather Conditions
6e2410c0,3/10/24,19:23,"Berlin, Germany",-46.479358,146.768224,Snow,Snowy,2,4,Speeding
c69465f3,8/30/23,0:08,"Beijing, China",60.176131,92.865713,Fog,Icy,5,7,Speeding
6c7ad318,6/14/23,12:01,"Sydney, Australia",44.846732,-113.843786,Hail,Under Construction,4,1,Distracted Driving
2103c4fe,1/31/24,4:23,"Beijing, China",17.262686,139.347249,Fog,Wet,4,5,Reckless Driving
b9e90a1a,8/5/24,16:21,"Berlin, Germany",19.098013,-171.150014,Rain,Under Construction,1,4,Reckless Driving
cac95110,4/8/24,12:18,"London, UK",-30.759165,179.560801,Hail,Under Construction,5,7,Speeding
e7b1cb5c,4/28/24,6:02,"Sydney, Australia",88.48291,30.600023,Fog,Dry,2,2,Speeding
f378d1f3,3/26/24,10:28,"Berlin, Germany",-72.89073,95.947635,Clear,Under Construction,4,8,Mechanical Failure
3e252071,11/1/23,1:59,"Toronto, Canada",67.59741,73.445903,Clear,Icy,4,4,Distracted Driving
ef9af3fe,11/16/24,11:47,"Beijing, China",70.961415,32.137167,Clear,Dry,1,8,Reckless Driving
6a7e8abb,1/14/23,18:41,"Mumbai, India",-62.468821,38.395324,Snow,Icy,4,6,Reckless Driving
dc070fdd,12/4/24,20:43,"Sydney, Australia",55.042034,-60.05729,Fog,Under Construction,3,0,Weather Conditions
f843da2c,9/20/23,6:27,"New York, USA",-4.600839,159.008303,Snow,Wet,1,6,Drunk Driving
57d68cf4,12/18/23,3:05,"Paris, France",67.890357,-61.858888,Snow,Under Construction,5,6,Mechanical Failure
b8c20b76,11/24/23,3:35,"Tokyo, Japan",-27.207583,16.167103,Rain,Icy,4,2,Speeding
53aa415e,11/22/24,20:15,"Paris, France",38.224527,-108.251844,Rain,Icy,1,2,Distracted Driving
54791559,5/5/23,14:05,"Berlin, Germany",-59.700981,-152.92732,Storm,Under Construction,2,9,Mechanical Failure
cf3137b5,5/31/24,13:30,"Toronto, Canada",69.681761,116.459638,Hail,Wet,1,9,Speeding
0901ac35,12/22/24,21:17,"Paris, France",-78.203492,-71.139981,Rain,Dry,4,6,Mechanical Failure
4cbcb4c3,7/29/24,21:05,"Mumbai, India",60.76278,29.589826,Fog,Under Construction,3,8,Weather Conditions
5608225e,11/4/23,13:50,"Toronto, Canada",-34.219944,137.72208,Clear,Wet,3,3,Distracted Driving
0f4a5540,2/8/24,16:14,"Beijing, China",1.139078,-14.187003,Rain,Snowy,1,9,Drunk Driving
44781a6b,10/22/24,2:00,"London, UK",65.810134,-179.928493,Rain,Icy,3,3,Drunk Driving
a87ce8a6,11/12/23,14:44,"Berlin, Germany",-24.818751,-12.39246,Snow,Icy,5,10,Weather Conditions
88f2122d,11/30/23,12:46,"Berlin, Germany",82.426451,38.752944,Storm,Dry,5,3,Drunk Driving
4876fdeb,1/23/24,7:28,"London, UK",-54.712444,-165.833147,Hail,Gravel,4,1,Mechanical Failure
aa044e1d,6/27/23,12:01,"London, UK",-30.697364,149.497297,Rain,Snowy,2,5,Speeding
472e60d0,1/25/23,22:44,"Mumbai, India",-35.142003,-138.567213,Snow,Dry,1,9,Distracted Driving
03931fe0,12/19/24,20:37,"Mumbai, India",-18.798587,67.765934,Storm,Wet,3,4,Drunk Driving
2874020,1/11/23,1:16,"Toronto, Canada",89.532083,163.956596,Storm,Wet,5,2,Weather Conditions
16df86a6,11/1/24,11:44,"Beijing, China",26.363833,70.076227,Storm,Snowy,4,6,Distracted Driving
a1f0569d,9/30/23,3:10,"Tokyo, Japan",-34.053365,40.498373,Clear,Wet,5,10,Drunk Driving
198924d7,10/18/23,22:15,"Paris, France",7.808459,-42.323536,Fog,Icy,2,8,Drunk Driving
94823ec1,9/26/23,21:03,"Toronto, Canada",36.121874,-26.192445,Snow,Gravel,4,9,Weather Conditions
17c146d4,1/15/23,9:57,"Sydney, Australia",86.144861,-171.140981,Hail,Under Construction,1,4,Drunk Driving
337c76a4,9/9/23,5:38,"Berlin, Germany",-57.082602,-167.965294,Clear,Gravel,1,5,Drunk Driving
96e30998,5/18/24,7:19,"Berlin, Germany",-24.777206,-130.369046,Storm,Gravel,5,7,Drunk Driving
64c2594c,8/11/23,18:32,"Beijing, China",-81.508696,34.01913,Clear,Under Construction,5,0,Drunk Driving
a7caff88,8/24/24,11:47,"Mumbai, India",-85.92907,25.539648,Clear,Icy,1,5,Drunk Driving
8462bbe3,1/10/23,4:11,"Paris, France",22.93432,-62.907042,Clear,Icy,1,8,Speeding
be67105a,5/16/23,1:21,"Beijing, China",-79.070181,49.234266,Clear,Snowy,4,8,Weather Conditions
24e29e17,2/22/23,1:16,"Berlin, Germany",83.235804,-178.176104,Fog,Icy,4,3,Drunk Driving
b332342a,2/22/23,11:55,"Paris, France",-87.904182,59.092301,Rain,Icy,1,2,Mechanical Failure
9.03E+05,11/18/24,1:54,"Sydney, Australia",2.774445,-72.542762,Rain,Gravel,3,4,Distracted Driving
a0df6f9a,10/18/24,13:26,"Tokyo, Japan",25.011059,-76.08129,Hail,Snowy,3,2,Drunk Driving
1aaefcd6,4/22/24,15:06,"Beijing, China",28.905084,-113.14928,Hail,Icy,1,3,Mechanical Failure
5d191e0f,10/19/24,23:40,"Toronto, Canada",19.236316,-179.354477,Fog,Snowy,5,1,Mechanical Failure
ed0d02d2,8/5/24,15:00,"Toronto, Canada",75.711177,11.081299,Hail,Wet,4,7,Drunk Driving
e1ec3340,6/5/24,15:15,"Beijing, China",-38.376526,-86.274968,Hail,Icy,2,8,Reckless Driving
c8807b05,7/6/24,16:15,"Sydney, Australia",-86.98486,-108.796604,Clear,Under Construction,1,5,Speeding
df4dc2f9,5/22/24,22:58,"Paris, France",33.294687,-45.899318,Snow,Icy,2,2,Speeding
4987fcb0,3/14/23,22:44,"Toronto, Canada",26.653907,-155.916494,Storm,Snowy,5,8,Reckless Driving
7f5641f6,4/8/24,12:53,"Sydney, Australia",-44.610208,169.632404,Hail,Wet,5,0,Distracted Driving
0c8313e0,3/12/24,7:09,"Berlin, Germany",15.362458,156.935462,Snow,Under Construction,4,4,Mechanical Failure
61e583df,4/12/24,23:16,"London, UK",38.414497,167.835284,Fog,Gravel,3,7,Drunk Driving
caae0483,6/21/24,7:19,"Paris, France",30.089563,-124.244434,Snow,Wet,3,9,Mechanical Failure
f2ca20f6,11/24/23,6:03,"Paris, France",-69.953313,-66.400468,Clear,Gravel,1,2,Mechanical Failure
6248267f,4/10/24,18:45,"Sydney, Australia",-31.248332,123.394391,Hail,Under Construction,1,10,Mechanical Failure
7fdf882f,5/29/23,1:17,"London, UK",-50.352524,36.875163,Storm,Icy,1,3,Reckless Driving
8f35c2c9,9/7/24,9:07,"London, UK",-79.286661,162.248073,Clear,Icy,5,1,Distracted Driving
2c948fdb,2/8/24,16:07,"Tokyo, Japan",51.33218,-167.881251,Storm,Dry,1,6,Speeding
fe46de8a,5/24/23,1:54,"Beijing, China",30.781205,13.534337,Fog,Snowy,2,3,Weather Conditions
bde3521c,6/5/24,13:12,"Sydney, Australia",-86.02484,-141.146217,Clear,Wet,5,5,Distracted Driving
b74d4712,12/18/23,4:30,"New York, USA",-5.12145,-80.169851,Hail,Gravel,5,10,Distracted Driving
1e13c00f,12/12/23,14:49,"London, UK",60.275103,-65.736496,Hail,Under Construction,4,0,Speeding
30ec53cf,9/25/24,17:24,"Berlin, Germany",82.814755,59.41123,Clear,Gravel,3,2,Reckless Driving
42ddf13a,9/25/23,6:07,"Paris, France",-68.650495,-67.920017,Snow,Under Construction,3,1,Speeding
d9db6781,7/29/23,4:25,"Beijing, China",-3.891113,132.415945,Snow,Snowy,4,10,Weather Conditions
9bd73ec5,11/5/23,4:07,"Paris, France",-16.189309,-114.850336,Snow,Under Construction,1,5,Mechanical Failure
126972c8,2/24/24,19:09,"Beijing, China",-61.538183,-92.74027,Snow,Wet,4,8,Mechanical Failure
ca8c2d8d,9/9/24,5:24,"Mumbai, India",53.319543,-45.095577,Fog,Wet,1,9,Mechanical Failure
57cab576,2/13/23,21:56,"Berlin, Germany",-56.138466,44.259248,Hail,Wet,4,5,Weather Conditions
0ddfcc6c,4/22/23,16:27,"New York, USA",-36.05697,-69.195951,Storm,Under Construction,3,5,Reckless Driving
f1585e7e,3/21/24,3:40,"Mumbai, India",-45.863325,-13.650972,Storm,Snowy,1,5,Speeding
5a20a65d,2/26/23,1:48,"New York, USA",-71.155079,30.806297,Clear,Wet,4,8,Weather Conditions
b3e4fb7d,4/20/24,13:59,"Sydney, Australia",31.810099,-145.361851,Clear,Under Construction,2,6,Mechanical Failure
f1d6eee7,9/26/23,19:42,"Tokyo, Japan",37.236381,158.419601,Fog,Under Construction,5,8,Drunk Driving
9701aa52,4/30/24,14:44,"Mumbai, India",-1.837507,-61.51505,Rain,Wet,4,6,Drunk Driving
5f2ffaf7,12/25/23,18:10,"London, UK",-86.076253,-135.756891,Snow,Under Construction,5,2,Drunk Driving
17612585,2/28/23,23:15,"Toronto, Canada",37.274703,-131.562869,Fog,Wet,3,0,Mechanical Failure
1d88ba65,2/2/23,18:18,"New York, USA",-63.780746,26.376272,Hail,Gravel,1,8,Mechanical Failure
4929933a,11/10/23,11:15,"London, UK",87.128143,167.822914,Clear,Icy,4,0,Weather Conditions
7b867f39,10/2/23,3:50,"Berlin, Germany",79.127493,99.899637,Snow,Gravel,1,8,Weather Conditions
c01f23ce,8/16/24,13:35,"Berlin, Germany",-85.672541,81.512853,Snow,Under Construction,5,4,Mechanical Failure
e2da2366,8/11/23,22:12,"Mumbai, India",-14.623779,-104.848819,Hail,Icy,3,5,Distracted Driving
4be57681,6/6/24,17:32,"New York, USA",41.056828,-26.532539,Fog,Under Construction,2,3,Drunk Driving
019658a1,6/22/23,9:26,"New York, USA",-40.820726,-52.566881,Snow,Wet,2,7,Speeding
be49c64d,6/14/24,16:24,"Mumbai, India",-4.333388,99.004521,Rain,Dry,2,9,Drunk Driving
50a94571,11/13/24,5:13,"Berlin, Germany",-81.944368,-44.346667,Rain,Dry,3,1,Mechanical Failure
ad87b1e6,5/23/23,18:53,"Tokyo, Japan",-19.436437,-113.445105,Storm,Dry,4,0,Weather Conditions
f9f99cb8,5/27/24,9:11,"London, UK",15.785654,-162.093678,Hail,Dry,3,8,Mechanical Failure
24dc6450,8/5/23,13:22,"Berlin, Germany",53.688646,-16.590741,Rain,Icy,4,1,Speeding
b82ede99,12/9/24,10:08,"Mumbai, India",41.050661,-112.072843,Fog,Dry,5,6,Reckless Driving
93bffb88,12/2/24,22:03,"Tokyo, Japan",-7.451589,66.910454,Fog,Snowy,4,9,Mechanical Failure
34f4e81b,7/18/23,22:51,"London, UK",53.823311,64.910813,Rain,Under Construction,5,8,Distracted Driving
33891170,9/11/24,7:23,"London, UK",-32.062177,-82.734879,Rain,Under Construction,3,8,Weather Conditions
44b2282f,2/22/23,7:25,"Toronto, Canada",-31.951243,167.888276,Storm,Icy,5,0,Reckless Driving
1285a080,1/31/23,10:51,"Toronto, Canada",33.543117,-175.462209,Snow,Wet,3,6,Speeding
5c4dec3e,5/19/23,14:11,"Toronto, Canada",24.473128,89.648796,Hail,Dry,3,1,Drunk Driving
f8f8fde1,6/3/24,9:33,"Toronto, Canada",58.432273,74.654909,Clear,Dry,4,6,Reckless Driving
3a83c2e5,5/31/23,20:47,"Mumbai, India",50.134331,-161.110315,Fog,Icy,1,4,Reckless Driving
f30d2869,3/26/24,6:33,"Tokyo, Japan",19.582992,5.759655,Snow,Snowy,1,3,Reckless Driving
751a4bf0,4/6/24,18:07,"Berlin, Germany",5.462111,171.324162,Clear,Dry,5,3,Mechanical Failure
0d223de9,5/27/23,18:19,"Toronto, Canada",-15.411465,50.291022,Storm,Snowy,3,6,Weather Conditions
913f02fd,7/6/24,11:33,"Berlin, Germany",82.189373,144.646463,Storm,Dry,2,9,Speeding
2ab40514,9/28/24,7:38,"Tokyo, Japan",-16.369975,4.381739,Snow,Snowy,1,9,Mechanical Failure
d7087084,5/30/23,6:01,"Toronto, Canada",73.972729,32.860462,Storm,Dry,5,2,Drunk Driving
96741575,8/14/24,2:14,"Toronto, Canada",33.679955,-104.325074,Clear,Dry,2,6,Weather Conditions
3b1163eb,7/11/23,14:23,"New York, USA",78.412511,-105.560052,Fog,Under Construction,4,3,Weather Conditions
2ce55ba1,2/28/23,11:27,"Beijing, China",-20.070099,-76.992491,Hail,Icy,4,1,Reckless Driving
8cb0380f,1/16/23,12:28,"Tokyo, Japan",-17.331375,-121.696155,Storm,Dry,4,3,Speeding
259d7ff4,11/28/24,14:13,"Paris, France",-56.225239,-174.615548,Storm,Under Construction,4,10,Drunk Driving
367970b6,8/25/24,11:36,"Sydney, Australia",65.136321,136.69467,Snow,Snowy,2,3,Mechanical Failure
c8baa107,1/8/23,10:55,"Berlin, Germany",-45.365819,-152.025109,Fog,Icy,2,5,Distracted Driving
eb998c13,7/7/24,12:05,"Toronto, Canada",11.849469,-43.935156,Hail,Gravel,2,6,Mechanical Failure
4e2bfc7b,4/15/24,12:16,"Beijing, China",-63.603753,5.17249,Clear,Under Construction,3,1,Mechanical Failure
cc460bd7,5/1/23,2:09,"Mumbai, India",-3.534118,-45.087706,Storm,Icy,2,2,Speeding
09f7ea41,7/6/23,2:43,"Berlin, Germany",29.229884,160.174237,Fog,Dry,5,9,Weather Conditions
24ebb932,6/18/23,6:55,"Toronto, Canada",-74.89847,70.87166,Snow,Wet,5,1,Weather Conditions
30318844,1/4/23,13:30,"Beijing, China",-31.347449,-4.229879,Fog,Snowy,2,0,Distracted Driving
132aa94c,12/9/24,14:41,"New York, USA",16.270118,-12.466869,Clear,Icy,3,2,Mechanical Failure
40efbdde,8/3/23,22:38,"Tokyo, Japan",7.07717,65.11294,Rain,Under Construction,3,7,Distracted Driving
565589b7,11/1/23,22:58,"New York, USA",58.187793,-49.068283,Clear,Wet,1,0,Speeding
41a171b1,10/30/24,8:50,"Mumbai, India",-81.66456,138.40959,Snow,Dry,3,0,Distracted Driving
482ff9b3,11/16/24,17:30,"London, UK",-23.600364,-166.254019,Snow,Gravel,4,9,Distracted Driving
4d2ab303,6/6/23,6:18,"Beijing, China",-71.185576,97.29754,Hail,Dry,3,1,Distracted Driving
afc73344,10/19/23,1:23,"Mumbai, India",-32.430096,160.659798,Fog,Under Construction,4,9,Drunk Driving
48ad2de8,5/5/23,3:07,"Mumbai, India",70.068767,83.878518,Fog,Snowy,4,9,Mechanical Failure
bec1e858,1/13/24,4:34,"Beijing, China",70.120628,90.479189,Storm,Icy,4,3,Drunk Driving
5b71bc6d,7/15/23,2:14,"Berlin, Germany",-25.607455,-2.267537,Hail,Dry,4,10,Distracted Driving
1589e87e,9/9/24,10:44,"Sydney, Australia",1.816464,135.725327,Snow,Snowy,4,9,Distracted Driving
9973c151,12/28/23,7:40,"Beijing, China",73.44986,-60.735367,Hail,Snowy,5,8,Weather Conditions
ba4133c6,10/31/23,18:30,"Tokyo, Japan",-89.646327,47.303847,Hail,Icy,1,0,Reckless Driving
61f675cc,8/10/23,23:41,"Sydney, Australia",-32.331802,29.37531,Fog,Gravel,3,5,Distracted Driving
8a92a839,9/26/23,4:43,"Sydney, Australia",15.435657,33.735851,Hail,Icy,5,0,Mechanical Failure
19c984b4,12/8/24,5:37,"New York, USA",-49.194906,80.881183,Clear,Snowy,4,6,Drunk Driving
72c739e5,9/4/23,5:41,"Mumbai, India",85.648599,-175.460495,Snow,Icy,3,2,Reckless Driving
f34b32be,5/25/23,3:34,"Beijing, China",-44.760005,106.552276,Snow,Snowy,3,4,Weather Conditions
d21a0d7b,9/13/24,5:53,"Paris, France",57.303446,-51.331056,Fog,Dry,4,5,Weather Conditions
59dd7ec4,9/11/23,11:16,"London, UK",54.705758,64.696029,Fog,Wet,5,1,Reckless Driving
e096f0aa,1/17/24,8:35,"New York, USA",-28.788802,-84.465617,Clear,Under Construction,2,3,Drunk Driving
84fa3630,2/10/23,8:19,"Berlin, Germany",-71.350239,-176.472063,Clear,Under Construction,3,5,Weather Conditions
2f632a55,12/23/23,8:18,"Berlin, Germany",35.75398,62.725364,Storm,Gravel,2,2,Speeding
d6fa0a1f,1/1/23,6:37,"Tokyo, Japan",-79.583758,-86.835697,Snow,Under Construction,5,10,Weather Conditions
5acd34e1,7/2/24,11:38,"Paris, France",16.48158,-69.368454,Fog,Snowy,3,2,Speeding
9929a97b,5/2/24,19:55,"London, UK",-2.482556,147.024481,Rain,Under Construction,2,9,Reckless Driving
e02e040b,12/16/24,22:04,"Sydney, Australia",-20.716442,-33.178976,Fog,Dry,5,0,Mechanical Failure
1793090e,9/19/24,3:18,"Tokyo, Japan",88.592986,-53.13505,Clear,Snowy,1,4,Speeding
f4881f5d,4/7/24,7:17,"Berlin, Germany",-61.368115,-108.791891,Clear,Under Construction,3,9,Mechanical Failure
86954f4f,9/15/23,19:20,"Berlin, Germany",-85.207362,-55.200613,Clear,Under Construction,4,9,Reckless Driving
58bba45d,12/20/23,8:36,"London, UK",18.972248,129.297783,Rain,Under Construction,1,8,Reckless Driving
0dfba02c,9/28/24,23:28,"Tokyo, Japan",-63.999112,28.349461,Rain,Wet,5,2,Speeding
e5900afd,1/28/23,10:35,"Sydney, Australia",47.29047,-88.927532,Snow,Wet,3,0,Reckless Driving
a1b27528,1/24/23,19:59,"Beijing, China",-54.06815,-33.839071,Storm,Snowy,2,10,Distracted Driving
a5eb325c,4/30/24,14:28,"New York, USA",-74.123301,-38.882805,Rain,Snowy,1,6,Reckless Driving
47f69e92,1/15/24,19:53,"Toronto, Canada",83.297065,-55.862777,Fog,Dry,4,7,Drunk Driving
94e8e665,12/24/23,13:36,"Mumbai, India",-57.882252,-119.713184,Clear,Icy,5,6,Mechanical Failure
7edf641f,9/30/23,12:04,"Beijing, China",-58.796678,142.437166,Fog,Gravel,2,0,Speeding
7e28a96e,5/12/23,0:01,"Toronto, Canada",68.755221,73.164389,Snow,Snowy,4,9,Distracted Driving
32b3288e,7/7/23,10:40,"Paris, France",-43.620035,-135.169936,Snow,Icy,5,6,Weather Conditions
608b5846,11/26/24,14:11,"Mumbai, India",1.604801,-58.967942,Fog,Snowy,1,7,Distracted Driving
b8fa702c,1/22/23,7:18,"Beijing, China",64.744846,44.398985,Snow,Wet,4,6,Speeding
985afe29,11/7/23,2:28,"London, UK",-62.383878,119.025999,Rain,Icy,5,10,Distracted Driving
fcbac4b7,10/31/23,1:06,"Tokyo, Japan",-65.375375,-18.91278,Clear,Wet,5,10,Reckless Driving
4a33c21d,3/2/24,22:51,"New York, USA",21.860085,-94.384436,Clear,Snowy,5,1,Speeding
81930546,11/15/24,16:51,"New York, USA",20.831134,80.774328,Clear,Wet,3,9,Mechanical Failure
46f787e6,4/12/24,14:17,"Sydney, Australia",26.464794,-114.050065,Storm,Dry,1,6,Mechanical Failure
01aa37f4,8/24/24,21:55,"London, UK",53.903684,71.946206,Hail,Snowy,3,0,Weather Conditions
0c0ece5d,5/16/24,8:05,"New York, USA",-53.026039,-168.049883,Rain,Snowy,1,4,Speeding
4f4d8dcd,3/20/23,7:50,"Sydney, Australia",38.252638,142.814799,Hail,Dry,4,6,Distracted Driving
3d8317ad,4/30/24,22:53,"Beijing, China",-36.35016,-80.215566,Rain,Wet,1,4,Mechanical Failure
59de99b9,12/2/24,10:00,"Toronto, Canada",-64.35402,-22.890828,Fog,Gravel,3,9,Drunk Driving
51d0e817,1/13/23,1:11,"Beijing, China",-24.102059,61.511506,Hail,Gravel,2,1,Mechanical Failure
ead01d8a,8/23/23,18:41,"Sydney, Australia",-43.44803,86.018933,Storm,Gravel,1,6,Drunk Driving
e7205f3e,1/3/23,10:59,"London, UK",82.203869,13.252608,Storm,Under Construction,1,3,Reckless Driving
0ef97985,6/29/23,7:00,"Sydney, Australia",-64.162253,-145.288806,Snow,Icy,5,7,Weather Conditions
bc4617be,8/16/24,5:48,"Tokyo, Japan",-76.072097,-58.703221,Rain,Dry,5,4,Distracted Driving
aa447c88,9/30/23,16:28,"Berlin, Germany",37.88737,-124.132227,Hail,Snowy,3,3,Mechanical Failure
6b245fbb,9/30/24,11:09,"New York, USA",-57.442299,117.0096,Hail,Snowy,2,4,Distracted Driving
9ceeec93,2/19/23,16:24,"London, UK",85.466715,173.597591,Clear,Under Construction,1,8,Weather Conditions
68664d90,7/25/24,9:15,"Mumbai, India",-19.789965,-102.832563,Fog,Under Construction,5,5,Distracted Driving
205c2672,11/1/23,8:43,"London, UK",69.331955,63.866923,Storm,Gravel,2,5,Distracted Driving
eaa2460a,11/21/24,11:35,"Mumbai, India",-48.80262,26.238687,Snow,Gravel,5,5,Mechanical Failure
09ff1efb,8/7/23,12:13,"Toronto, Canada",-76.457667,-32.696522,Hail,Icy,4,4,Speeding
28381499,5/16/24,11:05,"Toronto, Canada",77.178899,114.423586,Clear,Dry,1,0,Mechanical Failure
8697f74f,8/25/23,19:48,"Toronto, Canada",29.263576,2.360825,Rain,Snowy,3,6,Mechanical Failure
52b2c2d8,11/1/23,11:55,"Berlin, Germany",79.881214,-157.929569,Hail,Wet,3,2,Reckless Driving
5805cf67,5/16/23,21:53,"Mumbai, India",-82.114731,-91.797864,Storm,Snowy,3,10,Weather Conditions
c5054070,11/1/23,22:46,"Beijing, China",33.247884,117.842548,Storm,Dry,1,6,Reckless Driving
31cad4f7,1/20/24,15:33,"New York, USA",72.28504,-8.630844,Fog,Gravel,1,1,Weather Conditions
9be379d8,9/12/23,1:09,"Sydney, Australia",-16.301664,-24.7121,Storm,Under Construction,3,3,Drunk Driving
63dd9af2,7/22/24,13:14,"Tokyo, Japan",-53.705964,136.786151,Fog,Snowy,2,6,Speeding
1413bbaa,8/1/23,16:34,"Sydney, Australia",-52.502692,-90.097384,Rain,Icy,1,3,Reckless Driving
4c0b0edb,7/21/24,16:28,"Mumbai, India",-86.633757,42.497114,Clear,Wet,4,8,Speeding
505cf652,11/25/24,13:42,"Toronto, Canada",79.928005,161.12017,Fog,Icy,4,5,Reckless Driving
b52e9914,2/6/23,1:56,"Toronto, Canada",-75.45748,-147.674876,Fog,Snowy,2,2,Weather Conditions
898671a0,10/25/24,12:45,"New York, USA",-30.175327,42.334566,Clear,Gravel,4,8,Distracted Driving
d4835f83,8/30/24,23:43,"Tokyo, Japan",-18.67892,-163.299227,Fog,Gravel,2,1,Distracted Driving
5a8515a9,7/27/23,14:26,"New York, USA",60.913644,56.979305,Rain,Dry,3,5,Drunk Driving
5a35d422,12/27/23,22:23,"London, UK",6.90522,-129.145964,Snow,Icy,4,6,Reckless Driving
cd7e968d,6/18/23,16:06,"London, UK",24.882491,105.0618,Storm,Snowy,1,3,Distracted Driving
8cef5576,8/31/24,21:47,"London, UK",-22.676073,-110.164893,Hail,Dry,1,10,Distracted Driving
8d703987,8/18/24,8:59,"Paris, France",51.6003,161.076327,Hail,Snowy,4,5,Mechanical Failure
0d6644dc,12/25/24,4:05,"Paris, France",-22.291346,-92.276079,Storm,Snowy,5,4,Weather Conditions
a830367e,6/25/23,19:29,"New York, USA",35.624616,178.633257,Storm,Icy,2,4,Speeding
680cc184,8/26/23,13:23,"Tokyo, Japan",-87.88206,-94.99049,Storm,Snowy,4,5,Mechanical Failure
7473bc3a,8/10/23,16:45,"London, UK",-49.692544,154.4911,Hail,Wet,5,7,Speeding
911ae65e,7/13/23,7:38,"Paris, France",18.91474,135.568066,Hail,Wet,5,4,Weather Conditions
e4006320,9/18/23,19:51,"Tokyo, Japan",43.734132,155.716411,Clear,Wet,1,6,Reckless Driving
57ba8a55,10/21/23,13:21,"Berlin, Germany",-22.149644,14.948055,Hail,Gravel,1,6,Speeding
fd110fb8,6/2/23,5:41,"New York, USA",2.237132,32.359521,Hail,Dry,1,2,Drunk Driving
99a51939,7/20/23,14:52,"New York, USA",84.500144,106.006515,Rain,Icy,5,3,Drunk Driving
7fd0dc19,10/28/24,11:33,"Berlin, Germany",-75.695081,-58.948237,Hail,Wet,4,10,Reckless Driving
8ece9658,8/28/24,9:59,"Tokyo, Japan",9.1624,18.745923,Fog,Icy,3,3,Speeding
ded292ce,3/27/24,20:05,"Beijing, China",8.926396,-55.937461,Rain,Wet,4,0,Weather Conditions
7a761ccf,4/26/23,1:42,"Berlin, Germany",-56.456364,-149.792421,Rain,Gravel,2,5,Speeding
99ea1c9f,10/13/24,2:26,"Mumbai, India",-60.931798,112.6326,Rain,Under Construction,1,5,Weather Conditions
863f6d50,11/17/23,8:02,"New York, USA",-35.495827,122.214763,Snow,Gravel,3,5,Reckless Driving
957f22d7,10/15/23,9:40,"Toronto, Canada",-15.174525,-81.544552,Snow,Gravel,2,9,Reckless Driving
c915dec2,4/3/23,19:54,"Sydney, Australia",53.765221,12.68348,Hail,Snowy,1,9,Speeding
f57c564b,8/23/23,18:50,"Beijing, China",57.955662,37.051213,Hail,Under Construction,4,6,Reckless Driving
bc88751e,12/18/23,10:54,"Toronto, Canada",-3.506378,47.900312,Rain,Icy,5,7,Speeding
1afb6279,9/11/24,1:37,"Sydney, Australia",89.112215,-152.897305,Rain,Under Construction,5,7,Mechanical Failure
24909b94,8/31/23,10:42,"New York, USA",46.804366,-174.196538,Fog,Wet,4,4,Distracted Driving
4fcc603b,9/22/24,21:38,"New York, USA",72.375149,-31.107702,Snow,Dry,5,7,Reckless Driving
7bc20993,9/27/23,4:29,"London, UK",-76.957784,-138.545728,Snow,Wet,3,1,Drunk Driving
81c99b41,8/18/24,20:14,"Mumbai, India",10.528212,-31.899038,Rain,Icy,1,3,Mechanical Failure
49efb965,1/27/24,22:48,"New York, USA",-2.01034,141.651557,Fog,Wet,4,4,Weather Conditions
da35770f,5/29/24,1:39,"New York, USA",53.427498,175.537311,Hail,Gravel,4,6,Distracted Driving
7e7d7206,9/17/23,8:47,"New York, USA",-0.351809,-8.49965,Storm,Wet,1,0,Weather Conditions
8eaaf773,4/26/24,21:37,"Berlin, Germany",23.369883,31.275032,Storm,Gravel,1,4,Reckless Driving
9c9ff33c,7/27/24,15:12,"Mumbai, India",-66.195796,-54.165526,Clear,Under Construction,2,1,Mechanical Failure
313f0338,10/4/23,10:58,"Paris, France",-11.519892,29.109275,Snow,Wet,1,9,Distracted Driving
e4063d9b,1/14/23,17:19,"Tokyo, Japan",-81.275272,-28.397713,Storm,Under Construction,4,3,Distracted Driving
5ecbb7dd,4/12/24,3:41,"Berlin, Germany",83.110983,-165.851869,Clear,Dry,1,10,Mechanical Failure
28217869,7/23/23,12:56,"London, UK",-79.345088,-34.03075,Hail,Snowy,4,9,Mechanical Failure
f2d7f66f,7/3/24,17:27,"Paris, France",29.634788,54.045182,Fog,Wet,5,0,Speeding
15267101,1/6/24,1:43,"Berlin, Germany",-3.044677,-116.6465,Hail,Under Construction,3,7,Distracted Driving
ce9dc04e,3/29/23,6:48,"Toronto, Canada",43.830544,-42.208177,Rain,Wet,4,3,Weather Conditions
2aa0fa7a,4/9/24,4:58,"Paris, France",33.978113,36.509813,Rain,Gravel,3,2,Weather Conditions
aff02726,12/19/23,12:16,"Tokyo, Japan",-50.718216,-119.700344,Snow,Dry,4,8,Drunk Driving
aa3f9566,8/13/24,20:08,"Sydney, Australia",24.532782,-13.939236,Hail,Dry,5,5,Reckless Driving
90aad39b,8/17/23,13:45,"Berlin, Germany",-21.700478,-52.798431,Rain,Icy,1,9,Drunk Driving
445c0567,10/21/24,16:51,"Toronto, Canada",30.033555,171.436774,Rain,Snowy,2,3,Speeding
3665b7fb,9/2/23,14:30,"Sydney, Australia",58.090293,-30.43669,Snow,Dry,4,1,Drunk Driving
07a2e1c3,9/6/24,17:52,"London, UK",-8.940077,5.724007,Snow,Dry,3,10,Reckless Driving
a98fbcfb,7/28/24,14:47,"Berlin, Germany",-40.213156,-79.246045,Storm,Dry,4,4,Speeding
7b02cd7f,6/15/23,17:51,"Beijing, China",-54.866827,-71.144452,Hail,Dry,4,4,Drunk Driving
e00cd26e,7/22/24,20:25,"Beijing, China",79.707399,-91.987759,Snow,Icy,3,8,Speeding
0834bdf0,9/20/23,16:12,"Berlin, Germany",7.626208,101.109686,Rain,Wet,5,7,Mechanical Failure
2bdbb765,10/6/24,7:48,"New York, USA",-6.490937,149.426716,Hail,Gravel,5,10,Distracted Driving
491c0f76,6/8/24,10:11,"London, UK",79.055842,-146.016629,Fog,Snowy,2,7,Mechanical Failure
83bd1cfe,8/4/23,11:05,"Toronto, Canada",85.217274,-159.865829,Fog,Snowy,4,6,Distracted Driving
f87fb9ca,7/27/24,19:11,"Beijing, China",20.573519,-66.98403,Clear,Wet,1,2,Speeding
5c94df57,7/5/24,0:22,"Berlin, Germany",-21.891054,-129.329318,Snow,Snowy,3,4,Mechanical Failure
8b3fc690,11/22/23,14:28,"Mumbai, India",-56.102849,-179.816125,Fog,Wet,2,1,Drunk Driving
501e133c,6/18/23,14:06,"New York, USA",82.424466,-45.41375,Clear,Snowy,4,0,Drunk Driving
0beed215,7/12/23,4:27,"Mumbai, India",25.97999,33.717724,Storm,Dry,4,6,Mechanical Failure
60347305,9/3/24,14:27,"New York, USA",-55.66475,29.462163,Snow,Icy,3,1,Weather Conditions
b2a926e4,4/23/24,1:51,"Mumbai, India",-51.578986,129.964994,Storm,Under Construction,5,3,Reckless Driving
a4a54df0,10/3/24,22:24,"Sydney, Australia",-5.999256,-90.100963,Storm,Dry,2,1,Speeding
db8156ef,2/2/24,22:31,"Tokyo, Japan",50.020348,-115.00482,Snow,Under Construction,5,2,Reckless Driving
a25db55c,3/31/24,23:13,"New York, USA",-37.494615,-88.888244,Rain,Wet,2,6,Weather Conditions
18688bf1,6/14/24,16:05,"Berlin, Germany",-39.073723,120.868107,Storm,Snowy,5,10,Reckless Driving
1fe963af,6/24/24,7:46,"New York, USA",-85.46684,159.578251,Hail,Icy,1,4,Mechanical Failure
3efeaa7d,8/7/23,20:03,"Berlin, Germany",37.705508,123.67395,Hail,Icy,5,0,Reckless Driving
c2768f5a,7/26/24,15:40,"Sydney, Australia",79.069223,11.232338,Clear,Wet,1,2,Distracted Driving
3cacf37b,1/31/23,7:44,"London, UK",55.154999,-96.678184,Hail,Gravel,4,2,Distracted Driving
6d86d62b,6/14/23,5:11,"Beijing, China",-72.109906,33.806977,Rain,Icy,4,0,Speeding
61f8a7d2,3/3/23,21:51,"Sydney, Australia",43.867353,-137.614614,Fog,Icy,3,7,Reckless Driving
fd5276a8,4/11/23,18:18,"Mumbai, India",-59.643617,10.231052,Rain,Snowy,1,9,Drunk Driving
a3ff35a1,5/30/23,19:02,"New York, USA",-46.509578,-139.676139,Rain,Wet,5,9,Speeding
99b7b255,10/30/23,17:30,"Tokyo, Japan",-48.248467,-30.35651,Snow,Under Construction,4,5,Drunk Driving
7a6fe1c7,3/21/24,4:49,"Sydney, Australia",30.972893,-50.82817,Fog,Under Construction,5,3,Speeding
8.55E+10,7/28/24,8:01,"London, UK",77.079676,-162.370479,Fog,Icy,3,8,Drunk Driving
aeaddfa6,2/25/23,14:39,"Tokyo, Japan",11.783221,61.26033,Rain,Dry,5,8,Weather Conditions
f70d605e,6/8/23,2:23,"Tokyo, Japan",74.989943,-144.240394,Fog,Snowy,1,5,Reckless Driving
c537f539,10/27/24,9:06,"Beijing, China",3.147751,66.224653,Snow,Wet,5,7,Mechanical Failure
1b6d7ddf,7/15/23,20:20,"Sydney, Australia",72.96499,97.169882,Rain,Dry,1,3,Mechanical Failure
d3041d63,3/30/23,14:20,"Toronto, Canada",68.138498,-167.402467,Hail,Icy,5,1,Drunk Driving
bd94d00d,10/2/24,19:08,"Mumbai, India",-7.707234,51.065957,Storm,Gravel,2,5,Reckless Driving
7a7bf198,7/4/23,18:58,"Sydney, Australia",-89.829579,-28.215064,Hail,Gravel,3,8,Reckless Driving
c66119e5,11/5/24,21:53,"Tokyo, Japan",-31.829668,11.068199,Rain,Dry,1,0,Reckless Driving
e9d57241,3/3/24,3:24,"Paris, France",-87.123264,-100.578102,Storm,Icy,5,2,Speeding
cccfb42e,11/10/23,23:24,"Tokyo, Japan",20.656267,-105.05808,Clear,Dry,2,5,Mechanical Failure
895f87b8,6/13/24,21:49,"London, UK",8.760898,57.903207,Clear,Icy,4,10,Weather Conditions
d53bb239,9/30/23,5:06,"Sydney, Australia",-73.936797,-18.898462,Fog,Wet,5,10,Speeding
fc7cba3f,3/21/23,7:29,"Beijing, China",-11.214109,41.428522,Fog,Gravel,5,1,Distracted Driving
67c6e00b,4/7/23,17:19,"New York, USA",-9.291306,52.835489,Rain,Gravel,4,4,Speeding
d514b75f,9/12/23,1:24,"New York, USA",45.813147,9.876934,Rain,Gravel,5,10,Distracted Driving
dda0fd88,8/16/24,7:37,"Tokyo, Japan",36.692236,112.867847,Storm,Under Construction,4,6,Weather Conditions
5a6f97dc,3/8/24,14:40,"Berlin, Germany",-5.815596,-24.874843,Fog,Icy,2,7,Mechanical Failure
b2d31714,12/5/24,6:59,"London, UK",76.170696,36.847859,Snow,Gravel,5,7,Speeding
d19dbdf0,8/1/23,9:45,"Sydney, Australia",83.408494,167.244839,Clear,Wet,2,8,Speeding
2abadf62,11/24/24,20:12,"London, UK",-40.113326,141.640237,Fog,Icy,3,6,Speeding
236c35f5,12/28/23,4:41,"Beijing, China",-79.468421,33.740758,Hail,Snowy,3,7,Mechanical Failure
90ff7e5b,6/21/24,7:19,"Toronto, Canada",-86.138852,-137.930065,Rain,Snowy,2,2,Drunk Driving
cf6b6a92,4/2/23,8:21,"London, UK",-57.133106,-21.88744,Rain,Gravel,3,8,Drunk Driving
25c6ebfc,10/23/24,9:24,"New York, USA",34.001891,177.681406,Hail,Snowy,4,5,Distracted Driving
cff6f3b9,11/24/23,14:02,"Tokyo, Japan",-66.522578,-118.095519,Fog,Gravel,4,2,Distracted Driving
43df08c3,12/31/24,8:15,"Beijing, China",14.159393,-79.336613,Storm,Snowy,3,4,Drunk Driving
e2c166ef,5/10/24,1:58,"London, UK",89.796626,-97.961112,Snow,Dry,3,6,Speeding
aaa55b09,10/30/24,9:24,"Toronto, Canada",72.430567,98.952922,Clear,Snowy,3,3,Mechanical Failure
8f08d174,11/20/24,21:18,"Berlin, Germany",-60.100321,108.513654,Snow,Snowy,4,7,Reckless Driving
c382715e,2/16/24,7:25,"Beijing, China",-1.318486,-127.446605,Rain,Wet,3,5,Weather Conditions
02516fcd,11/7/23,17:39,"London, UK",83.542093,66.857253,Rain,Wet,4,3,Mechanical Failure
87e6873b,1/26/24,0:31,"Tokyo, Japan",-5.804492,-80.734301,Hail,Dry,4,8,Weather Conditions
9c06491a,3/4/24,16:30,"Tokyo, Japan",-40.425041,120.049636,Hail,Snowy,1,9,Reckless Driving
d53f3c32,12/13/24,22:40,"London, UK",-89.419866,-169.585354,Fog,Gravel,2,8,Distracted Driving
aed420ff,9/20/23,6:26,"Beijing, China",-53.573795,-21.045245,Storm,Wet,3,10,Reckless Driving
dfb802e6,1/7/23,11:49,"Toronto, Canada",-71.93248,-124.725653,Snow,Snowy,2,2,Mechanical Failure
a47389d0,12/7/24,14:56,"Toronto, Canada",12.998483,-72.376923,Rain,Snowy,5,6,Reckless Driving
d7e995a4,7/7/24,5:40,"London, UK",42.32599,139.140777,Snow,Gravel,2,4,Reckless Driving
02f5b2d1,8/28/23,9:32,"London, UK",29.262361,121.033423,Rain,Under Construction,5,6,Mechanical Failure
0f1ebbd2,2/5/23,15:12,"London, UK",1.508921,171.060359,Storm,Dry,5,9,Weather Conditions
82b77488,12/2/23,13:20,"Paris, France",-57.156194,-103.385294,Clear,Icy,3,6,Weather Conditions
6e0559b2,5/23/24,4:51,"New York, USA",-43.294516,-2.510299,Fog,Icy,1,2,Mechanical Failure
801ab65f,12/22/24,15:59,"Paris, France",38.335072,129.779111,Fog,Snowy,5,1,Mechanical Failure
d26dca70,12/31/23,4:55,"Toronto, Canada",-40.70839,-126.292166,Snow,Icy,2,6,Weather Conditions
bb33e9dd,11/3/24,12:46,"Berlin, Germany",21.72725,-74.846977,Rain,Icy,3,0,Speeding
5d538d44,9/16/23,10:38,"Berlin, Germany",89.31185,-176.850078,Snow,Gravel,5,0,Distracted Driving
1fbf6698,11/16/24,7:34,"Berlin, Germany",-51.978298,142.964801,Snow,Gravel,3,4,Drunk Driving
733006d4,10/24/24,22:58,"London, UK",-26.074269,101.359605,Rain,Icy,4,0,Distracted Driving
6dae45ae,9/13/24,7:30,"Toronto, Canada",-55.120189,-138.279064,Storm,Snowy,1,4,Weather Conditions
2568bf03,1/3/24,11:26,"Paris, France",19.086428,56.023491,Rain,Icy,1,6,Speeding
e6435234,10/20/24,7:09,"Beijing, China",8.003282,-24.334602,Fog,Dry,4,2,Reckless Driving
b62e299f,6/30/23,3:00,"Toronto, Canada",-5.395827,34.411627,Hail,Snowy,5,4,Mechanical Failure
4a382e97,1/7/23,15:31,"Mumbai, India",-12.300386,27.071773,Fog,Dry,5,1,Speeding
de758ae0,5/20/23,16:38,"London, UK",65.300842,-69.959584,Hail,Under Construction,5,8,Reckless Driving
a0c4c1ab,8/6/24,2:49,"Toronto, Canada",-75.813379,-89.492816,Fog,Snowy,1,4,Mechanical Failure
3a52bc0b,3/9/24,11:47,"Sydney, Australia",-51.696226,-77.216915,Snow,Wet,1,8,Distracted Driving
9b518b6d,5/15/23,0:05,"Tokyo, Japan",-16.839982,-15.398199,Rain,Dry,2,0,Distracted Driving
7.00E+76,11/22/23,7:12,"Beijing, China",15.250393,141.581575,Snow,Gravel,3,6,Distracted Driving
5732c0d5,5/13/23,7:22,"Beijing, China",-70.495072,15.862109,Clear,Gravel,5,9,Distracted Driving
849b8154,2/1/23,15:49,"London, UK",-69.888889,-1.979415,Rain,Icy,4,10,Speeding
287b53f9,10/11/23,17:30,"Mumbai, India",68.872664,71.658542,Fog,Dry,5,8,Drunk Driving
5e0332d9,12/11/23,7:17,"Paris, France",-70.290274,63.725334,Snow,Wet,4,3,Distracted Driving
6a89bc57,5/30/24,0:25,"Toronto, Canada",-37.342526,-111.648742,Rain,Gravel,2,4,Drunk Driving
3971f960,3/14/23,17:54,"Beijing, China",-68.962337,88.74514,Clear,Dry,4,4,Weather Conditions
18a00038,12/28/23,0:21,"Berlin, Germany",-39.753749,36.938636,Clear,Snowy,5,3,Reckless Driving
08d297e9,8/7/23,7:17,"Mumbai, India",-58.14091,48.674451,Fog,Under Construction,3,9,Drunk Driving
d2bff9cb,9/21/23,8:44,"Paris, France",-1.713223,82.717688,Fog,Gravel,5,7,Speeding
90231658,4/3/23,4:30,"London, UK",-62.513604,-3.111204,Fog,Wet,4,8,Distracted Driving
1c1dbbb9,7/2/24,7:18,"New York, USA",77.134456,154.120793,Hail,Under Construction,3,6,Drunk Driving
24911c65,11/29/23,0:26,"London, UK",-15.649644,-54.415941,Fog,Wet,4,10,Reckless Driving
4452b55a,7/5/24,2:50,"Tokyo, Japan",44.59634,-63.418995,Clear,Wet,3,6,Speeding
f64f8fcc,11/8/23,9:09,"Sydney, Australia",-42.671712,-120.890443,Clear,Dry,4,9,Reckless Driving
7975de5f,3/2/24,7:57,"Paris, France",-70.127748,122.678353,Fog,Under Construction,2,5,Weather Conditions
0ede44a8,3/1/24,10:09,"London, UK",-29.21381,-15.0096,Rain,Dry,4,2,Reckless Driving
3dc4c2b5,12/19/23,22:28,"Toronto, Canada",-43.421459,163.251954,Storm,Wet,1,9,Reckless Driving
f52faf4e,12/28/24,21:00,"Mumbai, India",-63.571599,-175.093863,Snow,Wet,2,2,Weather Conditions
3fdccf08,10/24/24,19:03,"Paris, France",-64.678325,-16.218385,Hail,Gravel,2,7,Weather Conditions
cd203a87,5/30/24,5:39,"Mumbai, India",-29.507378,65.446655,Fog,Gravel,4,3,Weather Conditions
668c9dc4,4/29/24,17:33,"Sydney, Australia",-16.354804,-135.187205,Rain,Snowy,2,1,Mechanical Failure
c655119b,8/27/24,1:46,"New York, USA",38.09912,-148.25493,Storm,Dry,5,2,Drunk Driving
4e2e5fbf,4/18/24,8:07,"Tokyo, Japan",-24.530147,14.220128,Clear,Gravel,5,5,Reckless Driving
6f323707,4/28/23,0:38,"Beijing, China",4.490276,-96.669896,Rain,Icy,5,9,Speeding
e23e1d98,2/27/23,7:30,"Tokyo, Japan",19.067851,-22.166242,Clear,Snowy,4,9,Drunk Driving
227746ae,4/7/24,8:02,"Tokyo, Japan",-51.895374,-68.115713,Rain,Under Construction,1,0,Mechanical Failure
b6387479,12/28/24,3:00,"Berlin, Germany",56.943574,-109.580726,Hail,Icy,4,6,Reckless Driving
6350563c,6/5/24,9:02,"Sydney, Australia",62.411005,-161.991391,Storm,Gravel,1,5,Mechanical Failure
a64b39cd,11/17/24,21:03,"Berlin, Germany",-61.046095,-15.720532,Fog,Icy,2,7,Distracted Driving
c459dfac,6/23/24,18:42,"Beijing, China",69.790562,-174.77075,Fog,Gravel,3,6,Drunk Driving
7f7244b6,9/1/24,14:07,"Toronto, Canada",89.006148,-119.994034,Snow,Dry,2,0,Drunk Driving
4e42a825,8/23/23,9:59,"Paris, France",-33.737095,-173.158895,Storm,Dry,1,6,Drunk Driving
8204370c,7/1/23,22:47,"New York, USA",80.914417,-17.908073,Fog,Dry,2,3,Distracted Driving
c2b1781a,9/24/24,1:08,"London, UK",44.126103,-1.464313,Rain,Gravel,1,9,Reckless Driving
dbd65ab5,1/12/24,14:12,"Berlin, Germany",-19.839938,92.976638,Storm,Gravel,3,3,Speeding
485eff9a,2/18/24,10:26,"Tokyo, Japan",67.547113,-19.686455,Storm,Icy,4,10,Reckless Driving
e6514870,1/24/24,4:11,"London, UK",-44.583788,163.281506,Clear,Wet,4,1,Mechanical Failure
7f47ac5e,6/20/23,3:59,"New York, USA",-79.338535,97.012518,Fog,Under Construction,4,2,Mechanical Failure
73c7505c,3/10/24,5:45,"Paris, France",48.563603,69.884495,Fog,Icy,1,4,Mechanical Failure
6be8e384,2/1/23,7:14,"London, UK",-35.718308,-153.91252,Hail,Dry,5,1,Reckless Driving
a1b4cf06,1/5/24,2:17,"New York, USA",-35.101788,-156.429464,Clear,Dry,2,8,Weather Conditions
33e63d65,1/21/24,21:41,"Tokyo, Japan",-60.520334,43.306625,Snow,Snowy,4,6,Weather Conditions
3850121f,5/21/23,5:11,"Tokyo, Japan",4.840649,112.094433,Snow,Gravel,1,5,Mechanical Failure
27da160e,9/12/23,16:55,"London, UK",-15.173938,94.496773,Fog,Gravel,2,3,Weather Conditions
13a9601f,9/3/24,3:36,"Beijing, China",-40.154174,-161.007226,Hail,Under Construction,2,4,Drunk Driving
a511948f,11/30/23,17:14,"Paris, France",20.69068,-112.645069,Rain,Gravel,4,1,Speeding
27aaa569,6/22/23,22:36,"Mumbai, India",0.327601,-119.243077,Hail,Dry,5,2,Mechanical Failure
eb9b91e9,5/25/24,23:51,"Toronto, Canada",15.563946,-162.719344,Snow,Dry,3,8,Speeding
872f3c3b,9/16/23,6:09,"Sydney, Australia",-13.292604,94.399909,Rain,Wet,5,3,Reckless Driving
5ac50230,11/24/23,13:30,"London, UK",86.216514,65.90581,Snow,Gravel,5,0,Mechanical Failure
798fffc4,10/29/23,4:08,"Paris, France",84.056919,81.476183,Snow,Gravel,2,1,Distracted Driving
5b93d097,8/17/24,17:09,"London, UK",22.586652,-133.443057,Snow,Gravel,5,5,Weather Conditions
83ca6488,12/30/24,15:26,"Sydney, Australia",-66.890936,-61.168494,Snow,Dry,1,2,Distracted Driving
8d39079b,10/31/24,16:00,"Paris, France",86.240544,86.126458,Snow,Wet,3,2,Distracted Driving
c3634280,3/30/23,15:48,"Tokyo, Japan",36.945124,153.475008,Fog,Snowy,3,5,Reckless Driving
4221d861,2/25/23,0:40,"Tokyo, Japan",74.286453,-131.234646,Clear,Gravel,2,6,Drunk Driving
6aff4ae6,12/3/24,1:45,"Tokyo, Japan",-35.600886,-80.131972,Clear,Under Construction,1,2,Speeding
7eba4951,12/1/23,9:50,"Beijing, China",1.539926,-88.312196,Fog,Wet,2,8,Reckless Driving
af15cde7,12/9/24,14:54,"Paris, France",-26.352891,163.896993,Clear,Dry,1,10,Reckless Driving
f78f8681,5/22/24,9:00,"Beijing, China",-89.665868,-14.684941,Hail,Dry,2,0,Drunk Driving
1c6ef46e,6/11/24,18:04,"Sydney, Australia",9.633314,145.378948,Fog,Icy,3,4,Weather Conditions
91ba1c1a,4/8/24,16:53,"New York, USA",46.489377,-40.707981,Fog,Snowy,3,7,Reckless Driving
838cfb3f,5/27/23,14:53,"Mumbai, India",8.481611,108.520712,Snow,Dry,5,6,Mechanical Failure
cf4dfd9e,1/6/23,2:59,"Berlin, Germany",-19.369918,-19.824386,Rain,Under Construction,2,6,Drunk Driving
5b784c4a,10/21/23,16:03,"Paris, France",-64.013172,-35.827894,Hail,Wet,2,2,Mechanical Failure
9763b925,2/8/23,0:53,"Beijing, China",-46.274145,-162.307787,Storm,Icy,3,10,Distracted Driving
c9678b0d,5/27/24,17:58,"Berlin, Germany",-73.493056,78.806514,Fog,Snowy,4,2,Distracted Driving
10abc604,7/12/23,8:08,"Sydney, Australia",-11.70897,-84.343941,Rain,Snowy,2,8,Distracted Driving
4a4ddb04,3/30/23,12:10,"Toronto, Canada",-2.401221,101.577039,Snow,Dry,4,2,Mechanical Failure
bf073b01,1/19/24,1:36,"London, UK",56.887977,12.628059,Fog,Snowy,2,2,Weather Conditions
bd77f6ee,3/24/24,22:05,"Mumbai, India",-22.556549,37.696854,Rain,Dry,4,10,Mechanical Failure
1cb7f0cd,12/2/24,8:38,"Paris, France",32.261695,-171.023336,Snow,Gravel,1,10,Weather Conditions
3af0d84c,10/14/23,16:14,"New York, USA",-35.731592,-86.717319,Hail,Under Construction,4,1,Weather Conditions
5653cf86,11/10/24,7:14,"London, UK",15.247066,-151.163954,Hail,Snowy,1,4,Reckless Driving
545d7338,4/28/24,4:42,"New York, USA",-61.05402,155.982909,Storm,Snowy,3,5,Distracted Driving
3f07567b,3/18/24,9:34,"Tokyo, Japan",83.388575,59.528986,Clear,Gravel,3,4,Speeding
60f40a74,10/6/24,19:05,"Sydney, Australia",-89.199774,-13.203605,Storm,Under Construction,3,1,Weather Conditions
66cd8be0,12/21/24,9:31,"London, UK",-28.501948,42.425264,Snow,Icy,4,5,Weather Conditions
df0737cd,2/15/23,5:36,"Beijing, China",-16.103181,-122.28521,Storm,Wet,2,7,Mechanical Failure
77de9848,10/19/23,11:51,"New York, USA",73.276648,-84.120968,Clear,Gravel,2,2,Speeding
9f3731de,11/13/24,23:44,"New York, USA",-35.233056,-4.930217,Hail,Dry,4,0,Drunk Driving
46e6710a,6/15/23,4:13,"Sydney, Australia",61.343455,-45.786025,Storm,Icy,1,3,Distracted Driving
367640ae,3/23/24,2:08,"Sydney, Australia",50.742825,89.961508,Storm,Gravel,4,8,Distracted Driving
e66af276,3/15/23,15:57,"New York, USA",29.764389,-11.716639,Storm,Snowy,4,6,Mechanical Failure
b7b41c39,10/7/23,3:45,"London, UK",-72.868605,-63.89731,Clear,Under Construction,2,5,Distracted Driving
4bb239d6,2/24/23,14:36,"Beijing, China",47.766762,153.625003,Fog,Icy,2,2,Distracted Driving
ddc5855f,8/5/24,12:46,"Tokyo, Japan",22.836376,151.662909,Clear,Gravel,4,5,Weather Conditions
1f180f91,2/13/24,21:50,"Beijing, China",-52.740202,-62.098156,Snow,Dry,3,5,Drunk Driving
091ab239,1/25/23,17:06,"Paris, France",-77.437135,166.070046,Clear,Gravel,3,0,Reckless Driving
c3f23763,12/8/24,6:17,"Berlin, Germany",77.424363,-59.914837,Snow,Snowy,4,8,Mechanical Failure
92cfc477,1/21/24,23:42,"Tokyo, Japan",-40.696216,-99.918592,Snow,Dry,5,4,Reckless Driving
697ac20c,9/13/24,3:42,"London, UK",82.152362,-38.028907,Snow,Gravel,4,4,Distracted Driving
4501cc09,6/16/24,12:39,"Paris, France",-87.432497,35.451224,Fog,Icy,2,10,Drunk Driving
6924853b,6/25/23,8:55,"London, UK",-45.072036,143.609112,Clear,Wet,1,9,Mechanical Failure
b6abb0c2,8/22/23,5:07,"Toronto, Canada",-19.470267,-18.855066,Rain,Dry,2,0,Weather Conditions
bc465c3f,9/24/23,4:38,"Berlin, Germany",-82.76759,84.948457,Snow,Dry,1,5,Weather Conditions
af5827ce,7/29/24,1:50,"Sydney, Australia",-39.942898,92.189126,Storm,Dry,5,3,Speeding
46dbc431,8/4/24,3:24,"London, UK",-78.873164,-142.814674,Snow,Gravel,1,5,Weather Conditions
20d76835,10/23/23,8:32,"Tokyo, Japan",61.93747,-54.962499,Fog,Dry,3,8,Distracted Driving
1af27be8,11/14/23,5:08,"Sydney, Australia",-17.423541,-10.87395,Rain,Icy,2,1,Mechanical Failure
fd397e7e,1/23/24,10:37,"Sydney, Australia",56.991517,96.831246,Clear,Wet,1,9,Speeding
d0e679dc,10/19/24,20:25,"Toronto, Canada",77.543036,-172.203841,Clear,Gravel,2,7,Speeding
89f997d2,10/17/24,5:55,"Mumbai, India",-5.692554,-86.101375,Storm,Snowy,5,5,Speeding
3f943207,7/2/23,17:28,"Sydney, Australia",-84.073558,157.734344,Clear,Dry,1,9,Mechanical Failure
d8ffc64e,4/14/23,1:47,"Toronto, Canada",-62.676266,94.625104,Hail,Icy,2,4,Weather Conditions
41e46c9f,12/6/23,9:40,"Mumbai, India",64.683175,163.613447,Fog,Dry,5,1,Weather Conditions
1294a37b,6/21/23,2:07,"Beijing, China",-39.493469,133.444246,Clear,Snowy,5,7,Distracted Driving
9beae5a9,2/21/23,17:46,"New York, USA",48.002199,91.629813,Hail,Snowy,5,1,Mechanical Failure
6ef17fbe,1/4/24,21:37,"Tokyo, Japan",-32.42244,-86.303867,Rain,Gravel,2,9,Distracted Driving
3943924,4/23/24,7:27,"Tokyo, Japan",54.865572,83.801852,Hail,Dry,1,1,Distracted Driving
e5734b01,8/31/23,23:18,"London, UK",-84.091721,137.47453,Snow,Gravel,2,10,Reckless Driving
7bb0f78c,1/9/24,19:37,"Berlin, Germany",-85.885529,-146.404934,Clear,Gravel,5,6,Reckless Driving
5ed8e7c5,8/5/24,12:41,"Beijing, China",-79.921184,-47.64218,Hail,Icy,1,3,Mechanical Failure
72e5e397,7/15/24,6:16,"Toronto, Canada",52.126147,149.347807,Fog,Under Construction,2,0,Distracted Driving
c381165b,9/3/23,21:23,"Tokyo, Japan",58.230629,171.039116,Fog,Snowy,2,2,Mechanical Failure
46607bfa,1/15/24,23:13,"Mumbai, India",59.110832,-10.437492,Fog,Wet,4,8,Speeding
9a701922,8/7/24,17:35,"Beijing, China",75.900786,31.634159,Snow,Dry,2,9,Drunk Driving
3acec818,12/23/23,6:10,"Sydney, Australia",-34.158663,162.654831,Storm,Dry,1,10,Speeding
58490077,10/30/24,21:57,"Toronto, Canada",-27.33654,-97.508349,Storm,Dry,5,8,Reckless Driving
e68892d3,5/13/24,20:51,"Berlin, Germany",6.650632,6.60316,Snow,Wet,3,4,Reckless Driving
aacdba27,9/19/24,15:11,"Mumbai, India",-49.804133,-106.536439,Clear,Wet,3,10,Mechanical Failure
6f35565e,3/11/24,13:21,"Sydney, Australia",72.840953,150.458502,Snow,Under Construction,4,5,Mechanical Failure
104219fb,12/17/24,22:18,"London, UK",44.66814,77.395894,Storm,Snowy,5,0,Drunk Driving
68e767d5,8/17/23,0:30,"Berlin, Germany",22.297609,48.235718,Clear,Dry,5,5,Weather Conditions
a57d7a99,4/20/24,8:52,"London, UK",-9.689341,68.784158,Storm,Wet,4,6,Weather Conditions
6bc72107,3/19/24,12:34,"New York, USA",-75.404895,-151.058999,Fog,Under Construction,2,3,Mechanical Failure
af6afc2f,6/24/23,7:55,"Berlin, Germany",-67.22158,-131.976977,Snow,Icy,3,9,Speeding
ba53221f,9/29/23,1:52,"London, UK",-26.365263,22.652306,Hail,Snowy,2,10,Distracted Driving
9b3b921c,2/22/24,10:29,"Sydney, Australia",-58.98822,125.723936,Rain,Gravel,3,8,Distracted Driving
0d39d3ea,11/11/23,0:54,"London, UK",-31.587202,10.151822,Storm,Snowy,3,0,Distracted Driving
c9cadf92,10/29/24,18:47,"Beijing, China",-59.578709,-28.952537,Fog,Gravel,1,6,Drunk Driving
ae7ecd20,6/3/23,8:55,"Sydney, Australia",-6.798024,59.47321,Hail,Under Construction,1,10,Speeding
cdb861bc,3/26/23,17:15,"Sydney, Australia",-6.539167,179.505736,Rain,Under Construction,2,9,Drunk Driving
11e84d24,2/5/23,21:23,"Sydney, Australia",-20.098166,-129.788738,Storm,Gravel,3,6,Mechanical Failure
3a9d690d,5/22/23,9:53,"London, UK",30.182346,46.344289,Rain,Dry,3,8,Speeding
557b5291,12/11/23,22:33,"Beijing, China",75.431903,-152.020234,Fog,Snowy,4,4,Mechanical Failure
011981d1,2/12/23,15:44,"Berlin, Germany",-25.983227,-32.852687,Snow,Icy,3,9,Speeding
c8f3ae4e,8/29/24,23:48,"Sydney, Australia",36.680394,-42.66902,Clear,Icy,5,6,Speeding
46caee2d,11/1/23,2:19,"Tokyo, Japan",-18.632741,-20.200215,Fog,Dry,3,8,Reckless Driving
80c7afe4,12/31/23,4:16,"Paris, France",-78.135169,96.826816,Clear,Snowy,5,5,Reckless Driving
296f13ca,6/9/23,12:21,"Paris, France",7.023614,0.451403,Hail,Under Construction,5,1,Reckless Driving
7aaf4f56,9/23/23,10:33,"Tokyo, Japan",-27.211598,170.523428,Rain,Snowy,3,9,Drunk Driving
38d2496a,1/21/24,0:20,"Paris, France",-35.036477,108.511796,Storm,Snowy,2,9,Distracted Driving
bb79aa53,7/25/24,14:27,"Paris, France",-61.96042,22.741398,Clear,Under Construction,1,5,Distracted Driving
0afad50e,11/28/24,17:30,"London, UK",-58.754623,116.871835,Fog,Gravel,2,8,Speeding
894efa0a,2/2/23,15:20,"London, UK",-62.178792,-164.58074,Fog,Wet,5,5,Weather Conditions
f798f111,6/17/23,1:27,"Paris, France",54.204155,-54.212011,Rain,Dry,2,3,Speeding
4a994587,4/15/23,11:38,"New York, USA",-27.985939,130.899851,Fog,Dry,1,3,Drunk Driving
229436a5,5/2/24,23:35,"London, UK",40.495591,-167.136358,Hail,Wet,2,4,Speeding
f85ee5d6,9/6/23,15:53,"Toronto, Canada",27.105609,87.053459,Clear,Gravel,2,9,Mechanical Failure
574fd131,6/28/23,7:14,"New York, USA",12.625644,-83.444868,Hail,Gravel,4,4,Mechanical Failure
1ae3ce5b,5/7/23,18:32,"Tokyo, Japan",-41.374547,-155.816038,Fog,Gravel,2,6,Mechanical Failure
4029b332,7/2/24,16:45,"Toronto, Canada",32.799411,-8.90684,Clear,Gravel,5,7,Mechanical Failure
ec45c291,3/11/23,7:52,"New York, USA",-80.273719,88.544342,Clear,Wet,4,1,Drunk Driving
1e9dd413,12/16/23,18:04,"Sydney, Australia",30.410846,157.461356,Clear,Snowy,4,0,Mechanical Failure
2fb197cf,2/8/24,14:41,"Beijing, China",-14.684011,95.56834,Rain,Snowy,5,7,Drunk Driving
2e0262dc,6/6/23,10:32,"Paris, France",-12.003685,-121.087931,Rain,Wet,2,1,Reckless Driving
be9250af,4/18/23,13:12,"Berlin, Germany",79.909808,78.604332,Clear,Snowy,5,1,Weather Conditions
a38674e4,5/7/24,0:16,"Paris, France",-6.881326,174.106676,Fog,Snowy,4,5,Mechanical Failure
b3727534,8/12/24,3:40,"Beijing, China",-62.163884,-94.22703,Hail,Wet,1,1,Distracted Driving
0ef6f7d1,4/20/24,13:16,"Paris, France",-41.272771,-147.089756,Fog,Wet,5,3,Speeding
b60d77ca,3/11/23,13:20,"Berlin, Germany",-47.255568,-38.827335,Hail,Under Construction,3,0,Distracted Driving
61100403,3/6/23,11:53,"Toronto, Canada",-47.308872,-76.971965,Snow,Gravel,4,6,Reckless Driving
459e1924,10/19/24,23:33,"London, UK",-85.519106,-79.165181,Fog,Wet,4,4,Mechanical Failure
7484f55c,3/20/23,20:16,"Sydney, Australia",-22.328827,50.775004,Fog,Under Construction,2,5,Reckless Driving
1395ecc1,2/11/24,15:48,"Tokyo, Japan",-48.056424,50.795331,Hail,Wet,2,8,Drunk Driving
e30a8c3d,11/22/23,16:25,"Beijing, China",20.793258,174.202793,Fog,Snowy,2,0,Reckless Driving
b42ddbbd,6/28/24,4:47,"Beijing, China",-41.223904,115.850651,Hail,Gravel,5,8,Drunk Driving
23f5d3ec,7/7/23,19:37,"Tokyo, Japan",7.325489,-19.744203,Fog,Gravel,1,2,Drunk Driving
558014cd,1/30/24,7:50,"London, UK",80.198026,126.59777,Storm,Wet,1,3,Mechanical Failure
24920823,12/7/23,10:57,"New York, USA",-40.074701,-141.026726,Snow,Under Construction,3,8,Drunk Driving
c73841fd,7/22/24,5:46,"New York, USA",32.793328,-53.898965,Hail,Under Construction,1,2,Weather Conditions
78f065a8,2/10/23,9:06,"Toronto, Canada",-19.526424,56.386657,Rain,Under Construction,3,4,Distracted Driving
fd1d85e2,12/31/23,11:18,"Sydney, Australia",-13.546076,-104.978308,Rain,Under Construction,5,9,Reckless Driving
e4b6259c,2/29/24,3:25,"Paris, France",86.658748,-162.329097,Storm,Snowy,4,10,Mechanical Failure
a9a6cd71,7/24/23,1:16,"Mumbai, India",77.406879,-17.495675,Rain,Under Construction,1,1,Distracted Driving
e45b66d2,12/24/24,6:04,"Paris, France",64.599255,7.335432,Clear,Under Construction,5,7,Mechanical Failure
8707a6e7,10/3/24,15:39,"New York, USA",39.073677,-14.602694,Clear,Icy,2,9,Mechanical Failure
9cdc1931,3/26/23,23:19,"Toronto, Canada",76.043812,176.912935,Fog,Snowy,3,3,Speeding
24c77c3d,1/1/24,5:30,"Berlin, Germany",-41.750878,-121.292305,Storm,Wet,1,0,Mechanical Failure
24cf32bc,7/31/23,21:38,"Beijing, China",19.656233,-151.728562,Snow,Dry,5,5,Reckless Driving
58106974,2/26/23,16:02,"Tokyo, Japan",-69.115681,-84.106636,Hail,Wet,4,7,Mechanical Failure
85bb799a,3/10/24,12:34,"Toronto, Canada",60.02057,-31.534012,Storm,Under Construction,3,6,Mechanical Failure
630e1f7a,3/23/23,4:24,"Berlin, Germany",0.485449,39.336074,Rain,Dry,2,2,Reckless Driving
1e4896eb,9/6/23,11:23,"London, UK",-67.127068,-19.390782,Fog,Wet,1,4,Distracted Driving
bed9de50,3/23/23,3:29,"Paris, France",65.5225,-44.79713,Rain,Under Construction,3,0,Distracted Driving
9c16874f,2/23/23,5:06,"Berlin, Germany",75.996224,-92.227376,Hail,Gravel,1,4,Distracted Driving
a66b1a72,11/30/23,22:44,"Toronto, Canada",-66.153635,-143.010085,Snow,Dry,1,10,Distracted Driving
0ab932df,7/3/24,17:08,"London, UK",-46.786582,87.892715,Clear,Snowy,1,4,Speeding
f1db07c9,12/13/24,0:36,"Tokyo, Japan",75.221834,4.552487,Clear,Wet,3,3,Speeding
b4136521,5/22/23,2:03,"Tokyo, Japan",-15.947745,-87.619705,Storm,Gravel,1,7,Weather Conditions
fb84a1ae,2/16/23,22:01,"Mumbai, India",38.466356,58.061404,Snow,Under Construction,2,5,Reckless Driving
9ffc1a7c,2/21/24,22:51,"Berlin, Germany",-55.859144,-21.315929,Snow,Snowy,4,0,Reckless Driving
424447f6,4/22/24,17:11,"Tokyo, Japan",-8.565989,52.376524,Clear,Snowy,2,10,Weather Conditions
3f73d9c2,8/19/23,3:48,"Sydney, Australia",74.885951,-106.224418,Hail,Gravel,5,0,Drunk Driving
8f4ec1c2,10/10/24,6:30,"Toronto, Canada",11.97219,-141.500723,Clear,Gravel,2,1,Drunk Driving
798f0d7d,10/24/23,22:56,"New York, USA",-30.245593,-133.333397,Snow,Wet,2,10,Weather Conditions
e815533b,5/5/23,11:47,"Berlin, Germany",46.410674,-58.616688,Rain,Wet,1,8,Weather Conditions
56f97c0b,2/5/23,0:38,"Berlin, Germany",-81.375725,110.25697,Clear,Gravel,3,8,Drunk Driving
d2fff7c5,5/11/24,7:27,"Beijing, China",63.62903,-51.556647,Snow,Under Construction,3,10,Mechanical Failure
48d1a06b,10/21/24,14:08,"Paris, France",-67.951406,70.862736,Rain,Wet,4,9,Reckless Driving
b34ab8eb,9/11/23,21:05,"Tokyo, Japan",-77.979212,150.312462,Fog,Dry,1,3,Drunk Driving
fa11bb49,1/12/24,3:56,"Toronto, Canada",23.987779,-8.034073,Storm,Wet,1,10,Weather Conditions
4c1029cd,1/10/24,22:51,"Sydney, Australia",-4.671594,133.173563,Storm,Snowy,4,9,Reckless Driving
c231378e,1/19/24,3:51,"Paris, France",66.256248,92.572334,Storm,Icy,5,0,Distracted Driving
3b8ae765,7/16/24,21:12,"Paris, France",-12.099552,138.162162,Hail,Under Construction,5,5,Mechanical Failure
0efe4b9c,2/18/23,19:34,"New York, USA",-48.914665,120.682468,Snow,Gravel,5,7,Drunk Driving
5280357c,10/3/23,8:50,"Mumbai, India",74.254625,-31.408885,Fog,Snowy,3,7,Weather Conditions
3f598429,3/26/24,13:14,"Berlin, Germany",24.830602,158.646987,Clear,Icy,5,2,Reckless Driving
e05f23cf,2/5/24,14:35,"Mumbai, India",55.112895,154.20511,Snow,Snowy,4,3,Distracted Driving
4cfba4f7,2/11/23,9:04,"Sydney, Australia",-60.325825,23.02028,Fog,Gravel,4,8,Speeding
158ba2f2,12/29/24,21:53,"Toronto, Canada",87.596058,60.708103,Storm,Icy,2,0,Weather Conditions
e032093b,4/10/23,9:42,"Paris, France",-41.413025,144.787595,Rain,Dry,5,0,Distracted Driving
1d9d3bd1,2/29/24,11:08,"Beijing, China",55.424307,83.83721,Clear,Snowy,5,4,Speeding
3ccfb352,10/2/23,3:30,"Berlin, Germany",5.395965,171.778591,Fog,Wet,4,9,Mechanical Failure
f6c2f6bf,10/24/24,3:35,"Beijing, China",-11.37954,-71.804008,Rain,Dry,5,6,Weather Conditions
002bf4aa,6/10/24,0:15,"Toronto, Canada",5.875441,158.803703,Clear,Wet,4,5,Distracted Driving
c424580f,11/22/23,5:32,"Sydney, Australia",-5.520115,128.43118,Storm,Gravel,2,6,Distracted Driving
62b0cf47,3/18/23,18:20,"Mumbai, India",10.162165,-30.637459,Storm,Under Construction,1,3,Reckless Driving
2d036897,5/23/24,12:14,"New York, USA",-55.466377,-75.995615,Clear,Icy,1,2,Speeding
83aa7fcf,5/23/23,0:03,"Berlin, Germany",87.339973,60.691405,Clear,Snowy,1,2,Weather Conditions
8774cc41,2/27/24,3:42,"Berlin, Germany",3.116638,170.947302,Rain,Snowy,5,5,Weather Conditions
bec3945a,1/27/23,7:11,"Paris, France",4.277057,40.25983,Fog,Dry,2,8,Speeding
7258b194,12/13/24,1:28,"London, UK",36.187699,27.46975,Fog,Gravel,3,7,Speeding
31767199,1/12/24,22:09,"Sydney, Australia",65.576106,41.863701,Rain,Dry,3,2,Drunk Driving
8ef6b1ca,1/11/23,10:31,"Tokyo, Japan",60.390848,-80.662949,Clear,Under Construction,4,6,Drunk Driving
b167b4fb,7/11/23,12:15,"Paris, France",27.14085,-15.802898,Clear,Icy,3,5,Reckless Driving
3cf1b8db,4/17/24,9:44,"Paris, France",-12.712899,-153.064718,Clear,Gravel,1,3,Reckless Driving
ebf2e0a9,8/30/24,19:30,"New York, USA",73.828924,-94.285293,Snow,Wet,4,7,Reckless Driving
560face6,12/14/24,17:37,"Beijing, China",-47.954664,83.0925,Snow,Gravel,2,3,Drunk Driving
add8792d,1/27/24,2:15,"London, UK",-74.959948,-179.919607,Clear,Under Construction,2,0,Speeding
37cd2be7,2/11/24,0:59,"Paris, France",52.145676,7.090487,Rain,Icy,4,7,Weather Conditions
d7bb3c36,8/21/23,17:38,"Beijing, China",-79.007313,75.956275,Hail,Snowy,2,8,Drunk Driving
b2c84923,6/25/24,17:51,"Paris, France",-32.99088,-83.946039,Hail,Gravel,1,10,Reckless Driving
17fb4f6e,2/18/23,20:33,"New York, USA",-25.687431,-139.832284,Snow,Under Construction,5,5,Mechanical Failure
e1d95a9d,7/7/23,16:15,"Berlin, Germany",31.707462,22.840657,Fog,Gravel,1,10,Speeding
1707632f,6/2/23,20:00,"London, UK",-4.889287,-154.222038,Clear,Gravel,2,1,Speeding
35d985ff,7/15/24,20:08,"Berlin, Germany",-62.508368,-73.860279,Rain,Snowy,2,9,Drunk Driving
9f879268,6/17/23,4:35,"Beijing, China",-64.487148,165.750065,Storm,Dry,2,8,Mechanical Failure
e56e36cc,11/17/24,18:05,"Toronto, Canada",78.045092,-134.051653,Snow,Dry,5,7,Weather Conditions
fd3aafa1,6/8/23,5:12,"Tokyo, Japan",-50.914846,-127.73421,Fog,Under Construction,2,7,Reckless Driving
f6a9e6fa,12/14/23,13:17,"London, UK",-61.949578,-118.013461,Rain,Icy,5,8,Mechanical Failure
2af2e4b2,7/8/23,14:20,"Toronto, Canada",1.31084,63.815236,Snow,Gravel,2,10,Speeding
9031699d,11/21/23,20:46,"Sydney, Australia",39.958502,-174.602336,Clear,Dry,4,3,Drunk Driving
54c027d9,7/8/24,21:32,"Toronto, Canada",34.835964,177.67555,Storm,Wet,3,4,Mechanical Failure
d1d1cd3f,1/24/23,16:54,"Tokyo, Japan",59.359754,171.318439,Hail,Gravel,2,9,Drunk Driving
804dd9c1,11/4/23,0:04,"New York, USA",65.609835,166.980513,Fog,Dry,1,9,Reckless Driving
3d057289,10/17/24,15:54,"Toronto, Canada",-70.935616,-72.969282,Snow,Icy,1,1,Speeding
7d2f61f1,10/25/23,5:26,"Sydney, Australia",-75.88802,37.329427,Hail,Snowy,4,2,Weather Conditions
55e98d00,11/5/23,23:36,"Mumbai, India",-28.337647,-34.20378,Storm,Gravel,4,7,Mechanical Failure
3b18a67f,5/5/23,4:18,"London, UK",-41.366362,53.826777,Clear,Wet,5,6,Weather Conditions
24ab9b07,7/25/24,21:32,"Tokyo, Japan",18.513702,120.66227,Snow,Dry,2,3,Reckless Driving
3164ece6,5/8/24,21:39,"Berlin, Germany",-75.812972,-66.621826,Snow,Dry,5,4,Distracted Driving
e302c8d2,2/13/23,8:59,"Mumbai, India",-46.009838,-125.924836,Rain,Gravel,3,0,Reckless Driving
24402921,10/23/23,10:56,"Mumbai, India",74.581536,-118.145566,Storm,Dry,5,10,Speeding
f54d064a,10/26/24,5:48,"Berlin, Germany",80.107741,-118.868515,Rain,Gravel,4,2,Drunk Driving
3c18e348,7/1/24,8:50,"Beijing, China",-56.658792,102.758077,Hail,Dry,2,4,Distracted Driving
34349054,9/10/23,13:01,"Berlin, Germany",-73.631879,145.068301,Fog,Gravel,1,2,Drunk Driving
90ff58c1,11/9/23,2:33,"Mumbai, India",-15.690596,-12.825452,Snow,Snowy,2,3,Reckless Driving
e81c5c75,5/26/24,1:45,"London, UK",45.910524,18.538245,Storm,Wet,1,6,Weather Conditions
2a71be65,5/29/24,13:23,"Tokyo, Japan",62.42326,39.08263,Storm,Wet,3,8,Distracted Driving
5a77430e,3/29/23,22:34,"Beijing, China",9.444008,-97.742637,Hail,Icy,4,7,Distracted Driving
96f65a27,9/24/23,4:57,"Berlin, Germany",89.36486,-71.638729,Fog,Under Construction,1,10,Reckless Driving
11219dd6,6/9/24,9:27,"Paris, France",-81.611575,8.126016,Hail,Snowy,1,7,Speeding
f3605269,12/4/24,14:26,"Mumbai, India",66.102838,64.9153,Snow,Gravel,2,1,Distracted Driving
d8c8891f,7/1/23,6:29,"Sydney, Australia",-26.290935,118.710494,Rain,Snowy,5,4,Weather Conditions
ebcb3d12,11/10/23,0:28,"Berlin, Germany",-61.412092,-39.215201,Rain,Snowy,1,7,Speeding
78543143,6/20/23,23:12,"Berlin, Germany",-18.475872,67.226851,Fog,Snowy,3,7,Reckless Driving
d4f10713,2/17/23,8:55,"New York, USA",21.216358,-57.614488,Hail,Gravel,5,3,Speeding
62977856,4/17/24,14:28,"Paris, France",61.125387,40.492607,Hail,Under Construction,5,5,Mechanical Failure
d6cd9db9,6/21/23,3:02,"New York, USA",-65.897577,143.555033,Fog,Snowy,5,10,Drunk Driving
4.19E+46,2/7/24,13:47,"Paris, France",-73.134041,-71.550989,Storm,Icy,1,4,Drunk Driving
489e793f,2/13/23,7:59,"Paris, France",-34.523561,-159.987818,Fog,Dry,4,10,Reckless Driving
3ccf0e08,5/31/24,9:54,"Sydney, Australia",-3.994497,138.679076,Hail,Dry,1,1,Speeding
7a82bc7f,8/15/24,23:48,"Sydney, Australia",-14.474989,-73.497599,Hail,Gravel,5,4,Weather Conditions
49c955d8,9/25/24,3:23,"Sydney, Australia",7.529253,144.931727,Rain,Wet,3,0,Weather Conditions
d9027372,5/22/24,19:39,"Beijing, China",87.559662,-7.932229,Hail,Snowy,4,0,Distracted Driving
21d8822c,1/12/23,5:19,"New York, USA",-40.780695,159.31639,Hail,Wet,3,6,Distracted Driving
8d88fe85,1/7/23,10:58,"Tokyo, Japan",61.495554,-148.218829,Rain,Wet,3,5,Drunk Driving
cc83fecb,6/16/23,1:51,"Toronto, Canada",45.692299,-158.419705,Clear,Icy,3,1,Reckless Driving
171adbb0,9/18/23,18:04,"New York, USA",43.457043,-34.125384,Clear,Dry,2,7,Distracted Driving
59e23f98,11/4/24,20:47,"Mumbai, India",-61.441025,35.06454,Storm,Wet,4,2,Reckless Driving
1668ee7c,11/9/23,4:19,"Toronto, Canada",-87.021705,17.820223,Clear,Dry,3,9,Distracted Driving
eba9fd08,6/10/24,2:21,"Beijing, China",30.504119,-34.686089,Fog,Dry,1,5,Drunk Driving
1dc97c11,7/27/24,1:39,"Mumbai, India",28.77154,71.840984,Clear,Gravel,4,1,Reckless Driving
12068a47,11/18/23,11:08,"Berlin, Germany",28.437645,-144.456413,Snow,Gravel,3,0,Distracted Driving
0025183f,8/20/23,13:53,"Paris, France",3.343565,167.787225,Rain,Dry,3,3,Drunk Driving
af77b819,4/3/24,4:54,"Paris, France",26.860397,133.810443,Clear,Snowy,2,4,Reckless Driving
fef67669,10/15/24,6:56,"Beijing, China",-21.073979,-60.876511,Fog,Snowy,5,9,Distracted Driving
ecd68e7a,9/15/24,21:20,"London, UK",0.154784,-25.59246,Snow,Dry,4,6,Drunk Driving
ca878727,10/23/23,5:36,"Sydney, Australia",-28.122722,-108.213899,Fog,Dry,4,4,Speeding
e90477bd,9/28/23,13:08,"Sydney, Australia",-50.390088,58.365383,Fog,Snowy,4,3,Reckless Driving
2c209ed7,9/17/23,14:12,"Beijing, China",-65.409371,32.0293,Hail,Gravel,5,9,Weather Conditions
250ce13b,6/11/24,13:00,"New York, USA",-30.586499,-96.363388,Fog,Icy,3,3,Distracted Driving
d7dba269,9/8/23,13:07,"Tokyo, Japan",-87.110845,-165.789225,Snow,Wet,1,9,Drunk Driving
3166606e,12/19/24,0:57,"London, UK",-50.640354,-1.126844,Rain,Wet,2,4,Reckless Driving
0452fb72,9/15/24,12:03,"Berlin, Germany",78.9884,45.834368,Rain,Gravel,3,0,Drunk Driving
7153be73,8/5/23,18:13,"London, UK",-60.189045,3.791834,Snow,Under Construction,3,5,Speeding
23514597,5/13/23,19:18,"London, UK",-29.369755,-84.907614,Storm,Snowy,4,9,Reckless Driving
6.02E+211,7/23/23,3:38,"Berlin, Germany",18.12082,46.034438,Clear,Wet,2,6,Weather Conditions
0941357f,11/7/23,12:35,"Berlin, Germany",-70.919371,-13.291555,Snow,Snowy,5,3,Drunk Driving
8d8a1ea1,10/9/24,22:02,"Berlin, Germany",-11.814599,-56.526721,Rain,Dry,3,4,Reckless Driving
52587419,9/15/23,12:14,"London, UK",69.639104,176.30823,Hail,Dry,4,10,Speeding
6b0e60de,7/5/23,21:52,"London, UK",15.313252,12.075049,Fog,Under Construction,2,2,Drunk Driving
a475e71c,5/6/23,13:21,"Sydney, Australia",19.437955,103.145888,Rain,Dry,5,4,Mechanical Failure
a930e307,4/28/23,18:25,"Beijing, China",-25.544179,-106.960991,Clear,Icy,1,4,Reckless Driving
b63b4538,10/28/24,14:09,"Toronto, Canada",63.114156,-101.68237,Rain,Under Construction,4,8,Distracted Driving
cbba53c7,7/23/23,20:21,"Toronto, Canada",-29.180078,-85.542809,Rain,Gravel,4,5,Weather Conditions
0070f049,6/30/24,14:44,"Mumbai, India",66.898643,160.218227,Hail,Snowy,4,2,Reckless Driving
34f167f0,11/29/24,23:26,"Berlin, Germany",-59.128041,105.136469,Snow,Gravel,3,2,Mechanical Failure
bea72a6e,12/11/24,6:48,"Sydney, Australia",-46.822548,-68.232142,Clear,Snowy,5,2,Drunk Driving
09ee48e7,4/11/23,16:11,"Berlin, Germany",-85.854194,-62.238084,Hail,Icy,5,2,Mechanical Failure
c11f1195,1/1/23,5:20,"Paris, France",42.010446,68.364686,Rain,Under Construction,4,8,Mechanical Failure
24a1f734,3/4/23,20:40,"London, UK",-83.956382,115.340562,Rain,Gravel,5,5,Distracted Driving
928015ff,7/7/23,12:55,"Sydney, Australia",-14.742804,-109.914954,Rain,Gravel,3,9,Weather Conditions
cdcbfa1c,12/22/24,10:19,"Paris, France",48.507184,-179.861472,Hail,Dry,5,0,Weather Conditions
eb658fde,12/3/23,6:04,"Berlin, Germany",25.258116,-142.872551,Clear,Under Construction,1,0,Speeding
e5ea1d8f,9/7/23,16:12,"Berlin, Germany",-57.001351,-81.370821,Rain,Under Construction,1,6,Speeding
02330c3e,7/1/24,19:54,"London, UK",77.513864,136.719455,Rain,Gravel,3,3,Reckless Driving
6e6ce3cc,8/13/23,16:07,"London, UK",-15.219227,62.404635,Rain,Snowy,1,4,Distracted Driving
97cb6ea2,5/31/23,1:32,"Sydney, Australia",85.176253,138.29153,Clear,Snowy,3,7,Distracted Driving
f15f7751,7/8/24,7:21,"New York, USA",23.62017,-95.990655,Hail,Dry,1,5,Mechanical Failure
fa4d7ea8,7/19/23,14:57,"Beijing, China",-56.452618,88.159354,Snow,Under Construction,1,6,Mechanical Failure
a2e8c013,1/2/24,4:26,"New York, USA",-83.820832,75.503912,Rain,Wet,3,3,Mechanical Failure
f319efab,5/13/24,4:31,"Paris, France",-80.829589,-39.135496,Storm,Under Construction,5,0,Speeding
fa70dd57,7/20/24,9:18,"London, UK",9.133463,158.088927,Storm,Icy,1,9,Drunk Driving
4681091f,6/30/24,11:23,"Toronto, Canada",-65.637423,133.047535,Clear,Under Construction,3,6,Distracted Driving
bad90213,2/17/23,8:08,"Berlin, Germany",60.774083,97.359946,Clear,Gravel,4,5,Distracted Driving
fbb02e03,8/21/23,4:13,"Toronto, Canada",-47.48496,-89.874586,Rain,Wet,5,9,Reckless Driving
f11fad37,6/25/24,6:22,"Beijing, China",-19.880453,5.912017,Storm,Gravel,2,0,Reckless Driving
1e26f22b,3/18/23,4:40,"London, UK",32.094682,98.105448,Hail,Icy,2,3,Weather Conditions
a9de825a,7/19/24,17:16,"New York, USA",-48.846816,178.998626,Fog,Dry,2,9,Reckless Driving
4b203ffa,4/24/23,23:44,"Mumbai, India",-80.209203,92.253779,Fog,Wet,5,10,Mechanical Failure
03784d22,2/20/23,20:59,"Berlin, Germany",-44.028621,68.728966,Hail,Icy,1,5,Drunk Driving
532a3602,7/18/23,22:53,"Berlin, Germany",-22.838623,163.379356,Clear,Icy,1,1,Mechanical Failure
2990936,8/15/23,15:34,"Tokyo, Japan",54.261148,-177.332405,Fog,Under Construction,3,7,Reckless Driving
8514f7fb,11/26/23,7:24,"Paris, France",-45.160954,-89.730707,Hail,Snowy,2,2,Distracted Driving
ac99b7d3,7/7/24,3:47,"New York, USA",-48.724115,164.764832,Storm,Gravel,4,10,Distracted Driving
a8a288b7,9/1/24,15:53,"Paris, France",-2.549518,24.369118,Snow,Gravel,2,2,Reckless Driving
e2f208a2,10/25/24,23:43,"Berlin, Germany",-68.823257,112.89421,Hail,Snowy,4,5,Distracted Driving
cd564002,10/18/24,15:12,"Paris, France",66.411921,-179.813505,Clear,Dry,1,0,Mechanical Failure
4ee4fa9b,9/20/23,6:30,"Beijing, China",38.103924,-87.05081,Rain,Gravel,5,10,Mechanical Failure
3d3ccfdd,8/27/23,0:54,"Paris, France",70.888974,-115.109435,Rain,Icy,1,3,Weather Conditions
84896711,11/5/23,22:46,"Berlin, Germany",58.551054,-45.693725,Snow,Under Construction,3,4,Reckless Driving
f2f65757,4/19/23,7:21,"New York, USA",15.436093,-107.93984,Clear,Wet,4,3,Drunk Driving
7a5b96ab,11/20/24,14:19,"Berlin, Germany",59.260755,86.968954,Storm,Dry,3,0,Mechanical Failure
60b160b2,1/31/23,10:10,"Mumbai, India",64.062592,2.371298,Rain,Dry,3,5,Weather Conditions
abc68c7b,6/6/23,16:37,"Paris, France",68.901258,-149.695367,Storm,Gravel,1,8,Drunk Driving
018de586,1/6/23,5:42,"Beijing, China",-5.851277,-164.850214,Rain,Gravel,2,4,Reckless Driving
9fa6f330,12/6/23,7:43,"London, UK",-40.64088,120.411589,Fog,Under Construction,2,3,Drunk Driving
208de727,10/24/23,10:02,"Berlin, Germany",62.710258,-129.788394,Clear,Gravel,5,9,Distracted Driving
888d7319,1/19/24,4:09,"New York, USA",-29.990072,178.704031,Rain,Under Construction,1,0,Weather Conditions
ffcd6c28,8/6/23,13:19,"Berlin, Germany",41.737412,37.635253,Rain,Snowy,4,6,Weather Conditions
efe0fa9e,12/18/24,1:01,"Sydney, Australia",15.102668,-12.703305,Hail,Gravel,4,6,Distracted Driving
025e72e5,4/22/23,6:55,"Mumbai, India",-61.622695,175.293976,Fog,Gravel,1,3,Weather Conditions
7e81b5ce,6/26/23,13:56,"Tokyo, Japan",-1.682458,11.658752,Fog,Snowy,3,7,Distracted Driving
c5513ef0,5/3/23,0:46,"Beijing, China",34.168795,-1.852331,Storm,Snowy,3,9,Distracted Driving
9606df56,7/27/24,6:06,"Mumbai, India",40.866975,-156.521664,Hail,Icy,2,1,Reckless Driving
5260d799,2/16/23,10:05,"Beijing, China",-29.514144,-75.711298,Snow,Gravel,1,1,Distracted Driving
6f67ad96,4/5/23,5:50,"Sydney, Australia",76.040485,103.809293,Rain,Icy,3,6,Speeding
35aa0463,1/11/24,3:30,"Berlin, Germany",-23.932638,-66.108646,Hail,Under Construction,5,8,Drunk Driving
0f59fff0,5/24/24,4:33,"Toronto, Canada",-23.296867,177.306709,Rain,Icy,5,7,Weather Conditions
e62f609b,9/16/23,6:57,"Mumbai, India",0.815553,-70.549598,Storm,Under Construction,3,10,Speeding
cecb9727,7/29/24,18:45,"Toronto, Canada",-83.81425,21.879479,Fog,Under Construction,4,10,Drunk Driving
810d720a,7/8/24,19:58,"Paris, France",-53.459993,119.455568,Snow,Gravel,1,6,Reckless Driving
da7da185,10/24/24,20:39,"Mumbai, India",-85.335691,121.844372,Rain,Snowy,4,7,Distracted Driving
3b156a94,2/4/23,14:25,"New York, USA",-9.548419,149.261064,Hail,Dry,5,0,Mechanical Failure
3c0b54b7,6/28/24,2:17,"Paris, France",16.803588,149.746112,Hail,Gravel,3,3,Mechanical Failure
6aa26bcb,3/10/23,18:16,"Berlin, Germany",63.4442,-27.072496,Clear,Under Construction,1,8,Speeding
b7711d8c,9/16/24,22:17,"London, UK",89.734917,-89.391718,Clear,Gravel,4,2,Mechanical Failure
4d78b19f,8/16/23,13:17,"New York, USA",-49.159743,92.512321,Rain,Gravel,2,7,Distracted Driving
e41641c6,1/10/23,15:06,"London, UK",-73.686507,-174.649947,Rain,Under Construction,2,7,Reckless Driving
35a81c03,11/18/23,1:07,"Paris, France",-20.284587,-29.66202,Clear,Under Construction,3,7,Speeding
59bba709,11/11/24,21:09,"Paris, France",37.356941,92.848745,Storm,Gravel,2,3,Reckless Driving
4f367af5,10/23/24,8:19,"Tokyo, Japan",-33.085477,15.0739,Rain,Dry,1,4,Mechanical Failure
2a882b86,11/7/23,21:36,"Beijing, China",-29.203278,-3.200952,Snow,Dry,4,7,Mechanical Failure
98535f66,8/14/23,2:47,"Toronto, Canada",-5.545847,52.382997,Clear,Snowy,5,0,Speeding
dbc2fc38,8/18/23,4:55,"Paris, France",49.348284,-76.488981,Fog,Wet,5,9,Weather Conditions
b40e0da4,6/1/24,17:48,"Sydney, Australia",-86.136914,164.251204,Hail,Gravel,2,7,Distracted Driving
9f659f15,11/18/24,2:00,"New York, USA",17.746953,27.862319,Clear,Wet,1,2,Weather Conditions
0e5bdc6d,5/19/23,5:35,"Paris, France",73.940077,116.74021,Storm,Gravel,5,8,Mechanical Failure
1b304479,12/21/23,16:48,"Tokyo, Japan",-75.254391,57.745671,Storm,Wet,2,9,Reckless Driving
f05ba197,9/21/24,5:37,"Beijing, China",6.452847,78.638697,Storm,Gravel,5,5,Drunk Driving
291287ba,10/14/23,23:05,"Tokyo, Japan",-36.406458,-87.600694,Hail,Gravel,5,7,Drunk Driving
fe278028,11/13/23,17:19,"Beijing, China",20.740647,-11.325444,Storm,Snowy,5,8,Mechanical Failure
f379855e,7/6/24,15:25,"Paris, France",-10.048736,56.956862,Hail,Under Construction,4,4,Drunk Driving
e2e6eeb5,3/27/24,21:28,"London, UK",-23.414777,37.774994,Snow,Snowy,2,4,Weather Conditions
918f6817,10/9/23,19:38,"Mumbai, India",-50.923488,171.420813,Clear,Snowy,3,0,Reckless Driving
ef0b6340,1/5/23,16:03,"Sydney, Australia",-5.600095,-5.425503,Snow,Icy,5,9,Distracted Driving
7659ceb5,8/13/24,19:43,"New York, USA",58.618222,112.303799,Rain,Under Construction,1,6,Mechanical Failure
2a97dbbf,5/21/23,0:24,"London, UK",77.366802,-60.646421,Rain,Dry,3,10,Speeding
eca756ca,8/30/23,18:11,"Berlin, Germany",-21.693077,-28.388253,Storm,Wet,3,5,Reckless Driving
c214fdd1,8/30/23,4:45,"Toronto, Canada",32.421582,-2.378246,Clear,Icy,4,10,Distracted Driving
4870b3fd,4/25/23,1:28,"Toronto, Canada",-76.725141,-97.766093,Fog,Under Construction,4,8,Mechanical Failure
357b08f8,12/3/24,21:35,"Mumbai, India",10.426949,89.775976,Fog,Icy,4,4,Drunk Driving
f26be6a8,11/15/24,4:05,"Paris, France",-27.473908,79.165882,Rain,Wet,2,7,Drunk Driving
03689d9a,7/18/23,4:00,"Sydney, Australia",17.523646,-8.903642,Fog,Wet,4,8,Drunk Driving
09efe413,4/4/23,9:19,"Mumbai, India",84.047963,-23.523077,Storm,Icy,5,9,Reckless Driving
0bb69a97,11/18/24,1:07,"Tokyo, Japan",29.230703,170.438216,Storm,Gravel,3,7,Speeding
6389952e,4/3/24,16:53,"Berlin, Germany",58.416682,-167.039412,Fog,Dry,3,8,Drunk Driving
fdce527b,8/2/24,12:43,"Mumbai, India",-12.989498,134.982751,Rain,Wet,4,8,Distracted Driving
a3acc838,6/27/24,14:33,"Tokyo, Japan",-15.085161,-65.539718,Fog,Under Construction,1,6,Distracted Driving
163bd34d,9/29/23,14:27,"Mumbai, India",-20.831558,169.178183,Clear,Snowy,5,3,Reckless Driving
74ce5712,5/15/24,22:59,"Toronto, Canada",70.751077,64.835926,Rain,Dry,2,2,Drunk Driving
701f141a,1/23/24,23:18,"Toronto, Canada",79.854278,-172.975866,Clear,Wet,1,10,Weather Conditions
e9d5e906,12/20/23,20:35,"Berlin, Germany",24.863082,24.572148,Storm,Snowy,1,10,Weather Conditions
21c7f20e,8/25/24,1:57,"London, UK",12.505527,-145.897341,Snow,Dry,4,3,Speeding
934e80da,8/16/23,10:50,"Berlin, Germany",-41.215941,-160.550584,Hail,Wet,2,1,Distracted Driving
37b9c1b8,6/28/23,2:17,"Beijing, China",43.851115,23.709545,Fog,Wet,5,5,Distracted Driving
2f205d69,3/28/23,4:21,"Tokyo, Japan",-68.090638,-137.801526,Snow,Snowy,5,0,Distracted Driving
8034b4fd,1/22/23,21:52,"New York, USA",-44.779601,6.005089,Storm,Snowy,2,0,Reckless Driving
81aa8892,11/18/24,23:23,"Tokyo, Japan",32.985906,6.438751,Fog,Under Construction,2,6,Reckless Driving
273f22be,2/23/23,5:50,"Toronto, Canada",-34.184433,-111.607041,Clear,Under Construction,5,6,Drunk Driving
9bfd3f68,11/12/23,20:37,"London, UK",-29.108058,-118.055476,Snow,Under Construction,1,10,Drunk Driving
51e14e8e,5/6/23,13:56,"Sydney, Australia",-56.11515,140.011102,Storm,Under Construction,3,3,Reckless Driving
43d4d7d7,5/3/24,9:53,"Mumbai, India",-29.969248,-114.143082,Snow,Icy,5,0,Weather Conditions
86d693e0,11/27/23,21:05,"Beijing, China",-33.160301,166.143124,Fog,Icy,2,8,Drunk Driving
3f1b755c,11/7/24,20:06,"Beijing, China",-83.496705,71.439044,Clear,Wet,3,7,Speeding
7bda3ae1,2/27/23,9:51,"Toronto, Canada",53.742726,61.022343,Rain,Snowy,2,7,Weather Conditions
7281548c,11/12/23,16:46,"Sydney, Australia",-0.348191,167.385157,Hail,Dry,5,4,Drunk Driving
e4d70ce8,12/29/23,6:04,"Mumbai, India",85.708095,-27.749696,Hail,Dry,4,5,Reckless Driving
740f48fc,8/6/23,20:29,"New York, USA",-18.038504,38.692544,Storm,Gravel,3,2,Drunk Driving
c9b1fee4,12/29/23,13:18,"Paris, France",-52.536212,114.066081,Rain,Gravel,5,3,Mechanical Failure
72b446e0,2/15/23,14:32,"Tokyo, Japan",3.963811,-27.474036,Snow,Wet,2,10,Reckless Driving
23fafdd0,3/14/24,8:26,"Mumbai, India",5.584194,-161.446871,Rain,Under Construction,1,9,Distracted Driving
ec9d9404,1/20/23,19:45,"Sydney, Australia",-39.033527,-151.992757,Storm,Wet,5,1,Distracted Driving
6370b401,12/20/23,0:44,"London, UK",-66.442587,83.896413,Fog,Dry,4,8,Drunk Driving
636ebaa1,5/2/24,0:04,"London, UK",7.812124,-61.955714,Hail,Under Construction,4,10,Weather Conditions
1d8e6c6c,12/28/23,4:39,"New York, USA",10.283806,62.375,Clear,Icy,1,1,Weather Conditions
438b7a9b,3/14/24,18:44,"Beijing, China",34.785051,-157.080235,Fog,Under Construction,4,4,Weather Conditions
b7657c20,3/17/23,5:21,"Mumbai, India",-0.473589,-55.227642,Rain,Icy,1,5,Distracted Driving
1f8fd7f4,11/13/23,22:48,"Berlin, Germany",-87.239822,56.648497,Clear,Icy,4,5,Distracted Driving
94419cc8,12/11/23,22:45,"Mumbai, India",-28.791983,22.990057,Rain,Wet,2,9,Weather Conditions
93f47f1d,5/5/23,23:16,"Paris, France",3.569645,24.711403,Storm,Gravel,4,10,Distracted Driving
523f8731,4/13/24,3:16,"Berlin, Germany",-32.890933,177.67777,Snow,Dry,1,2,Reckless Driving
3cb9cf80,2/12/24,21:38,"Toronto, Canada",59.304565,-178.829186,Rain,Wet,5,2,Speeding
5758f831,3/27/24,12:32,"Beijing, China",18.934558,-111.026633,Hail,Gravel,4,4,Weather Conditions
233ec958,3/13/24,3:49,"Beijing, China",-30.922237,27.433568,Rain,Wet,5,8,Speeding
7ef24c6b,12/3/24,9:16,"Berlin, Germany",83.599957,140.913345,Snow,Wet,3,0,Drunk Driving
ce991a38,8/27/24,10:41,"Beijing, China",-76.944192,-164.317438,Hail,Gravel,1,9,Weather Conditions
d29e3fe1,5/16/23,5:40,"Mumbai, India",-42.587688,-143.374371,Fog,Under Construction,5,1,Reckless Driving
048f6a2f,3/5/24,15:24,"Toronto, Canada",9.216353,-56.390972,Hail,Gravel,3,7,Weather Conditions
aa9aa83b,3/5/23,17:38,"London, UK",-16.025346,34.417697,Rain,Under Construction,3,1,Speeding
46a5bc21,11/1/23,6:44,"Toronto, Canada",-59.494366,-14.59751,Clear,Gravel,1,1,Drunk Driving
80c69433,7/27/24,6:30,"Sydney, Australia",-55.288242,-163.389624,Clear,Under Construction,1,10,Reckless Driving
f4573682,12/21/24,6:32,"Berlin, Germany",71.226755,-94.040754,Clear,Dry,3,10,Drunk Driving
2ba6fa69,6/2/24,20:58,"Toronto, Canada",-34.3351,-135.057772,Fog,Wet,4,3,Reckless Driving
7428d032,10/23/23,8:10,"Paris, France",-28.12529,150.168173,Fog,Gravel,1,4,Weather Conditions
f333cc79,7/7/23,10:58,"Berlin, Germany",-40.401677,75.501299,Rain,Gravel,1,1,Distracted Driving
7d958caf,5/8/23,23:49,"Mumbai, India",-11.336411,100.397547,Fog,Gravel,1,7,Mechanical Failure
553142ed,7/6/24,6:53,"Mumbai, India",-43.887624,-113.180916,Snow,Icy,1,2,Weather Conditions
194a102f,10/19/24,0:01,"Toronto, Canada",9.138916,147.832568,Storm,Wet,1,5,Speeding
a64d943b,6/22/23,0:05,"Sydney, Australia",66.428492,26.377645,Rain,Snowy,4,1,Reckless Driving
2f934068,12/31/23,22:03,"Tokyo, Japan",-12.148081,128.07259,Fog,Gravel,1,5,Drunk Driving
d188392e,9/10/23,21:35,"Toronto, Canada",-1.089905,-89.242914,Clear,Wet,2,8,Reckless Driving
571577a0,6/4/24,6:51,"Berlin, Germany",58.721642,33.05778,Snow,Gravel,3,6,Drunk Driving
c5d0dbf4,3/22/24,7:57,"Sydney, Australia",-17.609549,-23.29014,Storm,Under Construction,4,0,Speeding
2103c5bf,6/7/23,8:38,"Sydney, Australia",12.077626,106.292459,Clear,Under Construction,3,6,Speeding
c9cfec5a,9/2/23,4:33,"Beijing, China",61.13292,37.92528,Snow,Icy,1,3,Drunk Driving
d9caf8df,11/24/23,8:15,"Tokyo, Japan",-32.423793,172.889065,Storm,Under Construction,3,0,Mechanical Failure
3780af5c,8/19/24,14:25,"London, UK",-68.273016,-17.259975,Clear,Wet,4,8,Reckless Driving
da027a33,7/23/23,4:37,"Paris, France",-58.118191,99.467598,Fog,Under Construction,4,9,Reckless Driving
f9be80d1,8/4/24,3:51,"Paris, France",13.233329,27.927049,Storm,Snowy,2,4,Weather Conditions
389eb3ef,6/25/23,21:59,"Toronto, Canada",-11.012064,89.513163,Rain,Wet,3,3,Drunk Driving
b09669b8,9/30/23,17:10,"Mumbai, India",26.179989,143.173042,Storm,Wet,4,8,Weather Conditions
9c23dd16,9/28/24,9:51,"Toronto, Canada",28.29655,84.039949,Fog,Snowy,3,5,Weather Conditions
6d9c39a5,5/22/23,4:41,"Paris, France",19.977309,-43.4265,Hail,Icy,1,9,Speeding
78f11469,9/23/23,4:33,"Beijing, China",-53.518422,-47.574816,Rain,Under Construction,3,3,Mechanical Failure
a8bf6f29,12/18/24,9:02,"Sydney, Australia",-77.14352,-96.120609,Rain,Icy,1,2,Weather Conditions
677e1a5a,7/26/24,15:22,"London, UK",-22.610474,-6.078664,Fog,Icy,2,6,Speeding
36ffc223,4/15/24,2:38,"Sydney, Australia",-53.548957,141.360453,Rain,Icy,2,1,Weather Conditions
95945c67,9/1/23,17:04,"Paris, France",-28.4859,-46.656293,Rain,Wet,5,4,Reckless Driving
793729df,6/18/24,21:59,"New York, USA",67.427194,-123.289243,Snow,Under Construction,2,2,Distracted Driving
303d8f96,2/15/24,12:28,"Mumbai, India",-7.582085,-168.15218,Fog,Snowy,4,4,Distracted Driving
384485d5,4/6/23,11:20,"Tokyo, Japan",42.336861,-115.37794,Clear,Gravel,2,6,Weather Conditions
cf7ec480,10/16/23,11:03,"Sydney, Australia",85.426366,51.117091,Rain,Snowy,1,1,Mechanical Failure
2f6bf47b,1/16/23,12:06,"Beijing, China",5.217136,1.42443,Rain,Snowy,4,1,Reckless Driving
6883192,7/23/24,0:14,"Sydney, Australia",-85.856943,40.24876,Snow,Dry,4,2,Weather Conditions
d823777b,9/18/23,3:15,"Sydney, Australia",74.320225,-121.826791,Rain,Dry,1,2,Distracted Driving
5e1acc62,8/11/24,23:12,"London, UK",-10.034653,-40.770805,Hail,Under Construction,5,2,Speeding
819b41c7,3/16/24,6:05,"Beijing, China",28.041792,123.236095,Hail,Gravel,3,10,Reckless Driving
190c72dc,11/10/23,13:37,"Tokyo, Japan",62.559928,165.761402,Fog,Gravel,4,0,Drunk Driving
8b5a441f,3/12/23,22:15,"London, UK",38.0451,97.399024,Snow,Icy,2,2,Mechanical Failure
b28c7eb7,3/21/23,4:48,"Beijing, China",33.241861,-177.122373,Snow,Icy,3,4,Weather Conditions
1bed6b15,5/15/23,16:57,"Tokyo, Japan",-82.384445,-98.914639,Rain,Dry,2,2,Drunk Driving
0aff2f17,4/27/23,21:02,"London, UK",-73.667264,159.997192,Rain,Icy,1,6,Mechanical Failure
0ca72b2c,1/6/23,12:46,"Beijing, China",-27.435298,27.782118,Fog,Snowy,4,4,Speeding
e5bc01fd,3/15/24,12:01,"Tokyo, Japan",-57.667127,100.124554,Hail,Wet,5,2,Speeding
835ce8d5,10/7/24,10:04,"London, UK",11.146433,-85.500257,Hail,Icy,2,5,Mechanical Failure
a8f91a2e,5/25/24,6:07,"New York, USA",-81.410434,32.032387,Hail,Icy,5,0,Reckless Driving
1aed6082,8/10/24,17:37,"Beijing, China",-74.210061,-146.67762,Rain,Wet,3,1,Distracted Driving
fd2d2da8,8/20/24,20:50,"Mumbai, India",-57.819768,-33.051231,Hail,Wet,5,7,Mechanical Failure
169c14a9,5/5/23,9:14,"New York, USA",-16.756349,23.957155,Rain,Under Construction,5,0,Distracted Driving
f2439e66,5/10/24,7:20,"New York, USA",14.46555,20.132349,Rain,Dry,1,6,Drunk Driving
122396d2,6/17/23,23:36,"New York, USA",-39.174436,-137.973116,Fog,Dry,2,4,Mechanical Failure
7c3ea827,12/16/23,23:10,"New York, USA",-54.443645,-139.565483,Rain,Snowy,4,1,Distracted Driving
c3094601,9/3/23,16:32,"London, UK",34.045395,141.280345,Fog,Under Construction,1,3,Reckless Driving
043cb6b2,11/17/23,0:25,"Mumbai, India",-30.823832,95.173694,Hail,Gravel,5,10,Drunk Driving
7e5b0fed,6/19/24,16:32,"Tokyo, Japan",73.231138,-142.337583,Hail,Under Construction,4,8,Reckless Driving
835b6e10,12/29/23,16:24,"Beijing, China",80.302329,-95.545638,Hail,Under Construction,1,10,Mechanical Failure
1c08c185,10/31/23,9:27,"Mumbai, India",-15.00255,-119.59583,Fog,Under Construction,3,6,Reckless Driving
208cb988,1/2/23,23:34,"Toronto, Canada",54.933406,52.97401,Snow,Snowy,3,2,Speeding
67018645,10/8/23,17:05,"New York, USA",35.195115,162.300148,Storm,Dry,4,7,Speeding
59951398,9/10/24,23:49,"Toronto, Canada",-79.860665,97.516912,Snow,Wet,1,7,Reckless Driving
e5c268d5,5/4/24,6:10,"Sydney, Australia",-40.188085,-32.642925,Fog,Icy,5,3,Drunk Driving
853cda1f,7/1/23,19:31,"Toronto, Canada",22.68892,-148.100966,Snow,Icy,2,2,Weather Conditions
bae9016a,5/15/24,6:19,"Paris, France",75.597059,-157.846076,Hail,Gravel,5,6,Drunk Driving
01a653c4,5/5/23,7:05,"Tokyo, Japan",-78.944236,-9.773471,Hail,Wet,4,9,Reckless Driving
99e6fbe8,5/24/24,16:08,"Sydney, Australia",11.73739,132.744851,Rain,Dry,4,1,Reckless Driving
3e871586,5/14/24,16:43,"Toronto, Canada",-42.090181,77.40447,Clear,Gravel,2,3,Reckless Driving
85829ff5,12/15/24,20:05,"Berlin, Germany",-11.978363,29.009633,Hail,Icy,5,4,Drunk Driving
6662578e,6/9/23,16:20,"New York, USA",-28.192376,-8.530897,Hail,Snowy,3,2,Speeding
d9c25ee4,7/7/23,1:44,"Berlin, Germany",-19.024357,8.098243,Clear,Dry,3,2,Reckless Driving
71ba8abb,2/3/24,13:21,"Beijing, China",-13.853064,3.264063,Rain,Snowy,1,9,Speeding
fc2c6764,9/26/24,5:55,"Sydney, Australia",29.125941,-48.794314,Storm,Under Construction,4,10,Drunk Driving
48687a3c,2/11/24,22:18,"Beijing, China",-46.150345,-94.055485,Snow,Dry,1,6,Drunk Driving
c2b50497,10/1/24,11:52,"Sydney, Australia",-7.861328,-106.861411,Storm,Under Construction,1,2,Reckless Driving
3eeb2bca,7/17/24,19:55,"New York, USA",40.068534,105.43986,Hail,Snowy,4,9,Distracted Driving
e2141436,12/17/23,1:18,"Mumbai, India",-24.523504,-0.978888,Clear,Icy,5,4,Drunk Driving
d750b4d4,8/8/24,14:19,"London, UK",-22.987561,31.13404,Snow,Dry,5,1,Drunk Driving
d416c1f9,2/1/24,21:51,"Berlin, Germany",8.17482,-116.043186,Hail,Snowy,5,7,Mechanical Failure
fffb0556,10/2/24,9:58,"Berlin, Germany",28.659917,49.019743,Storm,Icy,2,5,Drunk Driving
5d48ebc4,7/13/24,6:27,"New York, USA",-32.718786,118.56043,Storm,Snowy,5,10,Weather Conditions
79772372,9/20/24,9:25,"London, UK",-31.095741,-101.89486,Rain,Snowy,5,9,Speeding
8.15E+67,10/27/23,18:01,"London, UK",-43.797996,99.565924,Rain,Wet,4,9,Weather Conditions
085f21a1,12/11/23,18:52,"Toronto, Canada",-64.601309,-80.379843,Snow,Under Construction,5,3,Speeding
5ef748b8,4/20/23,0:25,"Paris, France",-61.036684,179.265868,Rain,Gravel,1,8,Reckless Driving
40a3c80d,9/30/24,21:15,"Mumbai, India",-86.20299,-128.886376,Hail,Wet,3,3,Drunk Driving
ac75e39f,2/23/23,6:15,"London, UK",13.905473,-110.581134,Hail,Gravel,5,5,Reckless Driving
16b4a09e,5/9/24,9:51,"Tokyo, Japan",-44.555263,110.73838,Hail,Wet,2,4,Drunk Driving
031e1376,10/9/23,13:54,"Toronto, Canada",87.785237,97.923479,Snow,Wet,2,7,Mechanical Failure
893f8675,6/29/24,23:02,"New York, USA",35.918113,-103.973675,Fog,Icy,4,8,Speeding
8ee99361,1/2/23,7:41,"Mumbai, India",-83.844115,-172.601133,Snow,Dry,2,5,Drunk Driving
8efac7d3,10/30/24,22:51,"Mumbai, India",-83.646736,-121.390597,Fog,Icy,5,2,Mechanical Failure
e6aa040f,2/26/24,0:14,"Toronto, Canada",-53.343019,168.20632,Hail,Dry,5,8,Distracted Driving
e44723d9,3/13/23,10:36,"Toronto, Canada",22.334507,124.92168,Clear,Dry,1,0,Speeding
102668b5,3/26/24,14:22,"Tokyo, Japan",66.692683,-144.738195,Fog,Dry,1,7,Speeding
513ec456,8/9/23,8:33,"New York, USA",-81.539884,76.320937,Hail,Snowy,2,5,Drunk Driving
5ba34461,10/30/24,7:17,"Toronto, Canada",87.457338,149.578127,Snow,Dry,2,7,Drunk Driving
0b7203c9,1/30/24,7:21,"Paris, France",71.009044,-178.592553,Fog,Gravel,3,3,Drunk Driving
ddf4e070,5/27/23,18:34,"New York, USA",72.922798,166.051812,Fog,Gravel,4,9,Speeding
35c67621,12/2/24,1:20,"New York, USA",73.380096,-132.371271,Clear,Dry,3,3,Speeding
1b788120,2/27/24,0:29,"New York, USA",83.805062,-34.113386,Hail,Gravel,2,5,Drunk Driving
2a74c0d0,4/5/24,5:57,"Beijing, China",62.539293,-56.93143,Hail,Wet,1,9,Weather Conditions
8ee06736,3/22/24,4:25,"Tokyo, Japan",15.286725,43.034846,Hail,Gravel,5,9,Drunk Driving
9dc644d3,3/13/24,5:24,"New York, USA",-13.916996,-176.317056,Hail,Dry,2,10,Speeding
560f13ed,6/6/23,19:04,"London, UK",-19.857948,56.353746,Storm,Dry,1,5,Mechanical Failure
4a25edbf,2/22/23,15:04,"Tokyo, Japan",-62.817112,-16.58344,Fog,Wet,3,4,Drunk Driving
eecc6602,7/29/24,12:46,"Berlin, Germany",81.745589,-50.483299,Hail,Wet,3,6,Drunk Driving
1d9ed74c,4/10/23,14:10,"Mumbai, India",4.037112,58.204441,Fog,Dry,2,6,Weather Conditions
ed4c75b2,11/7/23,17:55,"Paris, France",-73.440207,-64.946716,Snow,Gravel,2,7,Distracted Driving
b05e16a5,9/6/23,23:12,"New York, USA",84.917064,-21.00259,Fog,Under Construction,2,8,Speeding
01f0ffff,1/10/23,22:06,"Mumbai, India",-36.455929,116.227537,Fog,Gravel,3,3,Speeding
da047655,12/28/23,12:17,"Berlin, Germany",-10.689204,-149.03518,Rain,Gravel,1,6,Drunk Driving
064617ad,10/5/24,12:18,"Beijing, China",89.656374,126.656533,Storm,Dry,3,2,Speeding
6fc262ae,2/17/23,23:48,"Sydney, Australia",-34.610224,46.773363,Rain,Snowy,2,10,Weather Conditions
b64b87a3,12/31/24,16:45,"Berlin, Germany",56.490977,-87.281951,Rain,Snowy,4,7,Distracted Driving
5c7781f3,4/2/24,17:56,"Beijing, China",-14.008766,-136.839886,Storm,Icy,3,7,Weather Conditions
24e67e52,5/6/23,21:59,"Mumbai, India",65.042288,-165.218687,Snow,Snowy,2,7,Weather Conditions
73d2c16e,5/10/24,16:00,"Paris, France",-35.499278,-66.864688,Snow,Under Construction,5,0,Speeding
2fdc220d,12/12/23,18:07,"Beijing, China",71.16272,78.178118,Snow,Snowy,2,5,Drunk Driving
b2e3a07e,11/25/24,0:17,"London, UK",2.767684,-165.642189,Snow,Icy,2,3,Mechanical Failure
b7222d61,9/8/23,4:36,"Paris, France",54.132059,-113.184303,Clear,Wet,1,10,Distracted Driving
f1c8a612,3/12/23,21:48,"Beijing, China",-24.622972,-101.107835,Snow,Gravel,3,3,Speeding
6ff0bdde,1/27/23,14:06,"Tokyo, Japan",-56.593975,-38.574644,Hail,Dry,3,4,Reckless Driving
9cff1523,2/9/23,20:34,"New York, USA",-13.474085,84.800713,Clear,Snowy,1,1,Reckless Driving
3a252022,7/24/23,13:16,"Paris, France",-21.351003,-91.386466,Hail,Under Construction,2,6,Drunk Driving
f44b2f25,3/1/24,21:21,"Paris, France",26.38838,78.623522,Hail,Snowy,4,6,Reckless Driving
6cb79240,2/18/23,20:24,"Sydney, Australia",27.181663,-68.358227,Hail,Under Construction,4,1,Distracted Driving
c5177e4b,12/28/23,22:50,"Toronto, Canada",-67.119631,-38.57091,Snow,Snowy,5,6,Speeding
b0c3e0b7,7/12/23,22:19,"Beijing, China",-0.356273,64.522525,Rain,Under Construction,2,9,Distracted Driving
f77a7f2e,10/12/23,21:27,"New York, USA",-85.929462,-137.369466,Rain,Snowy,4,10,Speeding
30e87c1f,10/12/23,7:05,"New York, USA",43.589698,-169.265899,Snow,Icy,4,9,Distracted Driving
ba3a53d9,5/18/23,16:01,"London, UK",6.831695,-45.316483,Storm,Under Construction,1,9,Speeding
f4a5d7fc,9/30/24,1:59,"Sydney, Australia",47.659052,87.164488,Storm,Dry,4,0,Mechanical Failure
9c404067,10/4/24,12:22,"Mumbai, India",-75.728354,-6.05986,Rain,Under Construction,5,9,Reckless Driving
ec9e7997,12/20/24,3:43,"Toronto, Canada",-27.233504,158.901111,Storm,Snowy,3,4,Mechanical Failure
fa7af6a3,8/21/23,14:32,"Sydney, Australia",78.1375,-85.10418,Clear,Snowy,2,8,Speeding
b8ffa3fc,3/1/23,19:49,"London, UK",-45.544367,51.887618,Storm,Wet,5,10,Distracted Driving
5a962906,3/12/23,16:05,"Sydney, Australia",2.844648,-20.452934,Fog,Gravel,4,10,Reckless Driving
556f02b7,8/27/23,12:41,"London, UK",-4.465966,60.454589,Fog,Dry,4,1,Speeding
833ffdc0,11/19/23,12:34,"Sydney, Australia",79.615246,-170.130187,Rain,Under Construction,1,5,Drunk Driving
7646b7c8,9/10/24,18:25,"Mumbai, India",-18.25368,-35.06856,Fog,Wet,5,9,Reckless Driving
62f05bff,6/7/23,13:20,"Beijing, China",67.175704,157.329301,Clear,Wet,4,4,Weather Conditions
624e8b0b,9/8/23,20:41,"London, UK",-24.645253,-10.955122,Snow,Snowy,3,7,Speeding
4c0b0f79,7/4/23,19:13,"Sydney, Australia",-9.719816,173.121395,Storm,Dry,2,2,Weather Conditions
a4afb991,2/25/23,22:24,"Tokyo, Japan",-0.40428,144.878977,Fog,Snowy,4,10,Weather Conditions
98f0d2ff,12/27/23,8:55,"Tokyo, Japan",12.175324,105.263071,Hail,Snowy,1,4,Mechanical Failure
29b868b0,9/3/24,19:20,"Beijing, China",80.529767,168.158195,Clear,Wet,4,5,Weather Conditions
50a13313,5/4/23,13:36,"Mumbai, India",85.199042,-135.277162,Clear,Icy,4,4,Mechanical Failure
eff3e976,1/24/23,3:19,"Berlin, Germany",-62.519849,-27.936482,Snow,Gravel,2,7,Distracted Driving
0da2024d,8/3/23,19:39,"Mumbai, India",14.627528,-23.466502,Hail,Dry,3,0,Speeding
615b13c4,7/17/23,22:55,"Toronto, Canada",89.509805,-141.675243,Snow,Snowy,2,6,Weather Conditions
2f2a8214,11/3/23,5:06,"London, UK",36.177992,13.18644,Snow,Under Construction,3,1,Speeding
1b802853,10/15/24,15:12,"London, UK",26.655968,-86.501164,Rain,Wet,5,3,Mechanical Failure
f50808fe,5/4/23,19:16,"London, UK",75.645203,-41.25933,Clear,Wet,5,3,Distracted Driving
2c754489,11/13/23,6:41,"London, UK",22.758771,-7.854736,Clear,Under Construction,4,9,Distracted Driving
fbb3792a,12/10/23,9:10,"Toronto, Canada",73.520492,158.008734,Clear,Snowy,4,8,Reckless Driving
81f59a89,5/4/24,6:56,"Paris, France",34.720089,55.150261,Rain,Gravel,4,10,Distracted Driving
19cc999e,9/10/23,10:31,"New York, USA",-81.095559,-29.079631,Snow,Wet,5,2,Reckless Driving
8aac1aea,2/21/24,2:25,"Beijing, China",3.06457,-113.888283,Hail,Under Construction,3,10,Reckless Driving
74533b17,6/6/24,1:42,"Toronto, Canada",78.669856,43.863371,Clear,Icy,5,9,Drunk Driving
7ca11a42,1/14/23,16:38,"Paris, France",31.128835,46.41352,Hail,Wet,4,4,Speeding
f9f0c16a,2/26/23,3:25,"New York, USA",52.221983,-3.839641,Rain,Under Construction,1,7,Drunk Driving
b55c6238,1/13/24,19:21,"Toronto, Canada",34.877429,72.450854,Fog,Gravel,3,8,Weather Conditions
3ce4290c,12/9/23,7:11,"Sydney, Australia",-74.543073,-115.583972,Clear,Icy,4,0,Speeding
3d0e4033,4/12/24,19:23,"Paris, France",-31.786779,73.623123,Snow,Wet,2,6,Speeding
edbf1a18,10/28/24,8:28,"Toronto, Canada",-44.644968,43.910039,Storm,Wet,4,8,Distracted Driving
b7505777,1/10/23,2:18,"Berlin, Germany",-10.048268,-42.713185,Fog,Snowy,2,10,Mechanical Failure
510d1e55,10/12/24,17:02,"Mumbai, India",-29.036676,-83.818151,Snow,Snowy,4,1,Mechanical Failure
b4a08fb2,4/24/23,4:40,"New York, USA",-86.582325,8.931671,Fog,Icy,3,9,Weather Conditions
749fa6cd,7/10/24,15:31,"New York, USA",-56.750616,154.811316,Fog,Gravel,5,6,Mechanical Failure
1f71d6a7,5/27/23,5:14,"Tokyo, Japan",-59.719022,-130.769378,Hail,Dry,4,3,Mechanical Failure
0bcb8439,2/6/23,22:28,"Beijing, China",72.141699,-110.252621,Fog,Dry,2,5,Mechanical Failure
7ef8e383,8/18/24,16:59,"Sydney, Australia",21.714188,-94.656388,Snow,Snowy,4,7,Weather Conditions
db5e5358,5/14/23,20:32,"Sydney, Australia",24.085127,-149.711701,Clear,Wet,2,3,Speeding
dea99c34,2/9/24,10:41,"Toronto, Canada",44.327429,-80.047019,Clear,Dry,2,9,Drunk Driving
1499bee4,7/3/23,13:29,"Mumbai, India",71.1755,-46.217146,Snow,Icy,2,8,Distracted Driving
2b6339ff,5/5/23,7:52,"Sydney, Australia",11.261584,167.877841,Snow,Under Construction,1,7,Distracted Driving
d1283f01,9/19/24,23:03,"Toronto, Canada",-14.572737,20.851427,Snow,Gravel,3,6,Mechanical Failure
582f15a2,12/22/24,8:58,"Toronto, Canada",74.798313,-47.435508,Fog,Wet,2,6,Distracted Driving
738b5710,10/15/24,14:18,"Mumbai, India",-54.912163,107.435504,Rain,Icy,1,10,Drunk Driving
250ce7b5,5/28/23,23:35,"Sydney, Australia",-36.035838,-94.689355,Rain,Wet,2,6,Drunk Driving
428f8139,3/1/23,20:55,"Beijing, China",-84.901352,-146.411675,Rain,Icy,5,7,Mechanical Failure
93778d7c,9/12/23,2:15,"Tokyo, Japan",-71.710103,147.537926,Snow,Icy,4,5,Distracted Driving
5c17acd8,1/14/24,14:30,"Tokyo, Japan",-33.92016,-148.789467,Hail,Wet,5,4,Weather Conditions
5fc54adc,9/24/23,20:16,"Paris, France",-10.431242,-177.410786,Clear,Wet,2,2,Weather Conditions
860f80de,1/7/23,8:17,"Toronto, Canada",-47.240002,-63.016988,Snow,Wet,2,4,Drunk Driving
b20f30c9,6/3/23,7:16,"New York, USA",28.724517,143.620197,Storm,Under Construction,4,1,Weather Conditions
8a80428e,4/16/23,12:23,"Beijing, China",-86.029203,28.126612,Fog,Icy,4,5,Mechanical Failure
d0e2d69e,1/6/23,18:31,"Berlin, Germany",35.599092,158.341953,Clear,Gravel,4,3,Speeding
e2be681f,6/30/24,11:16,"London, UK",-1.524289,151.120109,Storm,Wet,2,10,Mechanical Failure
00dc77fb,7/7/24,23:15,"Beijing, China",60.683336,-64.955578,Fog,Gravel,3,10,Mechanical Failure
41a70271,10/22/24,3:49,"Tokyo, Japan",45.015988,130.667985,Snow,Gravel,1,2,Speeding
f6e35ed9,5/13/24,0:02,"Toronto, Canada",-9.276205,31.59155,Clear,Wet,5,9,Mechanical Failure
69752818,6/9/23,1:52,"Berlin, Germany",11.585881,-24.383554,Clear,Dry,2,3,Speeding
8ff21958,5/16/24,4:21,"New York, USA",76.926398,-120.864975,Rain,Dry,3,2,Distracted Driving
8d8be642,2/18/23,20:52,"Sydney, Australia",12.621922,-63.818555,Fog,Snowy,1,8,Speeding
1267a08d,6/1/24,2:05,"Mumbai, India",-24.465144,3.407011,Hail,Gravel,3,1,Speeding
413958a7,3/3/23,20:50,"Mumbai, India",49.88438,141.882602,Fog,Wet,4,9,Weather Conditions
6fc0ce62,5/10/23,8:37,"New York, USA",-27.609511,88.620338,Storm,Under Construction,3,6,Weather Conditions
a0ef7cf8,7/10/24,17:32,"New York, USA",42.999354,41.932164,Clear,Dry,2,0,Mechanical Failure
d999f2f4,11/29/23,23:36,"Sydney, Australia",65.653997,62.796607,Snow,Dry,4,0,Weather Conditions
d6d0a631,3/12/23,11:45,"Tokyo, Japan",-37.567697,6.487509,Clear,Icy,4,2,Drunk Driving
b11a608b,1/6/23,11:41,"Berlin, Germany",-71.77248,168.55133,Clear,Under Construction,5,2,Weather Conditions
04701d48,6/3/23,1:34,"London, UK",-14.01441,112.037796,Fog,Wet,3,3,Reckless Driving
ba314a48,5/12/24,15:19,"London, UK",-56.567811,-179.195169,Snow,Under Construction,3,1,Drunk Driving
7f542c17,8/26/23,17:51,"London, UK",72.512628,-132.979586,Snow,Gravel,2,7,Speeding
df2c0097,6/14/23,11:16,"Mumbai, India",-82.886529,41.867645,Snow,Snowy,1,6,Reckless Driving
48a8b2a1,10/24/24,9:55,"Mumbai, India",42.279796,13.777995,Snow,Dry,1,2,Distracted Driving
7a70fa65,5/4/24,4:44,"Paris, France",45.872364,-157.402235,Hail,Gravel,5,5,Mechanical Failure
691f2ea4,12/17/24,9:00,"Tokyo, Japan",80.413667,-13.870439,Clear,Snowy,3,7,Mechanical Failure
296d5e94,8/23/24,11:58,"Sydney, Australia",27.148795,37.079237,Hail,Snowy,3,6,Reckless Driving
bf09990e,9/1/24,14:41,"Sydney, Australia",-63.222368,-65.486695,Clear,Wet,2,4,Mechanical Failure
d6a55e6f,9/1/24,14:27,"Paris, France",-42.866255,-160.476134,Storm,Wet,3,10,Reckless Driving
9a0b210c,10/8/23,7:14,"New York, USA",-21.475939,-82.989123,Fog,Dry,1,5,Drunk Driving
9a0cf67b,8/8/23,9:18,"Berlin, Germany",68.779491,-61.758062,Snow,Dry,5,4,Drunk Driving
67f11ba1,7/7/24,1:34,"Paris, France",84.455803,116.073694,Clear,Under Construction,3,5,Distracted Driving
99382b24,11/27/23,9:18,"Tokyo, Japan",-62.578575,66.901805,Rain,Dry,3,6,Weather Conditions
8f0328e3,12/26/23,10:48,"Sydney, Australia",-26.381622,45.147253,Fog,Snowy,2,10,Drunk Driving
58c2da69,10/30/24,21:48,"Tokyo, Japan",-71.609605,-146.2214,Fog,Dry,5,2,Mechanical Failure
9df381a4,1/22/23,7:27,"New York, USA",-47.246792,60.75475,Fog,Under Construction,1,6,Speeding
0b70f2f5,11/28/23,19:42,"London, UK",77.977366,13.672807,Rain,Gravel,3,7,Speeding
754184d3,6/17/24,20:58,"Sydney, Australia",73.987852,-163.99751,Clear,Dry,5,8,Speeding
6ebf8972,7/16/23,0:44,"New York, USA",17.294614,24.535164,Storm,Snowy,3,0,Speeding
c5544735,4/26/24,9:59,"Paris, France",-52.88538,-68.602273,Snow,Icy,1,7,Distracted Driving
dc0f921f,10/13/23,17:27,"London, UK",-82.570233,43.35946,Storm,Snowy,2,2,Speeding
8381ffb9,11/1/24,4:34,"Berlin, Germany",85.367287,-145.795253,Rain,Wet,3,7,Weather Conditions
9bcee4d1,5/30/24,1:05,"Mumbai, India",23.262632,-42.033977,Storm,Wet,5,2,Weather Conditions
bcec0fc5,7/10/23,11:47,"Paris, France",8.916617,-86.08847,Hail,Wet,2,6,Distracted Driving
ee616292,7/14/23,11:13,"Mumbai, India",13.169413,132.848656,Storm,Under Construction,2,1,Speeding
4889642d,2/7/23,12:48,"Mumbai, India",-22.546826,-92.974467,Snow,Dry,2,1,Weather Conditions
44414354,7/16/23,7:39,"Berlin, Germany",-3.31985,99.031681,Fog,Snowy,5,10,Distracted Driving
9726099b,8/21/23,5:25,"Tokyo, Japan",44.834736,-50.912655,Storm,Dry,4,2,Drunk Driving
31ad8e4a,8/10/24,6:03,"New York, USA",69.352266,49.908613,Clear,Dry,2,3,Mechanical Failure
504ec3d5,3/3/23,12:13,"Tokyo, Japan",37.424539,56.465333,Snow,Snowy,4,8,Drunk Driving
d4b7d520,9/16/24,2:43,"Mumbai, India",-51.77015,34.736045,Rain,Dry,5,3,Distracted Driving
94c2f93d,1/15/23,6:03,"Sydney, Australia",-78.287623,-171.447156,Fog,Wet,4,6,Mechanical Failure
acb1ee35,1/20/24,7:11,"New York, USA",-13.179427,-2.076249,Hail,Gravel,4,3,Speeding
c302786f,11/12/24,8:39,"Toronto, Canada",-66.435509,141.273027,Storm,Icy,5,9,Mechanical Failure
014ec9dd,1/29/23,2:45,"London, UK",-15.735222,-98.089071,Hail,Dry,4,10,Mechanical Failure
c1024d97,12/6/23,7:56,"London, UK",-56.266323,-34.356313,Rain,Icy,2,7,Weather Conditions
5bf57344,3/19/24,1:45,"Toronto, Canada",-56.158339,111.954905,Storm,Wet,3,6,Mechanical Failure
0d290d4d,7/28/24,4:53,"Tokyo, Japan",32.933702,122.152141,Clear,Wet,5,0,Speeding
f237f17e,11/11/24,11:04,"Berlin, Germany",-34.543157,-18.284555,Rain,Under Construction,3,0,Weather Conditions
e74f7e14,5/27/24,0:47,"Mumbai, India",-24.069869,-165.198657,Fog,Icy,5,10,Reckless Driving
a50b180c,4/19/24,0:36,"Toronto, Canada",76.821901,-157.457649,Clear,Icy,4,5,Weather Conditions
6ff980e1,6/14/23,10:34,"Mumbai, India",1.053916,62.700677,Clear,Dry,2,5,Weather Conditions
1910c7db,4/18/24,1:06,"Sydney, Australia",74.171929,1.316875,Clear,Dry,4,3,Drunk Driving
6b28308c,11/19/23,16:03,"New York, USA",-88.983801,124.765119,Storm,Icy,2,2,Reckless Driving
83647751,6/30/23,11:41,"New York, USA",-23.221528,16.126873,Clear,Under Construction,3,4,Speeding
0ea1a6f4,11/14/24,18:51,"London, UK",-77.640456,30.680174,Rain,Dry,3,4,Reckless Driving
5d4b2d82,10/27/23,23:31,"Tokyo, Japan",-3.427427,62.683272,Clear,Under Construction,2,9,Distracted Driving
7e561aed,2/28/23,10:49,"London, UK",50.463748,160.023825,Hail,Dry,1,1,Speeding
45cfea53,10/2/23,12:16,"New York, USA",3.087022,-118.995594,Clear,Gravel,2,9,Distracted Driving
ebb8b353,1/14/23,19:31,"Beijing, China",17.842099,-18.452059,Fog,Icy,4,2,Mechanical Failure
38f80f79,11/19/24,4:10,"Mumbai, India",-65.98915,-110.095334,Snow,Dry,2,7,Reckless Driving
df3b194c,12/1/23,11:36,"Paris, France",88.145358,-117.286909,Hail,Wet,3,1,Speeding
2b9573c0,4/20/24,23:20,"Mumbai, India",-17.154354,-56.041247,Clear,Gravel,1,3,Drunk Driving
4f569638,1/12/24,6:41,"Paris, France",-7.203349,-11.067377,Fog,Under Construction,2,9,Reckless Driving
6fc8bcf8,8/8/24,10:42,"London, UK",-56.735782,175.31921,Rain,Under Construction,3,1,Drunk Driving
add2618b,7/23/23,15:31,"Paris, France",46.445688,32.585627,Rain,Under Construction,2,6,Weather Conditions
c1aaa664,7/7/23,6:44,"Toronto, Canada",-60.326282,-60.810036,Storm,Icy,5,9,Drunk Driving
cb464a51,5/11/24,23:26,"Mumbai, India",-57.324225,88.569574,Storm,Dry,2,1,Drunk Driving
cf8f9c67,11/7/24,5:10,"Mumbai, India",64.273005,48.631223,Rain,Under Construction,1,9,Mechanical Failure
6d7d18e3,8/29/23,19:55,"Mumbai, India",73.701184,17.866584,Fog,Gravel,5,8,Speeding
3e065013,3/29/23,22:50,"New York, USA",-89.156409,56.257229,Storm,Wet,3,6,Speeding
236bece9,4/10/23,6:42,"Berlin, Germany",-34.700312,140.101832,Snow,Dry,3,6,Speeding
5e09cd3f,12/6/23,12:49,"New York, USA",-46.70898,137.404564,Fog,Icy,5,5,Mechanical Failure
ec0e27bc,3/2/23,7:22,"Berlin, Germany",70.381903,153.994945,Snow,Under Construction,4,9,Weather Conditions
abda4663,1/14/24,16:19,"Sydney, Australia",-40.239459,-111.454539,Rain,Icy,5,2,Mechanical Failure
6aa013c7,1/11/23,15:28,"Tokyo, Japan",-24.707357,-113.525152,Storm,Gravel,1,2,Weather Conditions
1a90eba4,5/19/24,17:04,"New York, USA",-33.450288,-160.780937,Clear,Snowy,3,7,Speeding
4917295f,7/14/24,13:28,"Toronto, Canada",-32.485266,90.007733,Fog,Snowy,2,5,Mechanical Failure
fe4e6163,8/13/23,8:23,"Toronto, Canada",-5.759831,-48.976251,Clear,Icy,2,1,Mechanical Failure
7c6120b3,11/11/23,8:19,"Berlin, Germany",-64.094116,3.129658,Storm,Icy,4,2,Mechanical Failure
112ffa4c,10/19/24,2:21,"Beijing, China",-88.284295,15.548605,Hail,Wet,2,6,Mechanical Failure
8854cfd4,11/30/23,11:07,"Mumbai, India",57.297029,-48.478359,Storm,Snowy,1,2,Distracted Driving
2329a7c9,10/26/23,20:42,"Beijing, China",9.20647,-18.544673,Hail,Icy,3,2,Drunk Driving
cc249140,5/24/23,12:36,"Berlin, Germany",-21.185406,83.677515,Rain,Gravel,3,10,Reckless Driving
e5f9f862,8/6/24,2:12,"Mumbai, India",-45.443113,-148.018584,Fog,Under Construction,1,3,Mechanical Failure
649fcc13,8/29/24,15:53,"Mumbai, India",-57.066011,53.72971,Fog,Wet,5,10,Mechanical Failure
bac4f67e,6/5/24,1:19,"Tokyo, Japan",46.188662,-19.203256,Storm,Wet,1,5,Reckless Driving
626eb50d,10/11/23,3:32,"Berlin, Germany",-65.15009,45.136836,Storm,Dry,4,8,Drunk Driving
1ff6ee90,12/20/23,7:31,"Sydney, Australia",-42.370479,137.800632,Snow,Dry,5,0,Reckless Driving
fe7ff6d3,11/16/24,20:57,"Paris, France",6.699612,-91.512588,Snow,Dry,4,8,Reckless Driving
75ca6e83,1/11/24,13:09,"New York, USA",2.213305,128.218134,Clear,Gravel,2,3,Drunk Driving
50836cda,7/3/24,0:43,"Beijing, China",-18.315945,-112.565932,Fog,Gravel,3,4,Distracted Driving
7f76203b,4/18/23,17:49,"Sydney, Australia",-14.035297,-168.122078,Snow,Icy,5,2,Weather Conditions
1bb44559,3/16/24,23:11,"Beijing, China",-36.367427,-53.458017,Clear,Dry,4,7,Speeding
667b18d5,9/26/23,18:46,"Berlin, Germany",58.450847,-113.618173,Rain,Icy,5,3,Distracted Driving
99d4e9a5,5/10/23,4:27,"London, UK",-20.393873,-156.364301,Fog,Icy,4,3,Reckless Driving
b352f63a,5/5/23,8:01,"Mumbai, India",36.667144,-91.484786,Snow,Under Construction,4,9,Reckless Driving
0d0b62a8,2/19/24,10:27,"Tokyo, Japan",55.056054,102.498884,Fog,Icy,3,4,Speeding
fb1b6db1,8/31/23,23:52,"Tokyo, Japan",67.44449,162.268936,Clear,Dry,3,4,Distracted Driving
b19086a6,6/28/23,0:32,"New York, USA",-75.238712,169.391771,Fog,Dry,2,2,Mechanical Failure
9dac0dab,5/8/24,7:58,"Mumbai, India",-19.976942,2.800687,Fog,Gravel,5,8,Distracted Driving
13074d64,9/11/24,5:57,"New York, USA",26.860517,-36.328439,Clear,Wet,4,5,Mechanical Failure
31738949,1/20/23,7:18,"Tokyo, Japan",10.605765,-57.863786,Rain,Gravel,3,3,Distracted Driving
ec0db6d3,6/30/23,19:37,"Paris, France",74.929799,178.96518,Rain,Under Construction,3,3,Distracted Driving
8b4ed02a,3/9/23,4:23,"Paris, France",-44.364988,114.356862,Rain,Dry,2,8,Drunk Driving
4e364259,3/13/23,14:15,"Paris, France",61.786421,9.3044,Rain,Wet,2,5,Reckless Driving
605566f0,6/25/24,2:02,"Mumbai, India",-89.460649,2.840434,Hail,Dry,3,2,Reckless Driving
88e151f3,2/7/23,21:49,"Paris, France",9.49164,-63.175705,Clear,Under Construction,2,5,Reckless Driving
294c505e,9/19/24,5:03,"Sydney, Australia",-5.006914,87.190329,Hail,Snowy,4,5,Mechanical Failure
a7ebf77c,11/11/24,15:06,"Toronto, Canada",-51.446762,-168.532663,Clear,Wet,5,2,Distracted Driving
746b42ef,4/19/24,10:14,"Sydney, Australia",38.288287,-108.851333,Clear,Gravel,3,1,Reckless Driving
6447d1af,3/19/24,8:13,"Berlin, Germany",54.436093,-40.353218,Fog,Gravel,5,7,Reckless Driving
726e6424,7/10/24,2:32,"Mumbai, India",-47.609343,121.875978,Storm,Snowy,4,9,Mechanical Failure
95cc0843,11/17/23,6:28,"Mumbai, India",-16.206781,138.642404,Rain,Under Construction,2,1,Weather Conditions
edf5e7e2,4/19/23,4:02,"Toronto, Canada",78.120731,-171.273889,Rain,Gravel,3,5,Mechanical Failure
07b7dcec,1/19/23,11:58,"Beijing, China",-67.89812,38.839805,Storm,Dry,2,6,Reckless Driving
071177fa,2/20/23,4:13,"London, UK",26.73058,41.809252,Snow,Under Construction,3,2,Mechanical Failure
b0f5d867,12/16/24,2:47,"London, UK",76.463862,19.30815,Hail,Under Construction,5,0,Weather Conditions
9b041437,10/13/24,2:32,"Mumbai, India",57.318181,-67.424123,Clear,Dry,2,0,Weather Conditions
d3ffdd71,3/20/24,2:20,"New York, USA",-74.013298,108.333704,Storm,Snowy,4,8,Drunk Driving
c3270131,5/18/23,5:13,"Tokyo, Japan",-58.209484,-15.755765,Rain,Dry,3,5,Distracted Driving
845211d2,12/1/24,1:06,"Berlin, Germany",81.994774,-6.73153,Rain,Snowy,1,1,Mechanical Failure
da131706,7/9/24,9:23,"Sydney, Australia",-28.968239,66.515924,Snow,Wet,4,5,Speeding
f23d869d,4/19/23,22:18,"Sydney, Australia",10.29283,2.264588,Rain,Gravel,2,10,Distracted Driving
f872f748,11/14/23,17:30,"Mumbai, India",-7.241142,172.832395,Storm,Dry,2,9,Drunk Driving
77725b94,9/24/23,17:30,"London, UK",-27.040827,60.488575,Storm,Dry,1,2,Speeding
e824be9e,2/2/24,18:49,"Beijing, China",-46.888794,4.413162,Storm,Dry,1,4,Drunk Driving
4e5da060,10/19/24,19:38,"Sydney, Australia",34.254519,-20.752161,Clear,Wet,2,6,Mechanical Failure
190c365d,12/3/23,23:47,"Toronto, Canada",-29.002033,-122.970472,Hail,Gravel,1,8,Speeding
9a410df3,2/28/23,6:15,"London, UK",14.628965,98.352611,Hail,Icy,4,3,Reckless Driving
c95d84f9,5/26/23,14:35,"New York, USA",-49.984546,162.022799,Storm,Wet,4,2,Mechanical Failure
bdca5da0,8/23/24,10:09,"London, UK",-28.798615,-58.802592,Hail,Gravel,3,1,Reckless Driving
9ca2a4a4,2/7/23,19:34,"New York, USA",58.818929,150.34734,Rain,Under Construction,1,0,Weather Conditions
3d75a7cd,6/18/24,14:21,"Berlin, Germany",-6.296784,13.562651,Hail,Under Construction,1,4,Mechanical Failure
0a417066,3/28/23,15:42,"Berlin, Germany",-26.185627,66.213167,Fog,Under Construction,5,2,Distracted Driving
46bbeab2,9/28/23,20:42,"New York, USA",-72.857156,-73.3546,Clear,Gravel,1,6,Mechanical Failure
aa81d0da,1/16/23,15:12,"Toronto, Canada",-82.550845,-94.195439,Fog,Gravel,4,9,Speeding
414a87a6,4/8/24,4:04,"Sydney, Australia",24.664297,-113.130779,Fog,Gravel,5,9,Weather Conditions
60699c60,4/22/23,3:20,"Tokyo, Japan",80.583135,-57.797917,Storm,Wet,5,0,Reckless Driving
512c9958,4/9/24,23:41,"Sydney, Australia",47.580264,46.975497,Snow,Gravel,4,3,Reckless Driving
96bbe77f,4/1/23,12:04,"New York, USA",-81.841805,-4.537038,Storm,Wet,5,8,Distracted Driving
fc51d84e,5/28/24,9:52,"London, UK",-16.506858,-111.704349,Storm,Snowy,2,0,Weather Conditions
5aa6438d,9/10/24,5:53,"Sydney, Australia",-7.717974,96.777895,Fog,Dry,1,2,Reckless Driving
7eb97317,1/4/23,14:21,"Tokyo, Japan",16.706108,-3.437792,Rain,Icy,1,3,Mechanical Failure
7292fba6,1/20/24,11:07,"Tokyo, Japan",60.401425,-47.591272,Snow,Wet,4,7,Mechanical Failure
d33e5d42,1/14/23,6:49,"Sydney, Australia",55.573495,139.288544,Hail,Under Construction,1,2,Mechanical Failure
89d66b12,7/24/23,14:18,"Mumbai, India",-13.012199,-128.972688,Storm,Snowy,3,6,Speeding
2435c7e2,3/8/24,6:57,"Mumbai, India",-42.755577,13.476614,Snow,Snowy,3,10,Mechanical Failure
3b6a45ae,4/29/23,2:03,"Tokyo, Japan",-7.705093,-15.459302,Snow,Dry,5,4,Speeding
7e8aaa10,4/20/24,9:34,"Beijing, China",36.973402,61.275228,Clear,Gravel,1,1,Drunk Driving
05a1c82d,12/2/23,10:29,"Mumbai, India",-26.100441,78.93898,Hail,Under Construction,3,8,Reckless Driving
27f7b08e,2/1/24,23:23,"Tokyo, Japan",-86.883143,-136.412497,Clear,Icy,4,10,Drunk Driving
4e10133d,1/17/23,2:00,"Mumbai, India",6.309268,-170.621272,Snow,Gravel,1,2,Distracted Driving
98d5ce38,5/16/24,13:15,"Paris, France",-27.637107,45.932168,Snow,Wet,5,10,Mechanical Failure
35e788aa,2/26/23,10:23,"London, UK",74.028039,37.689542,Rain,Icy,4,4,Weather Conditions
3d82e794,8/25/23,14:28,"Paris, France",-64.421239,68.358561,Snow,Snowy,3,9,Reckless Driving
352d35d9,2/7/23,19:28,"New York, USA",-29.851293,153.301154,Clear,Gravel,1,3,Distracted Driving
d3247ea1,11/19/24,11:24,"New York, USA",-56.426376,117.697697,Snow,Snowy,2,8,Weather Conditions
713f662c,11/6/24,23:22,"New York, USA",-14.66257,134.660726,Fog,Dry,5,1,Distracted Driving
e251b29c,5/4/24,3:03,"Mumbai, India",33.922481,29.18086,Clear,Under Construction,4,4,Weather Conditions
615dbda2,6/16/24,23:57,"London, UK",-34.519437,155.069596,Hail,Snowy,3,6,Drunk Driving
9227618e,6/27/23,16:52,"Mumbai, India",78.97345,115.681006,Hail,Gravel,4,2,Reckless Driving
1fcde9d6,2/22/23,13:43,"London, UK",43.13271,67.195922,Fog,Snowy,1,9,Reckless Driving
11193690,4/16/23,23:04,"Paris, France",75.263627,18.173164,Hail,Wet,5,5,Mechanical Failure
6212d3f9,2/5/24,3:31,"Beijing, China",-9.660284,-2.750823,Rain,Snowy,5,3,Weather Conditions
42eae771,11/1/24,2:35,"Paris, France",-1.849729,-157.123877,Fog,Under Construction,2,2,Drunk Driving
1f23d185,4/28/24,2:00,"Mumbai, India",-83.6302,-173.589239,Fog,Icy,2,2,Distracted Driving
158495a5,2/14/24,5:55,"Paris, France",-38.862796,138.193121,Clear,Snowy,5,8,Mechanical Failure
39d1bc74,7/15/23,3:16,"Sydney, Australia",87.537224,-14.894355,Rain,Dry,3,3,Drunk Driving
ed5cd0c6,5/12/24,0:43,"Paris, France",17.62481,165.207183,Fog,Wet,3,6,Reckless Driving
857d5c62,5/8/24,11:42,"London, UK",73.794154,-107.414047,Fog,Snowy,1,7,Drunk Driving
e08a9409,12/18/24,15:12,"Toronto, Canada",-7.380096,45.244729,Clear,Under Construction,1,6,Drunk Driving
888e4b8c,1/16/24,13:08,"Paris, France",-39.786538,14.158361,Snow,Gravel,5,8,Mechanical Failure
dbfdb731,3/5/24,17:52,"New York, USA",25.634777,-150.689818,Hail,Wet,4,4,Weather Conditions
54b07d76,6/29/24,22:34,"London, UK",-72.321987,71.917502,Hail,Under Construction,2,2,Weather Conditions
a3b04ea3,3/25/24,12:10,"Toronto, Canada",85.409405,-149.763995,Rain,Under Construction,1,8,Speeding
9e790703,7/3/23,17:35,"Toronto, Canada",89.384113,-18.015677,Hail,Snowy,5,2,Weather Conditions
e14fbc1c,7/18/24,18:36,"Sydney, Australia",-4.470042,164.818046,Snow,Wet,1,8,Reckless Driving
b2c574da,3/7/23,0:40,"London, UK",42.545276,148.542109,Snow,Icy,2,5,Reckless Driving
cbd31908,5/31/23,2:37,"Sydney, Australia",36.201818,-155.857302,Rain,Gravel,3,9,Reckless Driving
d61e3f90,8/23/24,19:53,"Tokyo, Japan",66.636789,-25.661964,Clear,Snowy,3,2,Mechanical Failure
fdf016da,11/22/23,10:54,"Beijing, China",71.20451,60.997661,Fog,Gravel,4,2,Weather Conditions
6e07146c,4/11/24,2:43,"Mumbai, India",33.319224,127.341959,Storm,Gravel,1,10,Reckless Driving
0367e710,10/8/23,12:12,"Berlin, Germany",16.728394,-167.350422,Storm,Gravel,3,9,Distracted Driving
bd8992e6,3/29/24,12:00,"Berlin, Germany",-13.079853,46.577447,Storm,Snowy,4,3,Mechanical Failure
b3e50a94,12/19/24,13:08,"Sydney, Australia",-37.828555,-177.617862,Snow,Icy,5,0,Mechanical Failure
f62e66d6,1/28/24,7:37,"Toronto, Canada",-0.186652,-45.883283,Hail,Wet,4,6,Speeding
00ce75b8,3/28/23,19:51,"Sydney, Australia",-69.073122,119.225852,Fog,Wet,3,0,Mechanical Failure
839b38a8,5/12/24,18:06,"London, UK",-23.380117,123.040808,Clear,Under Construction,3,3,Speeding
ae889350,7/12/23,6:40,"Mumbai, India",-40.808128,-73.188229,Rain,Snowy,4,8,Speeding
d6d3e9df,4/8/23,11:36,"Beijing, China",-59.554788,136.780717,Rain,Snowy,3,6,Speeding
2132200e,6/7/24,5:55,"Sydney, Australia",-73.941822,-172.695964,Clear,Gravel,5,0,Speeding
dd805cc1,7/30/24,22:16,"Sydney, Australia",-83.819898,-150.308076,Fog,Gravel,5,3,Drunk Driving
e6376228,2/4/23,13:20,"Tokyo, Japan",53.63516,16.584317,Fog,Under Construction,5,2,Distracted Driving
689c3d1d,8/12/24,12:04,"Beijing, China",63.237423,90.636311,Rain,Snowy,4,6,Mechanical Failure
c718bbff,3/8/23,22:32,"New York, USA",9.713248,47.493038,Snow,Dry,1,7,Reckless Driving
d8510c25,11/12/24,4:40,"Mumbai, India",84.051978,33.655354,Hail,Wet,5,2,Weather Conditions
6336781e,12/24/24,9:32,"Sydney, Australia",-73.500027,-88.758672,Hail,Snowy,3,1,Distracted Driving
470bc906,1/23/24,10:41,"Paris, France",-44.397987,-140.103264,Snow,Icy,2,0,Speeding
564265d1,11/5/23,12:55,"Berlin, Germany",16.726215,-100.199071,Snow,Icy,2,10,Reckless Driving
9ac6752c,6/14/24,10:41,"Mumbai, India",8.07921,2.912035,Fog,Dry,1,10,Distracted Driving
baebb8ee,11/3/23,18:54,"Beijing, China",-65.41236,-65.799677,Storm,Under Construction,1,5,Weather Conditions
bf60b70b,5/17/23,9:32,"New York, USA",-75.181026,-90.932524,Hail,Wet,5,7,Reckless Driving
624b1f4d,6/3/23,18:44,"Toronto, Canada",17.624622,-87.35162,Snow,Under Construction,5,1,Mechanical Failure
0f98fddd,8/3/23,3:46,"Tokyo, Japan",87.467652,19.044767,Fog,Icy,1,0,Drunk Driving
5cde572d,1/26/23,17:56,"Berlin, Germany",-76.647769,-126.229557,Snow,Icy,3,5,Reckless Driving
46787082,6/18/24,14:14,"Beijing, China",-44.719096,-104.120936,Rain,Wet,4,8,Mechanical Failure
3bc43be1,11/27/23,13:21,"Beijing, China",32.921744,20.987367,Clear,Gravel,3,8,Speeding
b27ce78b,7/11/24,22:37,"Sydney, Australia",18.05964,-34.600601,Clear,Gravel,5,7,Reckless Driving
fce01753,3/10/23,1:14,"Berlin, Germany",4.621306,-67.729847,Snow,Icy,1,0,Mechanical Failure
49a52c1e,9/3/23,15:39,"Tokyo, Japan",81.772052,104.271585,Fog,Under Construction,1,6,Weather Conditions
7a76ef78,6/16/24,18:38,"Toronto, Canada",-69.886056,-120.600157,Storm,Snowy,3,6,Drunk Driving
60109b27,6/14/24,16:28,"Mumbai, India",69.870884,100.886972,Clear,Dry,5,6,Drunk Driving
dd4f2b24,9/7/24,14:31,"London, UK",-16.80011,-80.561788,Fog,Dry,2,8,Drunk Driving
985a2dba,5/2/23,16:38,"London, UK",64.157392,-90.802949,Fog,Wet,4,1,Reckless Driving
44ab73e1,8/4/24,1:10,"Berlin, Germany",-34.152702,118.13204,Snow,Gravel,1,10,Mechanical Failure
2180655c,1/22/23,6:32,"Sydney, Australia",-57.903709,72.644493,Snow,Under Construction,2,4,Speeding
921da360,3/18/24,17:06,"Mumbai, India",8.048316,34.822471,Storm,Dry,3,3,Mechanical Failure
272e2ab2,8/23/24,15:34,"Tokyo, Japan",-61.867914,176.695117,Fog,Icy,1,5,Drunk Driving
14de6c30,4/22/24,18:11,"Berlin, Germany",11.526872,-158.419624,Storm,Icy,1,1,Reckless Driving
514dd9ff,1/22/23,1:21,"Tokyo, Japan",-24.138426,107.63801,Fog,Snowy,2,2,Reckless Driving
000f4296,11/14/24,8:57,"Mumbai, India",-17.393822,86.268417,Clear,Wet,5,2,Weather Conditions
b1590b77,5/28/24,0:46,"Beijing, China",36.036178,-178.160974,Snow,Icy,4,0,Speeding
efcf8864,6/28/24,6:55,"Toronto, Canada",-70.263108,-89.996922,Snow,Under Construction,4,10,Reckless Driving
42172f45,6/10/24,19:40,"Toronto, Canada",24.058059,-122.462819,Hail,Icy,5,3,Weather Conditions
316dc6c5,10/19/24,21:34,"Tokyo, Japan",51.364251,-140.721377,Storm,Dry,2,6,Weather Conditions
082f6ff5,2/28/23,8:27,"Toronto, Canada",-86.659707,61.939318,Clear,Snowy,3,0,Distracted Driving
020be370,10/2/24,9:52,"Berlin, Germany",1.7021,147.237607,Fog,Under Construction,3,4,Distracted Driving
1f26f03a,3/10/24,9:28,"Toronto, Canada",-65.457044,-80.04425,Storm,Wet,4,5,Drunk Driving
c6cd1461,8/28/24,3:43,"Beijing, China",-46.567541,-124.127855,Fog,Dry,4,6,Reckless Driving
be7164e5,11/7/23,14:43,"Mumbai, India",-16.86532,-36.355443,Storm,Under Construction,4,7,Speeding
de27fb25,2/20/23,7:04,"New York, USA",34.208707,-71.588209,Hail,Icy,5,10,Reckless Driving
18fc886d,7/18/23,2:02,"Sydney, Australia",0.266149,147.001641,Rain,Gravel,5,6,Speeding
ebab37ee,1/20/23,16:12,"Beijing, China",-83.036279,-7.260201,Snow,Snowy,2,8,Mechanical Failure
f8113b77,10/2/24,23:20,"Paris, France",84.236707,5.991305,Clear,Gravel,2,0,Reckless Driving
4aef0014,6/21/24,11:05,"Beijing, China",-38.401198,93.896465,Snow,Wet,1,8,Mechanical Failure
516366fe,5/24/24,1:31,"New York, USA",42.406338,-74.230505,Hail,Under Construction,1,0,Mechanical Failure
9.29E+10,4/30/24,8:52,"Toronto, Canada",52.217049,-100.154639,Hail,Icy,1,9,Weather Conditions
fec1c1b1,10/26/23,15:46,"Sydney, Australia",54.646732,172.850126,Fog,Icy,4,3,Speeding
d2d0ff78,5/20/24,17:56,"Mumbai, India",18.771505,179.494532,Rain,Under Construction,5,3,Drunk Driving
ac0096a6,10/3/23,4:28,"Toronto, Canada",27.610171,125.757799,Clear,Snowy,2,5,Distracted Driving
2.50E+55,4/3/24,18:25,"Berlin, Germany",73.826175,169.452041,Rain,Snowy,2,6,Weather Conditions
4d0d9217,8/21/24,3:19,"Berlin, Germany",27.766943,130.44389,Snow,Under Construction,2,2,Reckless Driving
2ad9944f,10/11/23,13:21,"Sydney, Australia",-35.164526,-124.960716,Clear,Icy,4,1,Speeding
f13203d1,7/17/24,1:51,"Tokyo, Japan",64.058244,-97.716232,Fog,Dry,5,5,Drunk Driving
d2c7d448,3/5/23,19:18,"Tokyo, Japan",-14.72707,122.63922,Snow,Dry,5,9,Weather Conditions
48a773df,10/22/24,6:29,"Berlin, Germany",2.930728,139.832086,Hail,Dry,2,5,Reckless Driving
7356e4b8,9/19/23,4:04,"London, UK",20.47999,173.075691,Snow,Icy,4,5,Speeding
0869c75a,12/16/24,20:53,"Mumbai, India",19.639154,-83.595439,Storm,Wet,2,5,Drunk Driving
03e8990f,8/8/23,0:37,"Paris, France",16.813894,123.877656,Hail,Gravel,2,4,Speeding
3277e989,2/22/23,2:22,"Berlin, Germany",-18.646223,143.401037,Clear,Gravel,5,10,Mechanical Failure
bf3528eb,5/6/24,13:25,"Beijing, China",52.395749,153.491309,Storm,Wet,5,8,Mechanical Failure
eb6d4cbd,6/23/24,16:40,"Toronto, Canada",59.194909,-3.197221,Snow,Icy,2,0,Reckless Driving
e207cb90,6/4/24,19:33,"Paris, France",-27.555698,0.365604,Snow,Dry,2,2,Speeding
e8c3cde8,8/16/24,1:55,"Beijing, China",-21.524657,-104.145549,Fog,Dry,2,3,Distracted Driving
d2aca594,9/27/23,20:30,"Sydney, Australia",-30.360093,-173.208239,Storm,Gravel,3,6,Weather Conditions
0b9ddc97,8/23/24,20:45,"Mumbai, India",-18.213169,-40.882486,Clear,Icy,5,5,Speeding
e9062130,5/3/24,11:30,"London, UK",-39.256572,-123.411916,Rain,Gravel,1,6,Drunk Driving
abb3776b,5/3/24,18:24,"New York, USA",53.907184,-112.110539,Rain,Icy,1,7,Weather Conditions
c57c1baa,6/27/23,1:28,"Mumbai, India",-89.522664,4.104192,Fog,Icy,3,2,Mechanical Failure
416877d3,7/22/23,1:17,"Sydney, Australia",-89.863954,-171.730756,Snow,Icy,4,3,Speeding
85b63193,8/11/23,7:27,"Paris, France",-1.383639,119.866794,Fog,Snowy,2,6,Weather Conditions
190beee0,7/1/24,4:41,"Sydney, Australia",52.279804,47.953817,Rain,Wet,1,5,Drunk Driving
38a7ab56,7/27/23,16:10,"Beijing, China",-85.28936,40.381692,Clear,Wet,1,6,Distracted Driving
cb3033ba,12/10/24,12:38,"Mumbai, India",-21.527111,122.263366,Snow,Dry,2,1,Distracted Driving
55a3c2be,3/30/23,11:07,"London, UK",40.737369,71.248654,Storm,Snowy,5,3,Drunk Driving
b0dc95eb,6/7/24,3:58,"Mumbai, India",39.164128,-139.163239,Clear,Under Construction,4,10,Speeding
49b8a51a,9/30/24,19:14,"Beijing, China",70.144786,-163.50001,Clear,Wet,3,10,Mechanical Failure
9cfc1f1e,6/20/23,20:31,"Toronto, Canada",35.618753,-159.04184,Hail,Dry,2,4,Distracted Driving
0f4caa7f,5/21/23,12:06,"Berlin, Germany",16.45337,174.20183,Snow,Gravel,3,10,Reckless Driving
9a5feb7f,5/27/24,12:30,"Paris, France",-19.796225,-122.796922,Clear,Under Construction,2,9,Speeding
febc73ac,10/9/23,13:06,"Tokyo, Japan",-25.360399,-26.444884,Fog,Dry,2,2,Mechanical Failure
f6db29fe,2/4/23,23:48,"London, UK",82.724507,-49.745935,Rain,Icy,1,1,Mechanical Failure
5.76E+39,6/24/24,6:19,"Berlin, Germany",-40.71291,-34.292356,Clear,Under Construction,5,4,Distracted Driving
4fc5fe70,5/22/24,3:15,"London, UK",21.787928,38.011684,Fog,Wet,2,4,Distracted Driving
ebbccbdf,2/7/24,9:11,"Berlin, Germany",73.265881,-121.158931,Rain,Under Construction,1,3,Reckless Driving
801ef923,10/18/24,23:53,"Toronto, Canada",-58.441902,-21.053805,Rain,Under Construction,1,7,Drunk Driving
610ec9d0,4/10/23,18:08,"Paris, France",-62.270566,-93.494589,Hail,Gravel,4,6,Mechanical Failure
3e63f87e,9/26/23,16:39,"Mumbai, India",34.21466,102.006851,Snow,Icy,1,5,Distracted Driving
dadef875,12/15/24,7:35,"Toronto, Canada",60.350128,-61.052408,Clear,Snowy,5,4,Distracted Driving
acc0c3f2,7/6/23,2:17,"Sydney, Australia",83.462118,67.355949,Rain,Icy,3,6,Weather Conditions
1346c442,1/15/24,14:23,"Beijing, China",37.194215,171.731706,Rain,Dry,3,4,Speeding
e1d8a471,11/1/23,6:01,"New York, USA",-5.735557,140.502584,Hail,Icy,4,6,Weather Conditions
adafd174,3/14/24,19:25,"Berlin, Germany",-39.839073,20.857543,Fog,Snowy,1,3,Weather Conditions
c5a3197f,3/24/23,18:30,"Berlin, Germany",-85.947822,22.997867,Snow,Dry,5,0,Mechanical Failure
e206af18,4/5/23,6:50,"Tokyo, Japan",-61.691472,63.200875,Snow,Snowy,1,5,Weather Conditions
2fd608a6,3/10/23,17:42,"Berlin, Germany",64.452406,152.426612,Snow,Gravel,4,7,Speeding
7d847ca0,2/6/23,5:34,"Mumbai, India",-82.937258,-45.434338,Snow,Wet,3,0,Weather Conditions
6d132dbc,9/18/23,15:57,"Paris, France",53.473021,-12.465244,Snow,Under Construction,5,4,Weather Conditions
8f7d9107,1/21/24,18:35,"Sydney, Australia",-15.091857,-70.627115,Storm,Dry,2,3,Mechanical Failure
1413e29e,6/15/24,21:21,"Paris, France",-37.066977,44.12327,Snow,Under Construction,1,1,Mechanical Failure
c670f0db,9/16/23,8:43,"Sydney, Australia",61.331848,-51.765584,Fog,Snowy,5,5,Distracted Driving
1442f0d3,10/14/24,18:46,"Sydney, Australia",25.434807,7.912176,Hail,Gravel,3,0,Speeding
8fe863f5,6/28/23,2:07,"New York, USA",-51.962864,-66.462605,Rain,Snowy,4,10,Weather Conditions
1bfec239,4/7/24,11:30,"Toronto, Canada",49.433978,15.603311,Rain,Gravel,2,9,Distracted Driving
691e84c1,9/6/23,10:21,"Sydney, Australia",67.594006,43.900758,Clear,Icy,4,0,Mechanical Failure
e124580e,9/28/24,22:08,"Sydney, Australia",27.739755,-83.062982,Hail,Under Construction,4,10,Mechanical Failure
6ee1bf27,3/18/24,1:55,"Tokyo, Japan",67.382103,-95.94252,Fog,Icy,5,9,Distracted Driving
aa7d4ccc,4/22/23,20:34,"London, UK",20.684587,0.412785,Fog,Icy,3,8,Weather Conditions
afb77323,1/6/23,14:51,"Tokyo, Japan",79.769096,-33.34559,Clear,Under Construction,5,2,Drunk Driving
2f3703ec,7/27/24,18:56,"New York, USA",36.475614,47.299096,Storm,Icy,3,2,Mechanical Failure
e7a37f16,11/15/24,20:21,"Toronto, Canada",-75.463923,-150.483883,Clear,Gravel,4,3,Reckless Driving
f3101044,7/29/23,13:04,"Mumbai, India",-59.446092,16.87653,Storm,Under Construction,3,0,Mechanical Failure
3fdcbc54,4/1/23,8:49,"Paris, France",-25.578559,27.048056,Rain,Gravel,5,6,Drunk Driving
ee9349ff,7/7/23,7:47,"Tokyo, Japan",10.736939,166.143921,Hail,Under Construction,5,9,Drunk Driving
c095ee8d,8/25/24,16:13,"Toronto, Canada",-33.37596,-146.292926,Rain,Icy,5,0,Weather Conditions
7b5c1757,7/1/24,4:31,"Mumbai, India",-33.956772,-110.250938,Fog,Dry,4,4,Mechanical Failure
445c5a3a,5/25/24,0:14,"Toronto, Canada",-41.056102,41.805732,Snow,Under Construction,2,5,Reckless Driving
9667ddb9,1/26/23,19:12,"Sydney, Australia",41.565315,-56.251206,Hail,Gravel,1,1,Distracted Driving
3a472b75,8/8/24,15:40,"Tokyo, Japan",-44.89671,179.194556,Hail,Under Construction,4,2,Mechanical Failure
9a38fcf0,10/11/23,20:53,"Sydney, Australia",-62.261276,-172.727034,Storm,Snowy,3,0,Distracted Driving
874230b8,1/20/24,8:10,"Beijing, China",-87.671193,99.640704,Storm,Wet,4,7,Drunk Driving
9bf920c1,4/5/24,0:33,"London, UK",31.973457,132.090693,Fog,Snowy,2,9,Speeding
187210a4,5/22/23,23:18,"Sydney, Australia",-76.649629,-23.723491,Fog,Dry,2,0,Weather Conditions
a5ca35b0,11/30/23,13:06,"London, UK",-86.513296,43.848312,Storm,Gravel,3,9,Reckless Driving
98a6f95c,10/22/23,18:07,"Beijing, China",-70.335946,48.599782,Clear,Wet,5,0,Reckless Driving
c154785a,8/3/23,20:03,"Mumbai, India",2.999073,87.575495,Hail,Gravel,5,7,Drunk Driving
6577f561,1/29/23,1:27,"New York, USA",-3.771646,-155.825251,Storm,Gravel,4,3,Weather Conditions
78896acd,5/1/24,18:52,"Sydney, Australia",-69.413936,-72.286759,Rain,Wet,3,10,Speeding
7057a5f8,12/10/24,15:38,"New York, USA",-71.015124,-91.217054,Hail,Icy,4,9,Distracted Driving
565e9c39,1/8/24,22:41,"London, UK",19.446979,33.045718,Rain,Icy,5,3,Weather Conditions
320fffff,8/11/24,14:06,"New York, USA",-28.675829,-121.14043,Snow,Snowy,3,5,Reckless Driving
0b9ed553,12/28/23,6:55,"Mumbai, India",30.948498,-116.456879,Hail,Snowy,1,10,Mechanical Failure
8deb16a8,6/25/24,3:57,"Paris, France",-82.855829,-20.321313,Clear,Dry,1,9,Reckless Driving
84be7ec6,8/24/24,3:41,"New York, USA",67.245327,20.443186,Storm,Gravel,3,2,Speeding
c091d5cd,12/4/23,17:47,"Berlin, Germany",71.299198,73.354363,Snow,Snowy,4,1,Weather Conditions
b88815c5,1/13/23,1:39,"Tokyo, Japan",-56.565047,34.479717,Snow,Gravel,5,3,Reckless Driving
ad988e50,6/11/23,22:40,"Sydney, Australia",-69.975561,-69.116464,Hail,Gravel,3,9,Mechanical Failure
d1b9ce7e,2/24/23,6:18,"Toronto, Canada",-48.416009,-5.650013,Rain,Icy,4,1,Weather Conditions
130924cc,3/17/23,19:23,"Sydney, Australia",-26.221615,-76.310673,Fog,Under Construction,3,8,Weather Conditions
d1fd3d4d,9/13/24,8:58,"Toronto, Canada",-44.483549,157.461619,Snow,Wet,4,4,Weather Conditions
773b019f,10/5/23,5:54,"Mumbai, India",41.893742,-171.039908,Storm,Icy,1,7,Reckless Driving
7c88ed72,4/28/24,14:43,"Sydney, Australia",5.001647,37.419944,Snow,Gravel,1,5,Weather Conditions
5b301557,2/20/23,17:48,"Mumbai, India",-51.549466,-153.01629,Fog,Snowy,2,9,Reckless Driving
ef14c81f,6/27/24,22:26,"Mumbai, India",26.615057,133.490936,Clear,Icy,5,8,Distracted Driving
b3e159c9,7/1/24,20:22,"Beijing, China",78.39551,64.32603,Hail,Snowy,4,1,Reckless Driving
1cdc7ca7,5/19/23,0:50,"New York, USA",68.973168,78.607719,Hail,Gravel,3,8,Drunk Driving
2dc9ab00,2/18/23,11:42,"Berlin, Germany",66.145042,-93.670617,Hail,Gravel,3,5,Reckless Driving
ddbd47c8,3/12/24,10:44,"Paris, France",77.298069,-98.545683,Rain,Dry,1,8,Mechanical Failure
9beaeb58,9/17/24,10:09,"Tokyo, Japan",-18.031516,131.346227,Rain,Dry,4,9,Weather Conditions
0bc83cf4,2/12/24,11:54,"Sydney, Australia",-86.091686,-19.285359,Storm,Dry,1,5,Reckless Driving
45e2d74c,6/27/24,13:46,"New York, USA",-33.338386,31.382353,Storm,Gravel,1,3,Distracted Driving
591c0186,8/18/24,6:41,"New York, USA",-37.455011,-159.519441,Clear,Under Construction,3,8,Mechanical Failure
5c6eac84,7/21/24,18:26,"Mumbai, India",27.216935,-97.883589,Storm,Dry,4,3,Drunk Driving
77dc0560,1/28/24,16:58,"Beijing, China",-16.176508,52.701134,Rain,Snowy,3,9,Weather Conditions
781312b4,12/17/24,11:57,"Paris, France",-14.887803,70.730648,Storm,Icy,3,5,Weather Conditions
07b76499,12/14/24,4:33,"Tokyo, Japan",-5.922688,-152.506109,Hail,Snowy,4,10,Speeding
837ce8a8,2/2/23,17:03,"Toronto, Canada",61.567284,146.665175,Clear,Under Construction,1,1,Drunk Driving
c8c14bc9,5/4/24,19:30,"Berlin, Germany",-67.344273,85.834421,Storm,Dry,5,9,Speeding
da21cf70,6/4/23,11:51,"Beijing, China",-43.22728,116.491458,Rain,Icy,1,9,Reckless Driving
26c6f778,4/12/23,16:31,"Paris, France",80.149228,53.973191,Hail,Dry,1,7,Mechanical Failure
3f209331,11/23/23,7:36,"Tokyo, Japan",41.08841,127.659639,Clear,Snowy,5,6,Distracted Driving
56bd3d7d,6/23/23,0:06,"Sydney, Australia",-21.071761,-42.577386,Fog,Wet,2,1,Drunk Driving
bae5b6e9,10/13/24,23:17,"Paris, France",-87.931386,164.124846,Storm,Gravel,1,3,Reckless Driving
3b5d4ae0,5/23/24,0:47,"Sydney, Australia",-51.877449,80.884986,Hail,Icy,4,6,Speeding
a00134dc,12/12/23,3:38,"Sydney, Australia",12.473791,6.476446,Clear,Under Construction,1,8,Drunk Driving
7fa73c3f,11/8/23,12:49,"Toronto, Canada",88.031247,-28.769976,Snow,Icy,4,1,Distracted Driving
c3b1de71,4/5/23,3:07,"Beijing, China",71.026553,-94.952657,Fog,Dry,4,8,Drunk Driving
6ea1a5be,10/4/23,19:03,"Beijing, China",58.462507,-28.916873,Storm,Icy,2,4,Drunk Driving
ba8ef702,8/8/24,3:12,"London, UK",-50.094333,-136.702985,Storm,Icy,4,1,Reckless Driving
357eab70,9/10/23,5:12,"Toronto, Canada",77.51134,-151.066327,Fog,Under Construction,4,3,Weather Conditions
f017eb0e,4/13/23,1:27,"Mumbai, India",-45.940009,-117.288528,Hail,Icy,2,6,Drunk Driving
8e693f5b,2/18/23,22:19,"Berlin, Germany",-19.201111,14.740336,Clear,Gravel,5,10,Weather Conditions
c52cf881,6/9/23,5:05,"New York, USA",-0.750618,109.825505,Rain,Gravel,1,8,Reckless Driving
5103f188,11/22/23,3:10,"Sydney, Australia",77.88517,116.468318,Storm,Icy,4,10,Drunk Driving
941598ce,10/11/23,10:32,"Sydney, Australia",-84.996637,130.306492,Fog,Under Construction,4,4,Weather Conditions
418898f6,10/18/24,21:21,"London, UK",-28.518419,5.994161,Clear,Under Construction,5,5,Mechanical Failure
26703baa,7/29/24,5:14,"Mumbai, India",-25.408769,-93.623753,Clear,Wet,2,10,Drunk Driving
7.47E+43,7/4/24,23:33,"Berlin, Germany",-61.199799,-67.666968,Hail,Wet,5,5,Mechanical Failure
c2fc8ffe,6/5/23,22:11,"Berlin, Germany",71.944052,161.396596,Fog,Gravel,4,5,Distracted Driving
eb109031,1/5/23,14:23,"Toronto, Canada",-0.593589,118.334786,Fog,Gravel,2,0,Reckless Driving
b4f7544a,2/12/23,5:03,"Toronto, Canada",-25.482489,-163.290102,Hail,Wet,1,8,Mechanical Failure
57765b55,1/16/23,18:18,"Mumbai, India",-22.317319,-153.265559,Clear,Snowy,2,9,Speeding
a2342c44,1/7/24,23:47,"Berlin, Germany",31.512526,-6.859718,Rain,Snowy,4,3,Distracted Driving
1e3051e9,2/3/24,12:55,"New York, USA",86.017364,-140.798925,Rain,Gravel,3,3,Distracted Driving
75e1d675,11/18/23,14:35,"Beijing, China",66.48717,9.613239,Storm,Gravel,1,5,Drunk Driving
95db116e,4/5/23,15:29,"Berlin, Germany",6.499751,113.34237,Hail,Gravel,1,0,Reckless Driving
6cb285d4,5/5/24,23:01,"Paris, France",-55.562045,31.889484,Storm,Gravel,4,0,Reckless Driving
7.51E+67,5/3/23,11:00,"Beijing, China",52.108799,-63.601784,Rain,Gravel,4,1,Speeding
96763eef,10/1/23,11:08,"London, UK",63.117691,-61.043999,Fog,Wet,5,9,Distracted Driving
93152f4e,7/18/24,0:11,"Paris, France",46.149375,128.500923,Clear,Icy,1,6,Weather Conditions
8720dbf3,11/8/23,10:15,"Sydney, Australia",43.145379,-49.540431,Rain,Under Construction,4,1,Distracted Driving
5a3e240a,10/11/24,23:24,"London, UK",-58.974081,-35.577857,Rain,Icy,2,3,Speeding
2081e58e,3/25/24,7:45,"Berlin, Germany",-60.055693,2.816751,Fog,Dry,2,4,Mechanical Failure
ac01af64,9/16/23,16:37,"Toronto, Canada",79.90872,107.414105,Storm,Under Construction,4,0,Reckless Driving
16b3260a,2/1/23,7:51,"Beijing, China",23.019125,-123.514314,Storm,Dry,4,10,Reckless Driving
01524c1e,9/13/24,5:16,"Paris, France",41.209465,31.099117,Storm,Icy,2,8,Distracted Driving
745404c5,12/11/24,23:02,"Paris, France",25.053773,-99.024949,Fog,Under Construction,4,3,Drunk Driving
60b3ac8b,3/3/23,0:14,"Toronto, Canada",-41.414551,1.265919,Fog,Wet,4,5,Reckless Driving
fa8055e3,11/21/24,15:56,"Tokyo, Japan",33.787894,-83.092463,Hail,Dry,3,10,Weather Conditions
fba87ee3,3/28/24,19:28,"Tokyo, Japan",24.262841,148.652559,Storm,Wet,4,9,Weather Conditions
eaa0f7f6,7/1/24,15:48,"Mumbai, India",32.198257,-6.979565,Rain,Gravel,4,8,Speeding
0511b08a,4/20/24,4:40,"Beijing, China",49.768162,24.022742,Hail,Icy,2,3,Drunk Driving
946a6d2f,3/19/23,11:55,"Paris, France",-85.033154,-151.407718,Snow,Icy,5,2,Reckless Driving
392b641d,1/20/23,5:16,"Paris, France",-55.828458,-154.899141,Snow,Snowy,5,3,Mechanical Failure
ba2a2fa4,1/6/24,6:06,"Mumbai, India",79.954951,-68.687179,Rain,Under Construction,4,10,Speeding
503f951c,5/8/23,20:39,"Paris, France",-68.596474,79.225057,Rain,Dry,4,6,Speeding
62e6fd17,10/23/24,12:59,"Mumbai, India",46.554255,64.469099,Storm,Dry,2,3,Reckless Driving
5cc5a15d,6/5/23,0:22,"Berlin, Germany",86.461766,121.538959,Rain,Dry,5,3,Distracted Driving
bacba87f,5/30/24,5:32,"Toronto, Canada",-87.079633,-33.767897,Storm,Snowy,3,10,Mechanical Failure
abc5996b,5/18/24,4:31,"Paris, France",-84.18787,-135.274675,Hail,Icy,1,4,Speeding
299a4efb,8/3/24,6:45,"Sydney, Australia",75.103167,95.212711,Hail,Snowy,5,1,Distracted Driving
3649a817,6/20/23,17:23,"Mumbai, India",-20.406712,-147.603819,Clear,Gravel,2,6,Weather Conditions
bd0bd960,4/5/24,13:44,"Paris, France",-0.536138,-98.270042,Clear,Icy,1,3,Speeding
a7dfab01,5/11/24,5:25,"Berlin, Germany",57.761875,32.747666,Clear,Under Construction,3,3,Mechanical Failure
c45a8e33,12/15/23,17:51,"Berlin, Germany",-56.51861,-2.67861,Clear,Dry,5,10,Mechanical Failure
f23ee23b,2/17/23,7:13,"London, UK",-75.143414,-92.358477,Fog,Icy,2,5,Reckless Driving
ce605122,11/23/24,10:06,"London, UK",-23.556502,-144.212955,Rain,Under Construction,4,2,Speeding
4d556075,6/15/24,0:05,"Toronto, Canada",77.195855,-95.339304,Storm,Snowy,3,4,Weather Conditions
d1f47a9c,2/12/23,3:25,"Tokyo, Japan",71.929765,-98.471731,Rain,Under Construction,2,2,Weather Conditions
dd41fe42,6/9/23,11:57,"New York, USA",48.246365,-123.509916,Hail,Gravel,3,2,Weather Conditions
7ab7d515,7/8/23,22:34,"Paris, France",-74.19458,-46.014374,Snow,Gravel,5,10,Reckless Driving
44d08060,7/16/24,8:09,"Beijing, China",66.898386,-57.043213,Fog,Snowy,2,3,Drunk Driving
0456df5f,5/6/23,19:08,"London, UK",-87.815617,110.865786,Snow,Under Construction,2,9,Mechanical Failure
098d0de5,4/23/23,23:16,"Berlin, Germany",-36.351786,19.988523,Hail,Under Construction,4,0,Weather Conditions
5cec5fab,10/19/23,17:25,"Tokyo, Japan",22.52051,-90.017239,Fog,Under Construction,3,9,Weather Conditions
b4380d2a,1/23/24,10:29,"New York, USA",22.31674,-145.614184,Rain,Dry,2,5,Speeding
ee8a8c4e,4/3/24,7:47,"Toronto, Canada",-20.922904,-0.946689,Clear,Snowy,1,9,Weather Conditions
090e8e96,9/3/24,23:05,"Toronto, Canada",52.594368,-4.062016,Snow,Dry,3,4,Distracted Driving
54c69d3a,10/4/24,19:39,"Paris, France",-63.05156,140.666891,Storm,Dry,4,6,Mechanical Failure
1ba8970e,9/23/23,9:03,"Beijing, China",9.028585,-51.996122,Fog,Wet,3,8,Weather Conditions
bdc63a3e,12/7/24,17:24,"Beijing, China",0.703111,90.454622,Rain,Under Construction,1,9,Speeding
ec33f375,3/27/23,17:27,"Paris, France",50.142998,-105.767596,Snow,Snowy,1,3,Drunk Driving
0e6fd2b1,7/9/23,15:16,"Paris, France",-58.360064,-68.542009,Rain,Under Construction,3,9,Mechanical Failure
ba99cf09,9/3/24,22:26,"Beijing, China",37.065987,-147.084815,Snow,Dry,2,9,Speeding
c9f3650d,10/29/23,7:00,"Tokyo, Japan",13.355169,43.841974,Snow,Gravel,4,6,Distracted Driving
53466cbd,4/18/23,4:39,"New York, USA",-77.63024,151.703119,Snow,Wet,2,3,Weather Conditions
5796b2ad,9/23/24,13:01,"Beijing, China",-71.519163,47.479196,Hail,Under Construction,5,4,Distracted Driving
0576487f,11/18/23,20:35,"Sydney, Australia",36.279249,118.685297,Clear,Dry,1,4,Mechanical Failure
b24c2e60,12/9/23,13:03,"Berlin, Germany",-26.940461,-16.097414,Fog,Snowy,4,7,Speeding
83080a3b,4/28/24,21:53,"Toronto, Canada",-85.480884,-140.300226,Snow,Icy,4,4,Reckless Driving
be47677c,6/4/23,3:35,"New York, USA",-26.415285,-76.753657,Storm,Snowy,2,0,Distracted Driving
ff645364,5/12/23,21:16,"Paris, France",53.983055,-28.53357,Snow,Under Construction,2,2,Distracted Driving
5dce25b9,1/26/23,20:17,"Tokyo, Japan",3.800531,143.108353,Fog,Wet,4,0,Distracted Driving
1bb9e2f3,1/13/24,0:37,"London, UK",-68.530154,163.016666,Storm,Gravel,1,4,Drunk Driving
bb1b0f51,11/8/24,18:31,"Mumbai, India",-30.161169,65.445244,Fog,Under Construction,2,0,Weather Conditions
e07cb925,5/22/24,11:52,"Tokyo, Japan",-77.530988,-119.338816,Hail,Gravel,3,3,Weather Conditions
862bd35b,7/7/24,13:51,"Mumbai, India",34.36003,-101.651885,Fog,Under Construction,1,3,Weather Conditions
9cd6e53f,12/21/23,1:11,"London, UK",4.449583,-1.009627,Hail,Gravel,1,7,Drunk Driving
a9b42ac7,8/10/24,1:50,"Beijing, China",-51.032605,49.712138,Fog,Under Construction,4,4,Speeding
c9700a84,9/27/23,7:43,"Toronto, Canada",-72.642635,-170.100767,Storm,Gravel,2,0,Reckless Driving
af20f397,12/6/23,21:35,"London, UK",-17.175285,-111.830945,Snow,Icy,4,5,Mechanical Failure
690eb903,11/16/23,14:03,"Beijing, China",35.808677,154.123622,Snow,Under Construction,1,4,Mechanical Failure
75020fb1,9/14/23,6:25,"London, UK",-48.030395,4.812864,Fog,Wet,4,7,Weather Conditions
c784ee3e,2/21/23,18:58,"Toronto, Canada",14.417814,25.680935,Hail,Icy,3,0,Distracted Driving
06b0bb8a,6/21/23,10:47,"Sydney, Australia",-21.986016,115.897736,Clear,Icy,2,1,Reckless Driving
fb06ccef,4/12/24,4:33,"Tokyo, Japan",-85.162246,179.421448,Hail,Gravel,1,1,Drunk Driving
5c08fbd8,11/11/24,12:08,"Mumbai, India",-89.373476,42.160888,Storm,Dry,4,0,Weather Conditions
a09ef53f,3/1/23,11:54,"New York, USA",23.716222,27.118156,Fog,Dry,1,3,Speeding
370ca4b7,9/14/23,22:50,"Berlin, Germany",32.867579,178.016436,Storm,Dry,1,4,Distracted Driving
e3d1c14c,6/12/24,4:26,"Sydney, Australia",-53.209149,44.249947,Fog,Dry,2,6,Drunk Driving
8938f2ab,2/2/24,23:49,"London, UK",24.132329,14.838423,Snow,Dry,5,8,Reckless Driving
062b8fcd,9/6/23,19:42,"Beijing, China",39.87878,-7.744777,Rain,Gravel,3,6,Speeding
a058ce46,5/31/23,10:05,"London, UK",54.835642,-46.306348,Hail,Snowy,1,0,Distracted Driving
98519ed6,12/19/24,16:23,"Sydney, Australia",33.760632,-116.979891,Rain,Wet,2,0,Weather Conditions
492b71bd,12/22/24,9:42,"London, UK",-65.891328,75.174294,Snow,Under Construction,3,7,Reckless Driving
f4d175d8,11/23/24,20:44,"London, UK",76.114509,46.803088,Snow,Icy,5,1,Reckless Driving
32718f77,10/28/23,6:05,"Beijing, China",-79.187387,-94.365056,Storm,Gravel,5,3,Distracted Driving
f7dc75ad,11/10/24,17:24,"London, UK",-31.075472,131.325088,Rain,Snowy,4,3,Mechanical Failure
97592558,10/7/23,0:05,"Berlin, Germany",-49.058964,-88.623084,Hail,Under Construction,5,7,Weather Conditions
bcc895b9,4/30/23,19:36,"Paris, France",70.938901,-155.651401,Storm,Under Construction,1,4,Distracted Driving
7b6e7b16,9/2/24,22:30,"Sydney, Australia",48.600021,-112.454552,Hail,Snowy,2,0,Weather Conditions
214057dc,4/30/23,21:50,"Toronto, Canada",25.169148,-166.540038,Clear,Under Construction,5,10,Distracted Driving
f2119b46,5/9/24,3:52,"Tokyo, Japan",-38.021672,-131.387232,Rain,Dry,5,1,Weather Conditions
226f6c6d,6/17/24,16:13,"Berlin, Germany",-28.349732,-64.437918,Rain,Gravel,3,7,Mechanical Failure
f9ed78cf,3/14/24,20:12,"London, UK",-12.594161,-144.899876,Snow,Snowy,3,9,Mechanical Failure
7c33914e,5/13/23,2:54,"Mumbai, India",-81.053925,155.908635,Hail,Under Construction,3,8,Weather Conditions
8f4e2f6e,9/20/23,14:48,"Beijing, China",-13.479123,168.750989,Hail,Dry,4,6,Distracted Driving
0c77429a,5/11/24,13:52,"Beijing, China",57.802169,-39.983097,Hail,Gravel,1,0,Weather Conditions
d94e6dbf,7/31/23,20:03,"Berlin, Germany",-26.938109,-154.259823,Snow,Icy,3,4,Distracted Driving
b65f3380,2/28/23,7:47,"Tokyo, Japan",11.534564,-141.612412,Fog,Icy,3,6,Weather Conditions
fbce668e,1/8/23,22:33,"New York, USA",60.030352,48.692705,Clear,Wet,3,8,Reckless Driving
89ce09c0,2/1/24,2:08,"Tokyo, Japan",16.807478,135.811315,Clear,Wet,3,8,Speeding
ffb1ae7b,6/21/23,17:04,"London, UK",-29.35702,-30.706334,Fog,Wet,1,3,Weather Conditions
9158f116,3/20/23,1:50,"London, UK",3.208712,-150.061524,Fog,Wet,2,6,Speeding
dc46b4d8,11/8/24,9:33,"Tokyo, Japan",-22.611431,-136.325137,Rain,Wet,3,7,Distracted Driving
caf185af,12/24/23,10:43,"New York, USA",-48.621996,-41.763611,Fog,Snowy,3,5,Drunk Driving
4b96f8c5,9/30/23,15:09,"Berlin, Germany",65.143038,153.678704,Clear,Gravel,3,2,Weather Conditions
b3f8d51c,7/9/23,21:18,"Sydney, Australia",-34.657048,70.376905,Rain,Under Construction,1,5,Reckless Driving
df2a0939,7/9/24,3:55,"Sydney, Australia",68.195175,50.883135,Clear,Wet,4,5,Speeding
305ed151,6/4/24,10:31,"Paris, France",-35.072813,97.135657,Fog,Under Construction,1,9,Drunk Driving
11d7ed17,11/9/23,1:08,"Tokyo, Japan",-61.980141,93.45378,Storm,Snowy,3,3,Distracted Driving
9bd6c6b0,6/23/24,14:25,"London, UK",65.692293,45.717832,Snow,Icy,4,9,Weather Conditions
ff28ed62,11/30/23,20:27,"Berlin, Germany",-53.912612,174.704271,Clear,Snowy,5,0,Drunk Driving
86b003de,3/4/23,23:19,"New York, USA",-66.825635,-112.768457,Hail,Snowy,2,7,Weather Conditions
2f6a46fe,10/20/23,8:30,"Berlin, Germany",-45.79143,92.865785,Rain,Icy,5,0,Distracted Driving
f55ff8af,4/15/23,15:55,"Mumbai, India",-74.831562,137.92638,Fog,Snowy,2,9,Mechanical Failure
8091da88,1/16/23,6:51,"Paris, France",89.545705,-105.505675,Fog,Under Construction,3,4,Mechanical Failure
e74e7a4c,1/20/24,14:39,"Toronto, Canada",63.836427,173.512426,Storm,Dry,2,7,Drunk Driving
9f7760e6,3/13/24,23:51,"New York, USA",51.954595,-69.555778,Clear,Wet,4,2,Drunk Driving
ebbc3971,9/12/23,4:27,"Tokyo, Japan",-79.542797,-149.441442,Fog,Wet,2,6,Weather Conditions
145f7320,2/6/23,7:48,"London, UK",60.079159,35.948729,Snow,Snowy,3,7,Reckless Driving
672e1620,5/4/23,5:50,"Sydney, Australia",-78.381389,-113.752256,Hail,Wet,2,2,Weather Conditions
8194dd82,9/23/24,6:37,"Sydney, Australia",60.591174,-133.243304,Snow,Wet,4,2,Weather Conditions
73ee6490,2/17/23,23:23,"Paris, France",40.505754,-132.960166,Fog,Icy,1,7,Drunk Driving
38aa6923,12/2/23,0:07,"Mumbai, India",-33.092966,64.452071,Rain,Under Construction,3,5,Speeding
6413c3b2,11/4/24,10:26,"New York, USA",-88.066642,32.525354,Storm,Under Construction,1,2,Reckless Driving
234f6c4e,5/29/23,13:20,"Berlin, Germany",-3.804457,-129.096959,Snow,Snowy,1,4,Speeding
30a224d8,10/24/24,20:49,"Beijing, China",4.405428,-115.69251,Hail,Under Construction,3,1,Speeding
6c8ffa46,3/22/24,20:01,"Tokyo, Japan",1.503215,113.904039,Clear,Under Construction,5,0,Weather Conditions
fb3918a9,12/20/24,1:36,"Paris, France",-54.817439,-76.271716,Snow,Dry,4,3,Distracted Driving
cc9d8239,1/12/24,5:48,"Sydney, Australia",83.216183,-6.520281,Storm,Icy,3,9,Drunk Driving
9b34bfb3,4/24/24,6:18,"Paris, France",-79.575124,84.876089,Rain,Wet,5,8,Reckless Driving
98ac56e8,2/27/24,19:17,"Sydney, Australia",-54.613806,-50.361789,Clear,Under Construction,3,2,Weather Conditions
f9708483,5/6/24,1:43,"Sydney, Australia",61.678589,-149.121927,Hail,Wet,2,0,Drunk Driving
0b140fff,10/10/23,15:02,"Berlin, Germany",87.613326,-108.321296,Fog,Under Construction,4,6,Weather Conditions
6c805226,10/28/23,17:19,"London, UK",-79.157705,-113.125384,Fog,Snowy,3,3,Mechanical Failure
f294a9d4,6/3/24,13:24,"New York, USA",8.8761,35.966324,Snow,Wet,1,7,Speeding
aef566b0,2/6/24,0:06,"Beijing, China",-16.419669,29.798999,Rain,Gravel,2,6,Mechanical Failure
5bd26bc5,12/9/23,4:57,"Tokyo, Japan",-12.049754,19.332763,Hail,Gravel,2,8,Speeding
b59209f6,5/12/23,16:56,"Mumbai, India",-14.872332,-37.700756,Rain,Icy,1,1,Distracted Driving
7627f286,3/18/23,15:54,"Mumbai, India",-79.130816,-88.163619,Storm,Wet,4,7,Weather Conditions
2004774b,2/27/24,7:11,"Berlin, Germany",16.475925,-46.387535,Fog,Under Construction,2,3,Weather Conditions
f262740e,3/12/23,21:33,"Berlin, Germany",-12.983926,-9.739765,Fog,Under Construction,4,8,Distracted Driving
c23297d6,7/20/23,22:10,"New York, USA",-10.289588,165.626707,Snow,Dry,1,4,Drunk Driving
87c5c380,5/5/23,11:19,"London, UK",-12.354987,36.677134,Snow,Dry,5,9,Drunk Driving
4aecf176,6/11/23,23:04,"Tokyo, Japan",-67.000256,-113.655099,Clear,Wet,4,8,Speeding
469a9974,9/16/23,23:28,"Paris, France",-14.793261,-163.955802,Fog,Gravel,1,9,Drunk Driving
6e32d345,8/5/23,19:39,"Toronto, Canada",-2.356593,164.275512,Clear,Under Construction,2,7,Reckless Driving
1400454d,9/25/24,9:53,"Mumbai, India",-9.305348,-41.89199,Rain,Wet,1,7,Speeding
8d495216,2/7/23,15:07,"London, UK",-16.385559,-89.728154,Rain,Icy,2,5,Mechanical Failure
6c10b259,1/23/23,6:07,"Toronto, Canada",-17.628926,61.445537,Hail,Under Construction,3,4,Speeding
1425daf4,8/2/23,6:48,"Toronto, Canada",50.556604,-74.119015,Clear,Wet,3,9,Drunk Driving
a93cf782,3/1/23,2:14,"New York, USA",74.617606,128.641647,Fog,Icy,1,1,Distracted Driving
323c13db,3/6/23,5:29,"New York, USA",50.753826,-69.379962,Rain,Wet,1,2,Speeding
62a2ffa2,12/29/23,9:15,"Paris, France",2.036831,-159.473177,Snow,Dry,3,4,Speeding
dfaa2787,3/8/23,17:23,"Tokyo, Japan",65.482528,45.296852,Rain,Icy,1,7,Drunk Driving
6739e5ba,5/31/24,3:45,"Paris, France",89.496334,95.642146,Hail,Wet,4,1,Speeding
51b2eb30,7/21/23,10:40,"Berlin, Germany",-85.932108,26.798428,Snow,Under Construction,2,0,Reckless Driving
e952a233,2/7/24,10:13,"Berlin, Germany",19.736125,48.212782,Hail,Snowy,2,9,Speeding
a4624794,1/9/24,12:15,"London, UK",47.752126,-54.275661,Storm,Gravel,3,9,Speeding
2259f175,2/29/24,9:42,"London, UK",41.757848,84.865526,Hail,Wet,1,0,Drunk Driving
5a1138d8,3/28/23,6:40,"Beijing, China",89.228254,-144.512723,Storm,Icy,3,6,Speeding
cf0db19d,3/3/23,23:48,"Sydney, Australia",2.599981,174.049191,Hail,Gravel,1,6,Speeding
32f0011e,4/2/24,20:43,"London, UK",82.388867,10.019216,Rain,Under Construction,5,3,Mechanical Failure
2ef08dcc,11/10/23,16:53,"Berlin, Germany",53.273754,-115.181343,Rain,Snowy,3,3,Mechanical Failure
4100c570,11/18/24,20:43,"Toronto, Canada",-60.075433,-63.676271,Fog,Snowy,1,10,Speeding
678ba27f,6/26/23,18:08,"New York, USA",-81.225705,-152.967981,Clear,Wet,5,4,Weather Conditions
081e1911,4/30/24,15:57,"Berlin, Germany",21.426108,75.829164,Rain,Gravel,5,3,Weather Conditions
846e2622,5/24/24,21:14,"Mumbai, India",-30.057293,53.217996,Storm,Icy,2,3,Mechanical Failure
d12ba20e,10/18/24,11:19,"Beijing, China",-53.730756,-116.173332,Rain,Gravel,5,5,Reckless Driving
8ec82b0a,9/4/24,7:47,"Beijing, China",48.029642,125.863043,Storm,Icy,4,9,Weather Conditions
c96f1aca,9/16/24,2:51,"Paris, France",-12.434906,-134.261418,Storm,Dry,2,8,Distracted Driving
81adff97,4/16/23,14:17,"Berlin, Germany",-81.323943,93.302891,Hail,Gravel,5,6,Reckless Driving
0d348be4,1/27/23,20:15,"Paris, France",85.023221,-48.335687,Fog,Under Construction,1,8,Weather Conditions
ee752520,9/13/24,14:56,"Paris, France",23.799565,36.748135,Clear,Dry,5,0,Distracted Driving
7f292bb2,3/24/23,0:15,"Paris, France",45.454748,88.006197,Fog,Under Construction,5,4,Distracted Driving
2ef01517,9/7/24,5:47,"Toronto, Canada",-21.021448,94.50581,Rain,Under Construction,4,6,Weather Conditions
00a6e6df,9/23/24,17:32,"Mumbai, India",82.32699,-72.618889,Snow,Snowy,3,4,Distracted Driving
d7cb9d33,5/16/24,11:46,"Paris, France",-5.014855,-152.948819,Clear,Dry,4,9,Mechanical Failure
9ccb62c6,7/24/24,21:36,"New York, USA",10.239811,-24.057767,Rain,Under Construction,4,0,Weather Conditions
f52d74d9,4/15/23,14:19,"Mumbai, India",29.191976,-166.352152,Fog,Dry,4,1,Drunk Driving
a6a4ccab,3/13/23,6:39,"Sydney, Australia",-66.481801,48.187099,Fog,Gravel,2,4,Reckless Driving
bf186180,12/3/23,8:41,"Sydney, Australia",-59.299845,-94.195216,Snow,Icy,1,10,Speeding
4c53f2b2,5/10/23,7:03,"Tokyo, Japan",88.775772,106.216026,Storm,Snowy,4,2,Distracted Driving
44ec4fc0,6/29/23,20:47,"Beijing, China",-57.054093,-110.830725,Snow,Snowy,4,5,Reckless Driving
62fa7069,9/13/24,9:38,"Sydney, Australia",63.600181,-36.469628,Clear,Snowy,2,0,Weather Conditions
ff22405f,7/16/24,22:02,"Beijing, China",12.546996,31.060454,Hail,Gravel,2,3,Weather Conditions
f25923b2,7/20/23,8:39,"Tokyo, Japan",-81.266003,-65.313155,Hail,Icy,4,1,Speeding
bfc965e7,11/28/24,3:56,"Berlin, Germany",-6.583858,-60.341825,Rain,Icy,3,7,Mechanical Failure
aec1ff36,7/29/24,20:09,"Berlin, Germany",-85.108398,-47.312766,Snow,Wet,1,7,Weather Conditions
cbae9bbc,6/19/23,16:38,"Paris, France",-73.179303,-64.998378,Snow,Snowy,2,3,Drunk Driving
8cca8b5d,10/21/24,15:17,"Sydney, Australia",-61.699057,72.058151,Storm,Dry,4,8,Speeding
ec57786a,11/16/23,17:52,"Paris, France",-79.187672,49.972865,Rain,Under Construction,3,4,Drunk Driving
1b71df62,8/6/23,11:14,"Beijing, China",62.806399,-93.357669,Rain,Icy,5,9,Drunk Driving
39228305,5/22/24,23:00,"New York, USA",-43.991767,-37.145179,Hail,Under Construction,1,10,Weather Conditions
2b8a4b8d,1/27/23,5:32,"Sydney, Australia",81.024982,-32.314513,Rain,Dry,5,1,Weather Conditions
1df16886,1/3/23,22:13,"Beijing, China",-34.788329,36.955526,Hail,Icy,5,1,Speeding
95c945ea,4/15/24,6:05,"Tokyo, Japan",-41.399447,0.237689,Hail,Snowy,4,1,Mechanical Failure
5fbc125f,2/27/24,7:14,"Beijing, China",-61.007487,-61.344835,Clear,Dry,1,8,Distracted Driving
d76c294c,3/7/24,23:19,"Tokyo, Japan",-18.737405,74.902769,Clear,Icy,4,8,Distracted Driving
f3f5fe1b,1/23/23,17:15,"Paris, France",87.80577,-1.186119,Storm,Wet,5,1,Mechanical Failure
d1063b5b,7/10/23,16:09,"New York, USA",-86.284051,169.740147,Hail,Dry,3,3,Weather Conditions
d48f448c,4/6/23,12:39,"Paris, France",-10.940999,-106.50413,Snow,Under Construction,3,10,Distracted Driving
04c43367,12/12/23,8:54,"Sydney, Australia",-7.800384,165.133431,Rain,Icy,4,3,Weather Conditions
62f0d3f3,2/19/24,9:56,"Paris, France",47.729975,167.139864,Storm,Dry,2,8,Speeding
e9ed514e,7/26/23,19:15,"Beijing, China",12.111026,29.755606,Hail,Wet,3,7,Speeding
e3a64e53,8/6/23,3:10,"New York, USA",25.073722,143.110416,Rain,Snowy,1,5,Drunk Driving
f6132f49,1/15/24,12:57,"New York, USA",53.788724,10.13205,Snow,Wet,2,10,Distracted Driving
9df5d273,6/4/24,22:07,"Toronto, Canada",75.217214,178.46462,Snow,Gravel,5,5,Distracted Driving
158b4a81,10/18/24,23:00,"New York, USA",-79.810175,21.436429,Rain,Gravel,5,3,Drunk Driving
64874f6a,4/18/23,11:09,"London, UK",75.822244,88.255062,Fog,Icy,5,6,Drunk Driving
d8753949,8/4/23,23:52,"Beijing, China",-68.908894,35.016184,Storm,Icy,5,10,Distracted Driving
f8da5162,10/29/24,3:05,"Mumbai, India",-89.549721,89.103053,Rain,Gravel,2,6,Weather Conditions
ee0c3e48,5/28/23,4:30,"Mumbai, India",66.7889,-92.385833,Fog,Under Construction,1,9,Speeding
8d29986d,11/4/23,3:34,"New York, USA",-33.325717,-151.946977,Hail,Wet,1,8,Weather Conditions
7bcff086,7/10/23,5:55,"Berlin, Germany",-34.564836,38.962562,Hail,Snowy,2,9,Weather Conditions
f336d76b,4/10/24,21:40,"Sydney, Australia",86.68939,-79.28775,Snow,Gravel,2,9,Speeding
e8bda301,3/10/23,0:39,"Sydney, Australia",-27.101527,-70.286601,Rain,Snowy,4,8,Drunk Driving
306e100b,3/28/23,11:16,"Berlin, Germany",-73.234814,81.808639,Storm,Under Construction,4,7,Distracted Driving
0965a553,2/27/24,1:55,"Toronto, Canada",79.882072,-149.334649,Storm,Snowy,5,2,Reckless Driving
e2b79416,9/15/23,15:20,"Berlin, Germany",-30.479045,-157.63777,Fog,Snowy,4,10,Distracted Driving
4720db6b,11/28/23,13:21,"Sydney, Australia",84.627821,110.304746,Snow,Icy,5,3,Reckless Driving
9647542f,2/16/23,14:44,"Berlin, Germany",-21.423994,61.933807,Hail,Wet,4,9,Distracted Driving
34669a8f,4/9/23,9:25,"Toronto, Canada",35.151446,-58.719356,Clear,Icy,2,5,Weather Conditions
1e98aca1,12/16/23,3:27,"Sydney, Australia",-45.744003,-127.158914,Clear,Dry,4,2,Distracted Driving
dc9dbdf3,12/11/24,8:20,"London, UK",-61.842067,-98.409213,Hail,Snowy,2,8,Distracted Driving
dd63be91,7/13/24,16:02,"Berlin, Germany",20.048004,80.206956,Snow,Snowy,2,6,Reckless Driving
d683edb4,9/1/23,19:27,"London, UK",19.66938,-134.293629,Snow,Wet,1,8,Mechanical Failure
88ecfd3c,9/22/24,22:32,"Tokyo, Japan",51.656633,173.488456,Fog,Under Construction,5,2,Speeding
1a066552,12/14/23,9:56,"Sydney, Australia",70.821448,-103.450868,Storm,Dry,2,5,Mechanical Failure
a790de1b,1/16/23,14:40,"London, UK",51.189593,-145.593311,Clear,Wet,5,3,Reckless Driving
df5574d7,6/24/24,4:59,"Berlin, Germany",19.035673,114.40985,Storm,Icy,2,1,Drunk Driving
81c02e9a,7/14/24,23:23,"Beijing, China",59.176115,94.85537,Rain,Snowy,2,8,Reckless Driving
1b9cd9f0,3/7/23,13:03,"New York, USA",-61.664492,-145.178591,Rain,Under Construction,5,0,Drunk Driving
3f930863,8/29/24,15:12,"Toronto, Canada",-49.806433,-135.298853,Storm,Wet,2,9,Mechanical Failure
33834d08,3/7/24,5:21,"Tokyo, Japan",68.729853,-96.68384,Storm,Under Construction,1,5,Distracted Driving
c115fd56,10/9/24,16:14,"New York, USA",-35.193757,-67.61073,Rain,Wet,5,4,Distracted Driving
ea455da4,7/17/24,15:54,"New York, USA",-14.66765,24.19654,Snow,Gravel,4,10,Distracted Driving
8d67d5ca,11/1/23,13:38,"London, UK",-47.060606,141.330974,Storm,Under Construction,5,5,Reckless Driving
7d2782ee,9/15/24,11:42,"Sydney, Australia",8.069539,139.450098,Rain,Snowy,2,9,Distracted Driving
ca20e2a1,7/7/24,18:12,"London, UK",83.665572,143.887438,Storm,Under Construction,2,8,Speeding
3eea8e35,11/6/23,10:10,"Sydney, Australia",-88.35419,134.131179,Hail,Icy,1,4,Reckless Driving
d8c8149d,8/9/23,2:43,"Mumbai, India",28.557884,-6.319104,Clear,Icy,3,1,Speeding
3035b38c,8/6/23,20:13,"London, UK",-32.481529,42.94559,Clear,Gravel,2,6,Speeding
a3b0d4a4,2/24/23,0:10,"London, UK",45.171129,-126.838789,Fog,Under Construction,2,9,Distracted Driving
1ebc6189,12/4/24,10:10,"Sydney, Australia",-69.275672,147.405136,Snow,Dry,5,3,Drunk Driving
0def71ab,8/4/24,21:21,"Berlin, Germany",-85.2087,131.560017,Rain,Gravel,5,4,Speeding
feed1aad,2/9/23,17:48,"New York, USA",33.47508,99.427881,Snow,Gravel,1,3,Distracted Driving
a67d259a,8/7/24,4:58,"Berlin, Germany",-27.42611,-32.707601,Rain,Wet,1,3,Speeding
98c03fd6,12/30/23,0:34,"Toronto, Canada",-11.143687,-155.494426,Snow,Wet,3,3,Weather Conditions
b7036958,6/5/23,15:07,"London, UK",-51.962344,141.370898,Snow,Wet,4,2,Distracted Driving
1.62E+16,9/12/24,7:08,"Paris, France",-63.991673,153.303744,Clear,Snowy,5,4,Distracted Driving
c4bc682a,12/12/23,4:27,"Tokyo, Japan",-26.176087,-38.740528,Fog,Icy,4,9,Weather Conditions
36521ebd,11/23/24,13:01,"Paris, France",-88.7082,-52.474708,Hail,Wet,5,3,Mechanical Failure
f96290a1,7/30/23,9:09,"London, UK",-11.572794,65.859824,Storm,Dry,4,4,Drunk Driving
28b10390,3/22/24,10:44,"Berlin, Germany",35.512246,37.304731,Rain,Snowy,4,3,Speeding
b82d9fee,12/8/23,10:28,"Mumbai, India",-75.007181,-167.307076,Rain,Dry,2,6,Drunk Driving
83153a91,9/10/24,9:42,"New York, USA",-71.274207,90.608008,Rain,Snowy,2,7,Speeding
fc15d656,1/20/23,1:00,"Sydney, Australia",47.940059,-174.423546,Hail,Snowy,5,8,Distracted Driving
49abf1e7,9/3/24,4:32,"Mumbai, India",-59.594891,-30.238948,Rain,Gravel,5,6,Distracted Driving
4e1ad660,2/14/23,18:56,"Tokyo, Japan",84.564104,34.63973,Storm,Wet,1,6,Drunk Driving
485a491a,4/17/24,10:31,"Sydney, Australia",17.408693,14.706104,Snow,Under Construction,1,8,Weather Conditions
392aa79d,12/27/24,23:23,"Tokyo, Japan",-86.699747,-36.317562,Fog,Dry,3,10,Drunk Driving
ec174987,6/7/23,16:42,"Paris, France",79.782678,95.265169,Fog,Snowy,2,2,Speeding
a994a4e2,6/8/24,10:25,"Mumbai, India",46.102581,93.359174,Snow,Gravel,2,4,Reckless Driving
b63013fe,11/26/23,4:31,"New York, USA",44.750898,100.519731,Storm,Gravel,5,7,Distracted Driving
d942b9e0,7/7/23,19:33,"Mumbai, India",-66.354989,-73.261334,Hail,Gravel,4,1,Drunk Driving
fc07866c,10/13/24,14:02,"New York, USA",-31.534109,-175.340522,Snow,Snowy,5,1,Drunk Driving
bd8d2963,4/12/24,12:43,"Sydney, Australia",-57.723889,39.844418,Clear,Dry,4,3,Drunk Driving
873f88d7,2/1/24,3:56,"New York, USA",-56.67325,105.187451,Rain,Under Construction,2,0,Distracted Driving
b6c1ba07,4/15/24,18:37,"Mumbai, India",41.343056,-118.849089,Clear,Dry,4,7,Speeding
7830d3b3,6/1/24,15:23,"Sydney, Australia",43.686601,97.505843,Rain,Icy,5,2,Drunk Driving
715f6c6a,5/13/24,15:10,"London, UK",-75.040234,-63.418276,Fog,Gravel,2,1,Distracted Driving
50ff75dc,11/27/24,20:46,"Mumbai, India",-3.091369,-46.437328,Hail,Gravel,5,9,Reckless Driving
4f173dde,12/10/24,4:49,"Beijing, China",-14.493507,44.919584,Hail,Icy,1,8,Mechanical Failure
da84c74e,10/4/24,4:08,"Beijing, China",-61.027826,-89.600933,Fog,Wet,2,3,Speeding
d41e2399,8/3/23,4:26,"Sydney, Australia",-34.778764,-57.358958,Rain,Icy,1,3,Speeding
54c42451,1/24/24,8:04,"Paris, France",68.33608,82.799841,Clear,Dry,4,10,Speeding
efba0b64,7/28/23,10:56,"London, UK",37.504128,-83.100464,Snow,Gravel,2,4,Distracted Driving
688f69aa,9/11/23,16:13,"Paris, France",24.312158,113.147464,Snow,Snowy,5,2,Mechanical Failure
2d089f6d,11/19/23,23:28,"New York, USA",-82.116191,-79.873368,Snow,Dry,1,2,Drunk Driving
a206acb1,11/22/23,22:53,"Tokyo, Japan",-53.775461,12.751159,Fog,Snowy,2,7,Speeding
18eabfe7,9/29/23,5:55,"Toronto, Canada",55.334222,-20.525602,Hail,Under Construction,2,9,Weather Conditions
3ec750dc,6/11/24,15:55,"Paris, France",85.726301,143.873235,Hail,Snowy,3,0,Mechanical Failure
ece2a35b,11/25/24,3:08,"Mumbai, India",17.433344,103.737672,Snow,Under Construction,3,7,Mechanical Failure
eb32cfee,3/27/23,18:48,"Toronto, Canada",5.862563,147.415782,Hail,Icy,2,0,Distracted Driving
7b583c63,4/5/24,7:29,"New York, USA",-4.360997,67.437457,Clear,Wet,1,7,Reckless Driving
78d540c6,2/26/23,23:01,"Tokyo, Japan",-43.173916,67.197814,Hail,Wet,3,2,Drunk Driving
e666885f,9/17/23,1:23,"New York, USA",31.693726,-163.858136,Fog,Snowy,5,4,Mechanical Failure
3cc5b92c,9/19/24,9:29,"London, UK",53.411515,-77.106488,Clear,Dry,1,0,Reckless Driving
4aa40a04,2/19/24,3:00,"New York, USA",-63.051707,6.264907,Clear,Under Construction,4,5,Distracted Driving
73e26d9b,7/1/24,15:42,"New York, USA",-52.546455,-166.29373,Rain,Gravel,1,10,Speeding
092ccbb5,10/2/23,15:49,"Beijing, China",20.658493,-58.978963,Fog,Wet,1,10,Weather Conditions
e304322b,12/19/24,20:24,"Paris, France",-89.282695,-172.224046,Fog,Wet,2,2,Distracted Driving
f71f794c,1/28/24,21:56,"London, UK",53.38281,-79.900827,Hail,Gravel,4,7,Weather Conditions
7b00642a,2/29/24,11:15,"Berlin, Germany",-24.391175,-118.253813,Rain,Under Construction,5,8,Mechanical Failure
8.23E+28,1/15/24,13:25,"Beijing, China",10.318038,7.609473,Clear,Gravel,4,6,Drunk Driving
6e3f9116,11/21/24,11:18,"Berlin, Germany",10.65529,-14.695066,Hail,Dry,5,6,Reckless Driving
085070cb,9/7/23,17:09,"London, UK",33.111108,-3.83279,Rain,Gravel,3,0,Weather Conditions
c94fcb2e,5/9/23,6:17,"Paris, France",42.118178,92.366329,Hail,Dry,4,6,Distracted Driving
7c6b579a,4/2/23,12:52,"Beijing, China",-11.957203,-167.852614,Snow,Icy,1,9,Reckless Driving
fed0baf7,5/25/23,0:04,"Mumbai, India",0.289775,-43.380228,Rain,Under Construction,4,1,Mechanical Failure
a21bcb8b,3/22/23,5:39,"Beijing, China",-75.460681,113.452723,Storm,Dry,1,10,Drunk Driving
4a892cea,3/26/23,8:20,"Tokyo, Japan",44.362525,160.518002,Clear,Icy,4,4,Drunk Driving
7c9a01ed,3/6/24,15:04,"London, UK",-50.432004,-73.181257,Hail,Under Construction,3,9,Weather Conditions
75b856ff,12/14/24,4:35,"Berlin, Germany",-10.815861,122.295929,Hail,Gravel,3,1,Speeding
546728d7,2/1/23,3:11,"Mumbai, India",83.207243,137.73404,Hail,Dry,5,0,Reckless Driving
2be3da27,11/27/24,5:22,"Toronto, Canada",-3.22466,146.563298,Fog,Under Construction,3,5,Speeding
f9f45cb0,11/29/23,0:20,"New York, USA",1.722855,-63.179364,Clear,Snowy,2,9,Weather Conditions
65584cfe,12/19/23,16:01,"Tokyo, Japan",4.96824,-10.376673,Rain,Under Construction,5,6,Speeding
a7d136d8,11/24/24,1:51,"Tokyo, Japan",-36.429916,-39.291402,Hail,Icy,4,9,Distracted Driving
6473a20d,7/21/24,7:14,"Berlin, Germany",-56.144757,-58.496877,Snow,Under Construction,5,9,Drunk Driving
7e6dbe1a,1/19/23,6:10,"Berlin, Germany",-73.506389,34.006718,Hail,Under Construction,5,4,Weather Conditions
7a8ca486,12/30/24,13:57,"London, UK",-79.303332,-122.01449,Clear,Wet,3,0,Speeding
1347e88e,5/6/23,21:27,"Mumbai, India",-24.168233,-41.118032,Hail,Icy,5,9,Reckless Driving
9488f7fd,5/24/23,19:25,"Beijing, China",13.596027,46.860573,Rain,Dry,1,7,Weather Conditions
b665f268,7/10/24,12:31,"Berlin, Germany",-84.860654,-121.309964,Hail,Icy,3,6,Weather Conditions
031bf71c,7/14/23,1:29,"Mumbai, India",70.597829,166.058923,Clear,Gravel,1,8,Reckless Driving
b8c19af2,5/19/23,18:17,"Tokyo, Japan",49.772811,93.415155,Fog,Dry,5,3,Distracted Driving
163207b5,7/24/24,10:00,"New York, USA",10.1499,164.367954,Snow,Under Construction,5,1,Mechanical Failure
e817ef13,8/3/23,6:22,"Paris, France",42.350669,44.777162,Hail,Snowy,1,6,Drunk Driving
b2c718d6,4/24/24,18:45,"London, UK",-16.149423,11.13383,Clear,Gravel,1,10,Weather Conditions
29294db4,5/27/24,10:23,"Toronto, Canada",-26.697092,142.86295,Hail,Snowy,4,9,Mechanical Failure
93302efc,1/15/23,16:38,"New York, USA",-79.738016,-16.870452,Rain,Dry,3,8,Distracted Driving
77ab9a66,6/11/24,0:26,"London, UK",-31.756122,76.699414,Snow,Gravel,3,8,Reckless Driving
bbcede0c,8/19/23,17:48,"Tokyo, Japan",62.32412,47.511465,Clear,Under Construction,3,6,Drunk Driving
6bfe78a5,8/2/23,21:44,"Toronto, Canada",8.464962,74.556206,Storm,Wet,1,1,Distracted Driving
6be28872,2/27/24,10:06,"Beijing, China",-22.508786,38.718155,Clear,Icy,1,0,Weather Conditions
bf414ac8,4/24/23,17:35,"Sydney, Australia",73.811835,-177.627581,Hail,Dry,3,8,Reckless Driving
640184ee,10/13/23,10:40,"Berlin, Germany",-74.573003,-34.82777,Snow,Dry,5,10,Reckless Driving
332335f9,12/2/24,5:28,"Mumbai, India",-27.905223,67.442499,Fog,Icy,1,2,Weather Conditions
4901c1d5,10/11/24,18:28,"Toronto, Canada",-34.998403,171.608635,Rain,Under Construction,2,5,Mechanical Failure
79e5d1fb,8/27/23,21:13,"London, UK",-1.300686,173.563738,Storm,Icy,3,6,Mechanical Failure
25cf0f0e,7/14/24,16:46,"Sydney, Australia",-64.631616,80.163498,Clear,Wet,1,9,Drunk Driving
77140989,10/3/23,5:26,"Beijing, China",72.744093,-34.167341,Hail,Wet,5,8,Drunk Driving
ec2dd047,1/19/23,4:13,"New York, USA",49.007345,-74.17973,Clear,Gravel,5,4,Weather Conditions
9af7e1f2,11/18/23,18:16,"Beijing, China",38.868229,-152.802607,Fog,Dry,1,9,Speeding
ee1147fb,10/6/23,7:47,"Berlin, Germany",1.67136,137.47688,Fog,Snowy,4,8,Mechanical Failure
74bc05f6,7/25/23,10:33,"Berlin, Germany",-53.686662,-21.04248,Storm,Snowy,3,5,Weather Conditions
a9439334,12/17/23,18:46,"New York, USA",81.82109,-74.963779,Clear,Snowy,2,1,Distracted Driving
13c6afc0,1/10/24,7:50,"Berlin, Germany",-34.476738,-69.941534,Clear,Snowy,4,1,Distracted Driving
49196420,5/31/23,17:21,"Beijing, China",-77.735255,3.622163,Clear,Snowy,5,6,Reckless Driving
c21a0568,8/28/23,3:13,"New York, USA",19.816691,-108.558636,Snow,Under Construction,2,6,Speeding
20dbe69e,3/9/23,0:40,"Beijing, China",50.204614,42.277863,Clear,Gravel,2,7,Distracted Driving
f03db7d3,5/27/23,6:20,"Tokyo, Japan",16.856035,16.243129,Storm,Under Construction,4,10,Drunk Driving
ac8bea44,5/26/23,22:05,"London, UK",-40.157828,-41.110238,Rain,Snowy,2,7,Mechanical Failure
9c70853d,9/19/24,12:16,"Berlin, Germany",-72.950369,-134.929566,Hail,Gravel,1,5,Distracted Driving
8ca64f40,9/17/24,3:24,"Mumbai, India",-54.544971,33.443247,Hail,Under Construction,5,10,Distracted Driving
70eae856,10/11/24,15:14,"Berlin, Germany",-9.078207,-129.01168,Fog,Icy,4,8,Weather Conditions
590e9ed8,12/5/23,7:42,"Paris, France",38.284918,-121.548865,Storm,Snowy,2,4,Reckless Driving
54732442,1/8/23,9:48,"New York, USA",-67.943707,172.446946,Fog,Dry,3,2,Weather Conditions
47824a1a,4/19/24,21:13,"New York, USA",-44.975741,-15.048234,Clear,Icy,3,9,Reckless Driving
f8134c3f,11/13/23,3:42,"Beijing, China",39.914583,-69.391371,Hail,Wet,1,5,Distracted Driving
0c6bd21f,11/17/23,9:31,"Toronto, Canada",-17.981479,28.575547,Storm,Dry,2,6,Speeding
07e7fb7a,4/13/23,3:40,"New York, USA",-18.666904,-71.534392,Rain,Snowy,3,2,Drunk Driving
b451b5fd,7/4/24,13:38,"Paris, France",-16.845006,-141.334019,Hail,Icy,1,7,Weather Conditions
c2ecc690,3/7/24,23:55,"Berlin, Germany",-73.917908,-74.295099,Fog,Icy,1,2,Drunk Driving
04ebc5c7,4/4/23,13:05,"Berlin, Germany",58.842978,-13.275154,Storm,Snowy,2,0,Reckless Driving
779e631c,8/22/24,7:42,"Sydney, Australia",32.867477,-66.270682,Fog,Wet,4,7,Mechanical Failure
328de727,8/24/23,6:28,"Paris, France",77.731767,79.508388,Hail,Snowy,2,5,Distracted Driving
556b9f43,6/1/24,19:38,"Berlin, Germany",-53.5622,-47.789089,Snow,Dry,1,5,Reckless Driving
173f1434,2/23/23,13:32,"Beijing, China",72.70829,52.079974,Storm,Dry,5,4,Drunk Driving
3b6c5e06,6/30/23,12:42,"Paris, France",-34.010369,-84.041768,Clear,Dry,2,7,Distracted Driving
d12bc5a1,8/29/24,6:44,"Berlin, Germany",32.357367,-38.597951,Fog,Snowy,2,9,Mechanical Failure
94d90306,10/20/23,13:47,"Tokyo, Japan",-46.688103,-89.474163,Fog,Dry,1,4,Speeding
02319bc3,8/23/24,9:22,"Paris, France",-59.670234,79.209193,Hail,Dry,2,10,Mechanical Failure
56e3e55e,5/8/24,13:33,"New York, USA",-87.922415,-145.79893,Storm,Snowy,4,7,Distracted Driving
1e3b1307,9/1/23,0:35,"Toronto, Canada",54.715438,140.179673,Rain,Snowy,2,1,Reckless Driving
447f31fa,9/4/24,12:37,"London, UK",-82.556709,-154.296571,Storm,Dry,5,0,Weather Conditions
759a9b56,2/11/23,22:27,"New York, USA",-37.103477,-81.874044,Rain,Icy,2,3,Speeding
4b7cd751,10/3/24,10:39,"Mumbai, India",-35.610975,87.730286,Snow,Snowy,3,2,Reckless Driving
9a3797f5,4/13/23,14:08,"Toronto, Canada",-88.087197,90.540614,Clear,Icy,4,0,Mechanical Failure
cec306da,11/17/24,14:38,"London, UK",29.109325,-79.339419,Hail,Under Construction,5,0,Weather Conditions
13ba8562,6/17/23,23:21,"Tokyo, Japan",12.951415,-39.992399,Snow,Under Construction,4,7,Speeding
7d5e8967,8/3/23,18:46,"Beijing, China",-42.620372,23.823892,Snow,Snowy,2,4,Reckless Driving
0b975281,5/3/23,18:55,"Tokyo, Japan",39.252464,36.239088,Clear,Icy,1,10,Mechanical Failure
0f21029b,8/13/23,11:44,"Tokyo, Japan",60.936359,132.894836,Storm,Under Construction,1,3,Mechanical Failure
b5b91bac,5/5/24,15:17,"Mumbai, India",-87.089602,-131.933759,Rain,Gravel,1,7,Distracted Driving
43c18e30,11/25/23,17:42,"London, UK",72.50237,21.992239,Storm,Under Construction,3,0,Distracted Driving
50e702ae,10/8/23,12:32,"Tokyo, Japan",-3.073963,-150.561491,Hail,Icy,1,10,Distracted Driving
5a10a023,10/31/24,23:25,"Tokyo, Japan",-48.624184,-14.720756,Hail,Wet,2,2,Speeding
da778a6e,10/28/24,8:46,"Toronto, Canada",-28.587608,39.900603,Hail,Gravel,4,0,Distracted Driving
cbdc3b0f,4/6/24,14:49,"Sydney, Australia",23.910997,10.307509,Fog,Under Construction,3,5,Reckless Driving
17e91dec,11/22/23,19:26,"Tokyo, Japan",-2.946809,-31.372205,Rain,Gravel,3,0,Mechanical Failure
e58e9b9f,8/21/24,11:01,"Toronto, Canada",68.90529,-97.894936,Storm,Icy,4,7,Reckless Driving
fdc48605,3/10/23,20:42,"Beijing, China",24.94941,-90.63396,Hail,Icy,3,5,Weather Conditions
d91b3c91,3/8/24,10:41,"New York, USA",86.566738,-160.627533,Hail,Dry,2,4,Reckless Driving
85a704ef,5/18/24,1:18,"New York, USA",69.604203,-87.768047,Rain,Snowy,5,2,Drunk Driving
34b81835,12/27/24,4:14,"Toronto, Canada",50.405773,110.439386,Storm,Dry,1,5,Weather Conditions
612a14b3,3/8/24,21:00,"Beijing, China",29.385958,-110.095338,Fog,Snowy,3,7,Distracted Driving
f21a0d4c,6/26/24,21:14,"Beijing, China",-80.094715,-147.44629,Hail,Wet,2,2,Speeding
9909a3b1,7/15/24,11:16,"Tokyo, Japan",-73.962906,-82.983361,Storm,Under Construction,3,7,Weather Conditions
bc1b1261,6/11/24,4:45,"Sydney, Australia",-16.03555,-144.978005,Rain,Snowy,1,8,Speeding
be8ff94e,5/6/24,4:27,"Toronto, Canada",3.457058,69.683542,Rain,Gravel,5,4,Reckless Driving
cb075d8a,5/18/23,17:51,"Tokyo, Japan",11.902127,-111.977231,Clear,Gravel,2,5,Drunk Driving
4a054fe2,7/8/23,7:43,"Paris, France",7.523646,-9.401216,Storm,Gravel,2,2,Reckless Driving
8f914e91,10/11/24,9:40,"Berlin, Germany",-46.225725,120.83396,Hail,Wet,3,5,Drunk Driving
ec615da4,1/3/23,4:48,"Paris, France",-70.494869,89.096446,Hail,Icy,5,9,Distracted Driving
67509229,6/26/23,18:31,"Toronto, Canada",-38.869079,-113.873967,Hail,Gravel,2,9,Drunk Driving
93ab2c4e,1/19/23,5:56,"Mumbai, India",-72.024659,112.344168,Rain,Snowy,3,5,Mechanical Failure
17296cd7,2/17/24,13:52,"Tokyo, Japan",87.685897,-46.299731,Fog,Wet,5,1,Reckless Driving
11a41ba6,2/5/23,3:50,"Tokyo, Japan",-83.660279,-2.967646,Clear,Icy,2,2,Mechanical Failure
3e64b9b0,1/7/23,2:45,"Tokyo, Japan",-38.219975,97.448339,Rain,Snowy,3,7,Speeding
ab377806,6/29/24,14:17,"Tokyo, Japan",73.284137,-164.501006,Clear,Under Construction,1,0,Weather Conditions
7175f8d3,3/10/23,22:16,"Toronto, Canada",45.741842,8.662299,Clear,Snowy,4,0,Mechanical Failure
848f0de3,5/5/24,10:00,"Sydney, Australia",-40.374733,-166.281402,Fog,Dry,5,8,Speeding
91509d29,5/20/24,14:37,"London, UK",87.433718,89.365483,Hail,Snowy,2,7,Drunk Driving
a30be9cc,7/2/24,17:38,"New York, USA",-4.234513,-9.200028,Snow,Icy,5,0,Drunk Driving
8ed2674d,10/17/24,4:23,"Berlin, Germany",-64.697178,-45.540588,Storm,Wet,3,2,Weather Conditions
6e420cce,9/19/23,18:54,"London, UK",87.029836,114.593774,Storm,Gravel,1,2,Mechanical Failure
a0f53e61,2/10/23,17:55,"Tokyo, Japan",-26.942176,62.546302,Clear,Dry,2,10,Distracted Driving
f38df991,12/5/23,6:04,"Paris, France",13.914271,-57.474207,Hail,Snowy,3,0,Mechanical Failure
3134c8c0,5/2/24,7:27,"New York, USA",-15.042583,-76.528935,Storm,Icy,4,5,Weather Conditions
b3c30706,2/23/24,11:53,"Paris, France",-89.87618,106.731492,Storm,Gravel,3,7,Mechanical Failure
72c79f70,6/1/23,19:04,"Berlin, Germany",73.368615,-154.32203,Storm,Gravel,2,0,Drunk Driving
b8ab057e,8/9/24,11:33,"London, UK",-52.14215,148.385669,Fog,Wet,4,3,Distracted Driving
6db2207c,1/14/23,17:01,"London, UK",-86.355436,3.79232,Storm,Wet,2,7,Weather Conditions
c15381ac,5/12/24,1:09,"London, UK",67.444208,-147.321132,Hail,Gravel,3,6,Drunk Driving
b56ace9d,6/7/23,4:47,"Beijing, China",-5.799944,39.310367,Storm,Dry,2,5,Speeding
b19426e6,3/7/23,7:06,"Beijing, China",-5.189953,62.867806,Clear,Under Construction,4,6,Reckless Driving
f868e727,7/24/24,2:50,"London, UK",54.660351,128.630847,Clear,Wet,5,0,Reckless Driving
ab47bf4e,7/10/23,20:16,"Mumbai, India",74.461004,-108.095535,Storm,Icy,3,6,Reckless Driving
60bff701,6/16/23,3:09,"Sydney, Australia",-34.144538,38.706175,Storm,Icy,2,3,Reckless Driving
51d37332,8/30/24,0:57,"Berlin, Germany",64.915087,38.675154,Snow,Under Construction,4,3,Mechanical Failure
974fe531,7/31/23,6:59,"Paris, France",-27.869825,-159.791379,Snow,Gravel,2,6,Speeding
f8064eb0,4/27/23,7:25,"Paris, France",32.862673,-164.389886,Fog,Gravel,3,2,Weather Conditions
7c299b3f,12/5/23,3:30,"New York, USA",69.145403,-175.397892,Clear,Icy,1,3,Drunk Driving
9dddc051,11/8/24,12:24,"New York, USA",72.987093,-115.914831,Hail,Under Construction,5,6,Drunk Driving
89010d03,2/4/23,1:33,"Toronto, Canada",-51.298944,-104.029368,Hail,Gravel,4,3,Drunk Driving
29b12667,7/31/23,16:43,"London, UK",7.122834,-72.328129,Snow,Under Construction,3,7,Reckless Driving
51d4614f,12/4/23,23:29,"Beijing, China",17.239111,115.327641,Rain,Gravel,5,3,Reckless Driving
5294fbb1,4/29/24,18:23,"New York, USA",5.802627,12.932788,Clear,Snowy,5,9,Speeding
1537b5cc,1/26/23,11:29,"Paris, France",85.036176,60.014784,Hail,Under Construction,5,2,Mechanical Failure
9a71ee7f,9/19/23,6:23,"New York, USA",84.560962,-164.744416,Clear,Dry,3,5,Weather Conditions
7dfefd81,4/11/23,18:55,"Sydney, Australia",58.497298,139.650842,Snow,Wet,2,6,Drunk Driving
f6dce0a0,2/20/24,1:45,"Paris, France",-54.299468,-66.130274,Fog,Dry,2,3,Reckless Driving
dbe6fa27,11/21/23,10:55,"Toronto, Canada",64.156127,98.467237,Rain,Snowy,3,8,Mechanical Failure
015406c7,5/17/24,4:14,"Toronto, Canada",40.295056,38.74885,Clear,Snowy,4,9,Speeding
55419434,1/4/23,21:46,"Paris, France",-29.546047,-52.675981,Storm,Snowy,4,7,Weather Conditions
d7847154,9/1/24,13:06,"London, UK",43.254233,-74.40063,Fog,Wet,1,7,Mechanical Failure
9a8f9d15,4/9/23,12:14,"Tokyo, Japan",-72.569967,169.798525,Snow,Icy,2,5,Weather Conditions
b8cbc1e3,10/3/23,13:18,"London, UK",-68.791822,-169.310491,Fog,Dry,3,8,Drunk Driving
8032cc23,5/14/23,3:29,"Berlin, Germany",4.900636,117.137333,Storm,Gravel,5,7,Weather Conditions
da541409,8/16/24,3:48,"Paris, France",-52.814889,-2.154303,Fog,Snowy,4,3,Weather Conditions
f1802d21,9/23/23,23:14,"Tokyo, Japan",-4.152292,140.022845,Rain,Under Construction,4,2,Speeding
bc4953ac,2/9/23,16:30,"London, UK",-38.417532,-18.918301,Rain,Under Construction,1,2,Distracted Driving
ad8303aa,8/13/23,8:32,"Toronto, Canada",-50.746652,-105.92566,Clear,Dry,3,6,Drunk Driving
ca6fed22,9/25/24,13:33,"Paris, France",31.250642,-151.850471,Clear,Snowy,1,0,Reckless Driving
12eef9aa,10/14/24,17:04,"Toronto, Canada",42.913978,-62.330137,Rain,Wet,1,10,Speeding
4e22e209,7/5/23,23:08,"Beijing, China",-14.938579,116.775416,Fog,Under Construction,2,9,Drunk Driving
b4bc2408,7/27/23,5:10,"Sydney, Australia",54.61061,7.297091,Hail,Icy,4,5,Distracted Driving
54fa419a,4/2/23,19:53,"Sydney, Australia",-82.671468,72.338112,Hail,Gravel,2,2,Drunk Driving
86495f92,7/20/24,21:33,"Tokyo, Japan",34.389302,-134.720695,Rain,Under Construction,4,4,Distracted Driving
a2ca3d3b,9/23/23,22:44,"Tokyo, Japan",-43.233476,135.465855,Snow,Dry,3,10,Weather Conditions
9ea443d5,6/16/24,17:10,"Tokyo, Japan",33.633795,-66.274286,Clear,Gravel,4,2,Mechanical Failure
a779b12a,5/18/23,18:35,"Toronto, Canada",13.802719,176.534619,Rain,Gravel,2,2,Mechanical Failure
244e0e25,3/29/24,2:48,"Paris, France",-11.568151,-108.426113,Storm,Under Construction,4,5,Drunk Driving
004a5717,8/7/23,11:28,"London, UK",-79.269004,-134.838325,Hail,Gravel,5,9,Distracted Driving
689d5350,1/25/24,14:31,"Toronto, Canada",-12.664261,7.617166,Rain,Wet,1,1,Distracted Driving
9ff70448,3/14/23,5:11,"Sydney, Australia",-31.177992,-117.604635,Rain,Icy,5,0,Weather Conditions
376ce50c,5/8/24,6:13,"London, UK",-12.152158,-44.826022,Hail,Dry,2,8,Mechanical Failure
076e1af5,3/30/24,18:54,"Sydney, Australia",-9.274772,132.321529,Snow,Icy,5,1,Reckless Driving
5dfa5f48,5/17/23,2:25,"London, UK",-14.74096,-75.406058,Snow,Wet,3,1,Speeding
b4989c21,6/21/24,20:37,"Paris, France",-25.969202,86.473521,Clear,Icy,2,8,Drunk Driving
79f9303d,3/11/24,13:28,"Berlin, Germany",11.755441,-111.300285,Storm,Gravel,3,5,Reckless Driving
c6eb6983,7/6/24,9:24,"Mumbai, India",-31.451093,65.435531,Fog,Gravel,2,0,Weather Conditions
1a57d0d8,6/15/23,9:15,"Berlin, Germany",28.784733,132.561738,Hail,Snowy,5,1,Distracted Driving
f2ecce0d,9/23/23,5:29,"Berlin, Germany",13.433428,-15.5117,Storm,Under Construction,2,6,Weather Conditions
177cb062,6/17/23,0:04,"Beijing, China",-74.025999,-148.186717,Storm,Icy,5,2,Reckless Driving
61624b46,4/30/24,20:26,"Tokyo, Japan",58.593743,106.066977,Snow,Icy,5,10,Reckless Driving
9d83aad8,6/1/23,4:55,"New York, USA",75.395088,23.393038,Snow,Dry,1,3,Drunk Driving
3ce99831,7/16/24,4:49,"Tokyo, Japan",-66.44664,-96.82185,Snow,Under Construction,3,1,Weather Conditions
c4172783,7/5/23,6:51,"Tokyo, Japan",42.739452,-115.976707,Hail,Dry,3,3,Weather Conditions
a407cfec,8/25/24,5:53,"New York, USA",51.814175,-28.863333,Snow,Under Construction,5,4,Reckless Driving
4227f86a,1/26/24,5:25,"Tokyo, Japan",25.519964,-152.32383,Rain,Wet,5,4,Speeding
238c0004,9/8/23,10:46,"New York, USA",-27.019848,126.138778,Hail,Dry,2,8,Reckless Driving
86a1f04b,5/9/24,3:26,"Tokyo, Japan",72.32434,-68.397207,Hail,Gravel,4,3,Distracted Driving
750af340,2/15/24,23:13,"Sydney, Australia",12.55584,-134.647104,Fog,Gravel,4,7,Reckless Driving
cb7fe2a9,10/6/24,8:13,"Toronto, Canada",3.997334,137.707219,Hail,Icy,4,2,Distracted Driving
3839ff59,4/6/24,17:57,"New York, USA",24.364803,-107.625721,Storm,Under Construction,5,5,Speeding
1d0886e8,12/14/24,17:47,"Berlin, Germany",49.236823,33.965549,Storm,Dry,1,5,Distracted Driving
51e45d47,7/2/24,19:58,"Toronto, Canada",-34.893207,27.401765,Fog,Under Construction,4,3,Drunk Driving
1.05E+83,5/5/24,17:47,"Toronto, Canada",-85.113943,109.396471,Fog,Dry,5,1,Mechanical Failure
2e5b3911,10/20/23,6:35,"Toronto, Canada",-33.463758,49.315461,Fog,Gravel,3,9,Speeding
5124f83d,11/5/23,5:31,"Paris, France",-79.936678,-36.699335,Snow,Under Construction,5,9,Weather Conditions
d32713a7,4/22/23,12:51,"Mumbai, India",5.226473,53.954591,Clear,Snowy,3,8,Reckless Driving
51552c89,9/29/24,18:30,"Beijing, China",-33.549748,-69.362344,Storm,Icy,1,4,Speeding
b7ff3fa8,12/19/23,19:31,"Beijing, China",-51.509596,-87.946777,Rain,Gravel,2,6,Mechanical Failure
e26d4a44,10/8/23,10:38,"Paris, France",26.226406,115.27381,Clear,Dry,3,8,Weather Conditions
376b4140,1/11/24,21:44,"Tokyo, Japan",72.259235,175.351465,Clear,Gravel,1,6,Drunk Driving
86f729e0,2/25/23,21:50,"London, UK",-71.858971,-42.590685,Hail,Snowy,4,7,Distracted Driving
acf2dc22,1/26/24,8:00,"New York, USA",51.046786,-80.172598,Rain,Dry,4,4,Drunk Driving
4aa82018,3/28/24,17:34,"Tokyo, Japan",-89.802956,-19.447474,Clear,Icy,1,1,Reckless Driving
b69a717a,1/21/24,0:37,"Sydney, Australia",86.989881,164.655199,Clear,Under Construction,2,7,Drunk Driving
b976e998,11/29/23,0:26,"London, UK",-84.66438,115.715526,Storm,Wet,2,9,Speeding
b8ee8471,3/10/23,23:46,"Paris, France",-62.821952,178.555894,Clear,Gravel,1,3,Reckless Driving
16892156,6/2/23,22:11,"Paris, France",55.125738,-176.238242,Fog,Wet,4,4,Drunk Driving
5e4821db,2/13/23,21:44,"Paris, France",-80.603954,-146.48433,Rain,Wet,3,3,Drunk Driving
f156c7fd,3/13/24,19:27,"Sydney, Australia",17.637995,156.040704,Snow,Dry,2,3,Distracted Driving
dd030791,4/8/23,1:13,"New York, USA",-0.033199,2.50557,Rain,Under Construction,2,0,Mechanical Failure
c85d0767,12/1/24,2:00,"Paris, France",87.910334,172.973697,Fog,Dry,4,10,Reckless Driving
e05239fe,12/3/23,8:51,"Berlin, Germany",-56.283711,-43.779818,Storm,Gravel,5,7,Distracted Driving
e2dbb1cb,9/11/23,4:25,"Paris, France",4.473328,138.423027,Fog,Wet,2,8,Drunk Driving
b6b4c73e,3/31/23,0:19,"Mumbai, India",13.969775,-164.365238,Storm,Icy,2,4,Distracted Driving
0930b669,12/15/23,2:36,"Sydney, Australia",-65.621716,90.983441,Hail,Wet,1,5,Drunk Driving
5a48bfc2,7/26/23,3:56,"Sydney, Australia",12.994014,33.447049,Hail,Wet,5,0,Speeding
2f76c98b,11/22/24,7:15,"Mumbai, India",13.846242,85.786244,Clear,Under Construction,2,5,Reckless Driving
040a87bc,4/23/23,9:44,"Beijing, China",-64.958969,-111.827498,Clear,Snowy,2,10,Drunk Driving
879600,6/18/24,19:06,"New York, USA",-83.217821,81.486345,Rain,Gravel,1,4,Reckless Driving
49b15dbb,10/17/24,20:24,"Mumbai, India",-55.161504,-144.395529,Storm,Dry,5,9,Speeding
7f513f9a,9/1/24,2:38,"Sydney, Australia",28.778718,77.793339,Clear,Dry,1,1,Distracted Driving
fd4ef912,7/17/23,4:24,"Mumbai, India",-70.786767,-104.853606,Fog,Snowy,4,1,Distracted Driving
b0bb887e,8/8/23,6:48,"London, UK",5.680121,78.054081,Fog,Icy,4,8,Mechanical Failure
f30c93b3,6/27/23,7:21,"Paris, France",3.556679,38.730854,Rain,Snowy,5,2,Drunk Driving
5016879a,3/31/24,10:36,"Beijing, China",-41.404425,108.515226,Snow,Gravel,4,1,Distracted Driving
fde61dd6,2/3/23,14:58,"Mumbai, India",-37.538141,17.518155,Fog,Icy,4,5,Distracted Driving
b4c39433,5/15/23,21:16,"Beijing, China",-40.817961,169.205398,Snow,Dry,4,7,Reckless Driving
e7d4a7c3,3/29/24,3:10,"Sydney, Australia",87.95688,147.370351,Hail,Snowy,4,1,Weather Conditions
3363cd8b,2/13/24,21:17,"Mumbai, India",-37.377874,-73.393252,Rain,Under Construction,4,1,Distracted Driving
2738dd75,11/23/23,22:22,"Beijing, China",83.983451,155.539221,Snow,Wet,5,8,Speeding
dad94317,3/4/23,2:26,"Sydney, Australia",-10.572508,177.86941,Clear,Dry,1,2,Drunk Driving
7fecd03a,3/3/24,15:59,"London, UK",39.497855,-165.768425,Storm,Under Construction,5,7,Mechanical Failure
35ac6c08,10/3/23,19:32,"Toronto, Canada",-17.525898,119.650924,Clear,Snowy,1,1,Reckless Driving
9d8e0f14,8/2/23,21:33,"Mumbai, India",47.678335,7.324084,Storm,Under Construction,3,9,Distracted Driving
7d1eb684,12/8/23,4:00,"London, UK",-19.783591,85.000869,Storm,Under Construction,2,10,Reckless Driving
2f5c493e,12/16/23,2:52,"London, UK",-2.470618,54.707585,Clear,Under Construction,3,4,Mechanical Failure
5aa33562,3/22/23,22:02,"Mumbai, India",51.277264,-64.757166,Hail,Gravel,2,8,Distracted Driving
12c25f33,9/29/24,13:46,"London, UK",77.151543,10.016261,Rain,Under Construction,2,2,Distracted Driving
d4c1cfdb,10/1/23,11:42,"Toronto, Canada",-68.127716,132.889207,Storm,Wet,5,5,Weather Conditions
4313355e,7/15/24,20:54,"Beijing, China",-12.300787,-51.166102,Snow,Dry,4,5,Distracted Driving
e49d13ee,5/12/24,18:18,"New York, USA",58.729163,115.876724,Snow,Gravel,1,3,Speeding
80e1420a,5/24/24,14:33,"Sydney, Australia",-68.463546,155.173507,Hail,Gravel,4,0,Mechanical Failure
6101b6cb,1/11/23,1:06,"Toronto, Canada",54.42952,-38.032397,Hail,Icy,1,1,Drunk Driving
efab628c,12/3/24,16:56,"Paris, France",-33.907713,25.856316,Storm,Snowy,4,2,Drunk Driving
6fa1c251,3/13/23,14:35,"Paris, France",21.906729,-79.723152,Fog,Snowy,5,9,Drunk Driving
23f1f801,4/21/23,4:49,"New York, USA",-10.543646,18.053047,Rain,Under Construction,2,9,Weather Conditions
1b189027,9/19/24,14:28,"Toronto, Canada",-62.870438,-92.222614,Clear,Dry,5,4,Mechanical Failure
cf2cb206,5/4/24,13:36,"London, UK",84.358016,170.152282,Fog,Gravel,1,6,Reckless Driving
adc22525,5/6/24,18:38,"New York, USA",82.738762,51.25837,Fog,Dry,5,0,Mechanical Failure
202909,11/4/24,22:01,"Beijing, China",85.293338,14.100486,Snow,Snowy,1,4,Reckless Driving
7f218f0b,4/4/24,22:44,"London, UK",-36.440184,107.288521,Fog,Wet,1,9,Reckless Driving
eb1ab7ec,5/31/23,15:36,"Beijing, China",-63.544624,-15.399941,Fog,Wet,2,1,Drunk Driving
5906957a,9/11/24,10:27,"London, UK",-59.991719,-27.052651,Hail,Gravel,4,7,Drunk Driving
d6017ae6,9/21/24,19:28,"Beijing, China",-0.880981,-163.514367,Storm,Gravel,5,8,Speeding
1ddce723,2/10/23,5:04,"New York, USA",-13.283688,-12.821101,Clear,Dry,5,10,Reckless Driving
3fba8a5a,11/2/23,4:41,"Tokyo, Japan",-79.288501,157.851921,Snow,Wet,3,3,Mechanical Failure
bf764378,2/19/24,14:06,"Sydney, Australia",79.680205,124.600057,Hail,Wet,5,7,Drunk Driving
3cd2dd5a,5/13/24,4:32,"Paris, France",38.148367,-69.338972,Clear,Icy,2,1,Drunk Driving
b6b3c346,4/13/23,20:43,"New York, USA",45.176283,-63.730976,Clear,Icy,2,7,Speeding
002e9e0d,10/6/24,18:10,"Beijing, China",53.731776,-83.699141,Rain,Wet,1,6,Drunk Driving
e21abfb7,8/25/24,8:18,"Toronto, Canada",78.893723,74.16568,Fog,Gravel,2,5,Speeding
341b4c17,4/30/23,7:36,"Mumbai, India",-34.25841,6.298434,Clear,Icy,4,9,Drunk Driving
bc9f392b,4/11/24,10:12,"Paris, France",75.872443,-138.802393,Fog,Dry,3,9,Reckless Driving
8b4740ca,5/7/24,17:09,"Mumbai, India",-13.598908,-134.13233,Snow,Gravel,5,4,Speeding
2882fcfa,1/17/23,13:20,"Mumbai, India",83.317114,-157.082797,Snow,Dry,4,0,Mechanical Failure
830ca358,11/15/24,7:03,"Beijing, China",-5.648712,108.532549,Hail,Snowy,4,1,Drunk Driving
9f5d162b,11/25/23,14:50,"Beijing, China",-83.369733,108.879085,Rain,Wet,4,5,Speeding
cd0e6350,10/15/23,17:44,"Toronto, Canada",15.172105,-110.913267,Storm,Wet,2,6,Distracted Driving
0f85cd86,7/3/23,1:07,"Tokyo, Japan",71.695244,2.938619,Fog,Snowy,5,2,Speeding
1ac8fb7e,9/11/23,11:16,"Berlin, Germany",40.738709,-10.727289,Snow,Snowy,2,8,Drunk Driving
02d64daa,7/1/24,15:09,"Paris, France",-23.546493,15.477041,Fog,Under Construction,4,9,Reckless Driving
6c9c633e,10/31/23,16:48,"Sydney, Australia",-32.706759,115.371104,Fog,Dry,2,4,Speeding
d18e5761,9/5/24,10:42,"Mumbai, India",-62.57719,-45.016363,Clear,Snowy,4,2,Speeding
7bd8e398,12/28/23,9:48,"London, UK",-53.698286,167.498715,Hail,Dry,4,1,Mechanical Failure
c1c97c63,10/9/23,7:16,"New York, USA",-76.309855,-72.02242,Snow,Dry,1,3,Weather Conditions
fb295749,4/30/24,1:43,"Berlin, Germany",78.424132,97.335428,Rain,Wet,5,5,Drunk Driving
f1da9b31,6/5/24,12:49,"Paris, France",-12.139478,142.769867,Rain,Snowy,4,5,Reckless Driving
366eabd8,6/12/24,21:07,"Berlin, Germany",-69.335166,-158.240346,Hail,Dry,1,10,Reckless Driving
c1f34088,7/10/23,22:59,"Mumbai, India",-35.175798,0.145061,Clear,Under Construction,3,0,Drunk Driving
259ab4b9,10/14/23,21:12,"Beijing, China",15.061767,116.129182,Snow,Under Construction,1,10,Mechanical Failure
6b3c9492,5/16/24,17:12,"Sydney, Australia",-64.096163,-75.007804,Rain,Dry,1,1,Speeding
e38d4661,8/26/23,19:19,"Sydney, Australia",-59.567253,85.368108,Rain,Gravel,1,2,Weather Conditions
8deb7e22,8/24/23,3:32,"Mumbai, India",69.930668,-159.770404,Storm,Icy,5,0,Reckless Driving
7ee4da25,2/29/24,0:31,"Beijing, China",-77.13159,60.590904,Snow,Snowy,1,5,Drunk Driving
df5b17b5,2/10/23,10:03,"Beijing, China",-33.43191,67.549161,Storm,Wet,3,5,Distracted Driving
bc936e47,7/17/24,4:24,"Toronto, Canada",43.767615,-99.773956,Hail,Dry,2,8,Mechanical Failure
0136254c,5/27/23,4:45,"Berlin, Germany",-26.641397,26.433873,Storm,Dry,3,8,Reckless Driving
82dae1a7,3/9/23,18:24,"Toronto, Canada",41.937456,-140.22943,Clear,Icy,2,3,Drunk Driving
7e9e3a2e,2/29/24,13:12,"Mumbai, India",49.232107,-131.573094,Hail,Wet,1,1,Mechanical Failure
1646352e,9/28/24,18:48,"Toronto, Canada",41.252345,91.022174,Hail,Gravel,3,6,Distracted Driving
21012bcc,5/27/23,18:49,"Berlin, Germany",3.12163,-72.0841,Snow,Snowy,1,2,Mechanical Failure
9597f049,8/6/23,9:05,"Tokyo, Japan",67.328286,-149.763651,Snow,Dry,1,5,Drunk Driving
99a311a6,6/12/24,3:43,"Sydney, Australia",28.514533,-86.567622,Storm,Snowy,3,5,Weather Conditions
c31f8743,12/30/23,8:47,"New York, USA",16.442738,-105.923371,Hail,Gravel,1,2,Reckless Driving
5e24df3b,4/4/23,15:16,"Toronto, Canada",21.283188,-89.82081,Clear,Wet,1,10,Reckless Driving
b89b9fb5,1/31/24,11:51,"Toronto, Canada",-69.025712,-130.274004,Rain,Wet,2,0,Mechanical Failure
41729ee4,10/19/23,20:53,"New York, USA",-61.958372,10.894868,Rain,Wet,5,5,Speeding
7f1ddbfc,5/28/23,20:12,"Sydney, Australia",-87.964566,-106.179142,Snow,Wet,2,4,Drunk Driving
e3b4c482,6/11/23,19:28,"Mumbai, India",17.112502,-160.008312,Rain,Under Construction,2,9,Distracted Driving
06e5e3a3,6/30/24,6:27,"Paris, France",-58.339732,-172.164782,Hail,Under Construction,1,9,Drunk Driving
e4a43314,7/25/23,16:35,"Beijing, China",-67.889147,18.208031,Snow,Icy,3,10,Speeding
e62c19e3,12/2/23,0:01,"Toronto, Canada",-85.272802,-121.452048,Hail,Gravel,1,2,Mechanical Failure
5a1fa4a7,9/25/23,8:30,"Berlin, Germany",5.824787,10.690826,Hail,Snowy,5,9,Distracted Driving
1b6eb3f5,2/20/23,18:06,"Toronto, Canada",-75.022247,-129.837137,Clear,Gravel,4,10,Speeding
549afe7c,9/16/23,17:45,"Berlin, Germany",-52.139828,-23.245371,Storm,Wet,5,7,Weather Conditions
58d97c0e,1/20/23,12:09,"Sydney, Australia",-42.038027,-117.82923,Snow,Snowy,3,10,Drunk Driving
8c19bba0,3/26/23,11:47,"New York, USA",-89.875792,-43.199107,Clear,Wet,5,6,Reckless Driving
eaab66eb,10/29/24,21:50,"Tokyo, Japan",-11.112547,-72.281271,Rain,Wet,5,9,Mechanical Failure
cef6b030,7/3/24,12:16,"New York, USA",4.383115,15.945499,Fog,Under Construction,4,7,Drunk Driving
b582b094,12/29/24,22:19,"Toronto, Canada",-72.916679,97.510602,Snow,Gravel,5,5,Distracted Driving
02cb9278,8/23/23,4:53,"New York, USA",51.858281,30.958407,Rain,Wet,1,8,Weather Conditions
759c13ae,4/3/23,17:53,"London, UK",-14.838471,-50.874517,Storm,Gravel,1,9,Mechanical Failure
ad36962e,1/25/24,16:44,"Berlin, Germany",17.014804,31.629552,Rain,Wet,5,5,Distracted Driving
e35a9163,10/19/24,5:23,"Berlin, Germany",15.694231,74.418275,Hail,Wet,2,5,Mechanical Failure
351e2a95,4/6/23,8:53,"Toronto, Canada",-78.106263,-174.412974,Storm,Snowy,4,8,Mechanical Failure
04dc1373,7/18/23,18:43,"Tokyo, Japan",75.944679,94.998151,Hail,Dry,3,5,Reckless Driving
27db2bb8,8/12/23,17:00,"Paris, France",13.182786,113.47415,Rain,Dry,1,0,Speeding
a5b02abf,7/19/24,0:55,"New York, USA",57.412453,-88.794184,Snow,Gravel,3,5,Speeding
2cc43ff5,4/2/23,12:26,"Tokyo, Japan",78.56796,-172.345828,Snow,Icy,4,6,Drunk Driving
e3dc6d62,3/11/23,20:48,"Sydney, Australia",-70.25822,-113.244888,Clear,Snowy,4,3,Reckless Driving
e1be8794,11/17/23,10:25,"Paris, France",-73.301002,-71.864147,Clear,Icy,3,9,Weather Conditions
68cbd56b,6/22/23,22:31,"Berlin, Germany",81.823379,-34.720638,Rain,Dry,1,9,Weather Conditions
fa848623,7/11/23,18:30,"London, UK",41.123086,-3.07216,Storm,Gravel,3,6,Distracted Driving
18395a9e,9/28/24,13:20,"Beijing, China",-79.60652,-80.953119,Storm,Snowy,1,7,Weather Conditions
cd4e4ece,5/11/24,17:47,"New York, USA",-53.273365,69.881892,Storm,Under Construction,3,9,Mechanical Failure
7c533712,8/12/23,17:11,"Tokyo, Japan",52.041936,148.66365,Fog,Wet,3,8,Distracted Driving
8f5bd76f,3/22/24,12:36,"Mumbai, India",86.932024,-125.376304,Storm,Dry,3,6,Speeding
0e813d67,7/20/24,13:06,"Berlin, Germany",-58.226248,23.870898,Hail,Under Construction,3,10,Reckless Driving
2519d3ca,5/20/23,16:44,"New York, USA",-26.28906,159.001033,Rain,Gravel,3,2,Reckless Driving
d3589070,11/15/24,18:05,"Sydney, Australia",47.810693,6.676264,Clear,Wet,1,6,Weather Conditions
5fa91956,4/9/23,4:02,"Toronto, Canada",-20.525321,-155.09353,Fog,Dry,2,0,Mechanical Failure
efecd622,12/12/23,0:35,"Toronto, Canada",-19.910185,-64.369806,Hail,Wet,5,1,Distracted Driving
f4555e8d,8/27/23,14:17,"Sydney, Australia",-7.553076,-158.597894,Rain,Icy,5,8,Reckless Driving
3f4bd24d,11/1/24,7:15,"Paris, France",35.430457,137.327219,Fog,Dry,2,10,Weather Conditions
72f0a9e2,4/2/24,11:09,"Beijing, China",-85.573997,53.764572,Clear,Dry,3,1,Reckless Driving
58afe209,7/11/23,10:15,"Tokyo, Japan",52.951701,-16.801867,Rain,Snowy,2,8,Reckless Driving
202ca738,8/9/24,4:46,"Sydney, Australia",31.624894,-149.557037,Snow,Snowy,3,7,Drunk Driving
e922c3bd,2/13/24,5:01,"Beijing, China",-6.138231,-54.685311,Clear,Wet,1,4,Speeding
42c1d9d3,10/10/24,6:23,"Paris, France",4.19009,3.87702,Snow,Snowy,1,1,Reckless Driving
6ab788e4,11/12/23,14:03,"Berlin, Germany",64.670769,123.610416,Rain,Icy,2,10,Drunk Driving
a90239ec,8/12/23,22:08,"Berlin, Germany",19.63698,-152.791829,Storm,Icy,2,4,Mechanical Failure
172ca847,4/17/24,7:34,"Toronto, Canada",-66.139279,55.742676,Fog,Snowy,4,3,Mechanical Failure
1867bd49,4/16/24,21:24,"London, UK",83.506006,-143.352825,Storm,Wet,2,8,Mechanical Failure
5127a06d,10/28/23,10:39,"Paris, France",82.760006,-103.435025,Clear,Gravel,3,7,Distracted Driving
0ff36d6f,5/26/23,23:46,"Berlin, Germany",-2.790675,85.124391,Rain,Snowy,2,8,Mechanical Failure
42be7880,1/4/24,3:37,"Tokyo, Japan",-51.231303,161.518956,Snow,Gravel,3,9,Distracted Driving
15fcd56c,10/5/24,11:47,"Beijing, China",-58.920877,-31.298384,Hail,Gravel,2,1,Drunk Driving
93666727,8/13/23,4:58,"Mumbai, India",-13.977769,-119.221134,Snow,Under Construction,3,1,Reckless Driving
7937e9ef,2/21/24,6:23,"Beijing, China",-76.126952,-65.471797,Rain,Under Construction,3,8,Weather Conditions
0fe4d7dd,9/25/23,2:04,"London, UK",-37.140248,141.408984,Snow,Snowy,1,9,Speeding
3c6d2b63,8/4/23,19:16,"Berlin, Germany",87.533274,92.229943,Clear,Wet,2,8,Weather Conditions
7abb0ffe,7/3/23,15:42,"Sydney, Australia",-12.040554,91.728821,Fog,Under Construction,3,7,Speeding
79f1b16f,6/9/24,8:27,"Paris, France",33.224993,-165.299287,Storm,Wet,3,10,Reckless Driving
89b7c074,2/3/23,20:43,"Sydney, Australia",1.148528,89.755554,Storm,Snowy,3,0,Drunk Driving
1a8d8a6f,5/7/24,7:29,"Paris, France",-61.839305,-153.383419,Clear,Snowy,1,2,Weather Conditions
73e6cc11,1/13/23,21:14,"Mumbai, India",-53.447293,-33.285535,Storm,Icy,1,2,Weather Conditions
a9fac507,5/30/23,17:18,"Sydney, Australia",64.056374,73.894617,Snow,Gravel,2,0,Mechanical Failure
cef1d28a,3/18/24,13:14,"New York, USA",37.647602,-9.265448,Clear,Icy,3,9,Weather Conditions
1a61fc3a,6/16/24,20:53,"Berlin, Germany",-5.236766,-19.35122,Hail,Dry,3,6,Weather Conditions
56a3ad55,1/12/24,12:21,"Paris, France",72.166792,-169.819032,Rain,Under Construction,1,10,Speeding
fa9676f3,11/23/24,9:31,"New York, USA",-19.579454,-18.672239,Snow,Snowy,4,1,Mechanical Failure
0c75dad7,3/13/23,15:16,"Mumbai, India",39.458249,145.864464,Fog,Gravel,4,0,Drunk Driving
6c92b50f,4/7/24,9:10,"Sydney, Australia",-71.969566,62.262078,Hail,Wet,5,6,Speeding
bf019859,7/28/24,13:42,"Paris, France",-21.657406,162.178378,Clear,Gravel,5,2,Reckless Driving
83d676cd,5/6/23,10:09,"Paris, France",-57.124783,-158.999605,Storm,Snowy,2,5,Distracted Driving
b5609192,1/22/23,20:59,"Berlin, Germany",-7.068981,113.185661,Fog,Icy,4,9,Weather Conditions
6fea64f3,4/26/23,22:20,"Beijing, China",80.480796,122.138317,Clear,Dry,1,1,Mechanical Failure
d9e38f18,2/22/23,5:40,"Toronto, Canada",0.688954,109.359731,Clear,Gravel,5,8,Weather Conditions
e6617b16,2/6/23,11:34,"Berlin, Germany",73.25959,-146.150689,Storm,Snowy,1,5,Weather Conditions
9a5f51a0,7/9/24,4:10,"New York, USA",-43.654045,-170.71031,Hail,Dry,3,6,Weather Conditions
80bfb9c1,11/20/24,4:30,"New York, USA",2.878322,15.114988,Clear,Icy,2,0,Reckless Driving
b387f0d9,8/16/23,23:36,"Sydney, Australia",20.366525,-111.239226,Clear,Wet,1,4,Drunk Driving
ef977b27,6/22/23,0:44,"Paris, France",-19.060787,-67.763608,Rain,Dry,4,1,Reckless Driving
6b12570a,11/13/23,12:36,"Toronto, Canada",-29.00445,136.608514,Storm,Dry,5,4,Weather Conditions
a9b39036,8/20/24,10:53,"London, UK",12.260321,121.931961,Snow,Wet,2,5,Speeding
bcbc2b64,3/22/24,7:54,"London, UK",-46.045509,-110.114487,Clear,Snowy,1,8,Distracted Driving
dc19cda9,6/1/24,7:47,"Berlin, Germany",-66.076941,131.046006,Clear,Under Construction,1,9,Distracted Driving
d5d468d0,1/19/23,19:02,"Mumbai, India",-3.786771,158.054228,Hail,Gravel,4,2,Distracted Driving
9e957481,10/9/24,12:46,"Tokyo, Japan",29.508416,15.486707,Hail,Wet,1,9,Distracted Driving
893a1edd,10/30/23,11:27,"Paris, France",60.729189,-139.918729,Rain,Icy,3,5,Speeding
01cd3d4a,1/5/23,7:45,"Beijing, China",-16.911657,-76.156621,Fog,Snowy,5,1,Reckless Driving
a77a68d5,12/10/24,2:16,"Sydney, Australia",-45.809653,-172.704249,Snow,Snowy,4,4,Weather Conditions
5efeb8f0,11/13/23,17:31,"Paris, France",1.35614,12.608263,Snow,Wet,5,3,Mechanical Failure
5ade5dda,4/27/24,20:29,"Sydney, Australia",59.936032,67.007951,Hail,Gravel,2,5,Mechanical Failure
c9a9497c,3/16/23,22:13,"Tokyo, Japan",-87.379494,-29.181817,Hail,Snowy,1,9,Reckless Driving
4173334b,6/12/23,23:59,"New York, USA",-14.147779,109.113341,Storm,Wet,1,5,Distracted Driving
5fc10696,10/21/23,17:59,"London, UK",-4.645828,-48.0904,Storm,Snowy,1,4,Speeding
a07103f5,4/28/24,14:29,"New York, USA",-71.601235,-40.75803,Rain,Snowy,2,6,Speeding
893e0cd4,8/12/23,2:08,"New York, USA",69.353591,18.613198,Clear,Dry,5,0,Reckless Driving
cb2d0ea3,11/30/23,20:50,"Mumbai, India",41.556057,-1.55721,Clear,Gravel,1,8,Mechanical Failure
150010cc,9/10/24,12:25,"Mumbai, India",13.651061,-167.489832,Storm,Under Construction,3,0,Reckless Driving
ea1c52b4,10/14/23,17:45,"New York, USA",-1.623053,-58.880961,Fog,Under Construction,4,3,Mechanical Failure
49f85927,7/19/23,14:18,"New York, USA",-47.136769,23.584142,Hail,Under Construction,3,7,Mechanical Failure
1ce20a23,12/19/23,2:17,"London, UK",-58.299521,-100.699249,Fog,Gravel,1,3,Drunk Driving
870a44b6,2/25/23,2:21,"New York, USA",-62.347772,47.887055,Storm,Gravel,3,3,Distracted Driving
003fd902,4/19/23,22:02,"New York, USA",-9.142539,174.706463,Storm,Dry,5,7,Speeding
03f3858f,2/22/23,0:50,"Berlin, Germany",77.674325,-156.860332,Snow,Gravel,1,0,Mechanical Failure
83a163cb,12/17/23,0:20,"New York, USA",53.248941,170.305731,Fog,Wet,1,1,Reckless Driving
b5f57465,8/29/23,0:45,"New York, USA",-89.739154,-91.681699,Clear,Wet,5,1,Reckless Driving
cd7be672,5/25/24,22:18,"Toronto, Canada",72.837787,-157.544165,Storm,Dry,2,2,Reckless Driving
9a611bcb,11/10/23,1:04,"Sydney, Australia",21.053674,50.086037,Storm,Wet,4,2,Mechanical Failure
35d1d7eb,8/1/24,2:20,"New York, USA",6.526916,-67.891585,Hail,Icy,3,6,Reckless Driving
36dbef5c,5/4/24,9:28,"Paris, France",-81.08497,60.409759,Storm,Under Construction,3,3,Speeding
825b77ad,6/10/24,12:20,"Toronto, Canada",88.185773,-135.138974,Clear,Gravel,4,4,Speeding
572f2b99,11/23/23,2:19,"New York, USA",22.820003,79.123598,Storm,Icy,5,9,Weather Conditions
ef3e4c30,5/26/23,22:39,"Berlin, Germany",-64.179392,-103.173653,Snow,Icy,4,4,Reckless Driving
adf60418,10/11/23,4:31,"London, UK",-89.526298,-66.958301,Rain,Icy,1,4,Weather Conditions
cde13576,2/11/24,12:36,"Beijing, China",4.588307,-40.934872,Storm,Snowy,5,5,Speeding
43179ed4,1/31/23,17:53,"Berlin, Germany",66.138228,-106.52803,Snow,Under Construction,5,2,Reckless Driving
16d68ce0,2/25/24,7:24,"Mumbai, India",16.65213,-160.784863,Storm,Dry,2,2,Weather Conditions
d0980d2e,1/5/23,21:20,"Paris, France",4.624881,-48.90257,Snow,Under Construction,3,9,Drunk Driving
37e357a6,1/4/24,8:24,"Paris, France",2.446642,-20.831507,Clear,Gravel,5,2,Drunk Driving
4db86bc6,7/28/23,3:23,"Sydney, Australia",-72.799221,-164.869693,Hail,Dry,5,6,Speeding
cde22ddd,8/4/23,2:55,"Tokyo, Japan",55.961053,-72.42235,Rain,Under Construction,4,10,Reckless Driving
6777836e,2/28/24,1:51,"Toronto, Canada",9.180556,-31.677549,Storm,Wet,4,4,Mechanical Failure
a87001d8,3/27/24,14:45,"London, UK",-73.696345,-121.539755,Snow,Under Construction,4,7,Drunk Driving
c6103e48,6/28/23,15:30,"London, UK",38.499506,-142.65316,Hail,Icy,5,0,Weather Conditions
87b5df32,2/7/23,0:26,"London, UK",39.073744,169.925824,Rain,Under Construction,1,9,Reckless Driving
293d01ba,1/18/23,8:13,"London, UK",-69.226635,40.608223,Fog,Wet,1,7,Distracted Driving
a1bc357a,8/18/23,7:52,"Berlin, Germany",-29.361845,-76.214612,Snow,Dry,3,7,Reckless Driving
4c78ae2a,7/28/23,10:12,"Toronto, Canada",56.016225,-155.492602,Fog,Dry,5,3,Mechanical Failure
435fe72c,5/14/24,15:03,"Tokyo, Japan",68.534647,-44.007688,Clear,Wet,1,9,Speeding
2960a9ec,1/12/24,21:06,"Tokyo, Japan",-36.903937,-178.008843,Fog,Snowy,4,4,Mechanical Failure
1452d1d6,1/5/24,16:39,"Paris, France",79.56712,96.704776,Rain,Gravel,2,0,Weather Conditions
80b74cfe,7/2/23,20:14,"Beijing, China",-8.356278,-139.248401,Storm,Dry,1,8,Speeding
b29c6deb,10/23/23,1:01,"Toronto, Canada",56.818184,51.594534,Hail,Wet,2,10,Mechanical Failure
6d10d463,10/11/24,21:58,"Paris, France",-57.681394,173.650884,Hail,Gravel,1,8,Reckless Driving
ea381613,10/9/23,12:21,"Sydney, Australia",-42.769071,-21.131789,Storm,Under Construction,4,9,Reckless Driving
db6c7b88,1/8/24,7:04,"Toronto, Canada",1.638582,169.645207,Hail,Snowy,3,5,Speeding
270f9294,2/25/24,17:52,"Beijing, China",-6.36866,138.715031,Snow,Icy,1,2,Speeding
2a943754,6/18/24,21:10,"Toronto, Canada",39.691326,55.586959,Clear,Gravel,3,7,Weather Conditions
c46e7448,1/29/23,8:06,"Berlin, Germany",-70.560405,49.907978,Hail,Icy,2,3,Weather Conditions
ce8b8a47,2/3/23,3:36,"Paris, France",-19.269433,79.199903,Rain,Under Construction,5,2,Weather Conditions
6dd1bf76,10/2/24,13:13,"Toronto, Canada",86.282222,-50.410294,Hail,Icy,1,6,Distracted Driving
07ccf3c5,2/1/24,21:54,"New York, USA",-12.086027,-170.861014,Storm,Icy,2,9,Weather Conditions
145ebed6,7/30/23,22:19,"Berlin, Germany",-12.229128,100.843107,Hail,Under Construction,5,8,Reckless Driving
cf5c62bd,2/16/23,1:31,"London, UK",24.171437,-157.777047,Clear,Wet,3,8,Weather Conditions
61c9b617,11/10/24,13:20,"Tokyo, Japan",-83.199362,-98.913668,Clear,Under Construction,3,9,Distracted Driving
79a093f2,6/7/23,10:38,"Paris, France",-40.772323,91.154407,Storm,Gravel,1,8,Reckless Driving
f8496d9b,7/27/24,19:50,"New York, USA",21.786132,141.665571,Hail,Dry,2,3,Distracted Driving
446f6c97,6/2/23,4:07,"London, UK",-51.25993,49.917334,Snow,Icy,4,9,Reckless Driving
e47e1acf,11/3/23,17:56,"Sydney, Australia",8.94731,-154.44851,Storm,Dry,5,1,Weather Conditions
3a069edc,4/23/24,7:16,"Toronto, Canada",72.018604,42.77876,Clear,Under Construction,2,5,Mechanical Failure
7653a03d,2/11/24,1:43,"Mumbai, India",38.520921,34.019907,Clear,Gravel,2,7,Distracted Driving
6830dec0,7/3/23,6:31,"New York, USA",1.254788,-24.610774,Hail,Gravel,2,7,Speeding
6eef1653,6/20/23,11:48,"Toronto, Canada",88.734363,74.651932,Clear,Snowy,1,4,Weather Conditions
c9e40cb0,7/16/24,11:29,"Beijing, China",-66.409235,-158.268773,Rain,Wet,2,6,Drunk Driving
7efd7623,1/25/23,4:58,"Beijing, China",57.717701,-47.780875,Rain,Gravel,4,3,Reckless Driving
2cf2bba0,2/1/23,8:56,"Sydney, Australia",-13.338931,116.678577,Hail,Snowy,3,8,Drunk Driving
65425bfb,9/12/23,11:07,"Toronto, Canada",-40.909052,114.774374,Rain,Wet,2,6,Distracted Driving
dccd8564,3/9/24,4:25,"London, UK",15.652226,1.631866,Storm,Gravel,5,1,Weather Conditions
d7f56943,1/17/23,17:44,"Berlin, Germany",-7.174986,110.056514,Rain,Icy,2,4,Weather Conditions
811fc35a,11/15/24,20:16,"Mumbai, India",72.206823,-17.582887,Clear,Dry,4,6,Drunk Driving
0a4f99fa,1/29/24,4:33,"Berlin, Germany",17.21716,36.775349,Fog,Under Construction,1,0,Speeding
b9e28163,2/11/23,21:15,"Sydney, Australia",-32.067819,127.454689,Rain,Icy,4,6,Mechanical Failure
3f38798d,4/13/24,9:53,"New York, USA",11.649492,-33.999935,Snow,Gravel,4,2,Drunk Driving
abcba3c6,5/8/23,10:55,"Paris, France",-58.057091,108.605536,Hail,Dry,3,3,Drunk Driving
e3783cf6,8/5/24,1:22,"Sydney, Australia",87.211112,-86.085229,Fog,Under Construction,1,9,Speeding
1c1bc916,7/31/24,20:42,"Tokyo, Japan",21.555744,177.121146,Clear,Gravel,3,7,Drunk Driving
8a771c57,9/8/24,9:07,"New York, USA",16.265857,93.529278,Rain,Snowy,3,6,Mechanical Failure
5855c907,11/22/23,5:52,"Sydney, Australia",-39.552126,-92.333386,Snow,Dry,2,2,Reckless Driving
e792dc06,9/8/24,11:23,"Beijing, China",24.691153,-47.334059,Fog,Wet,2,5,Speeding
3061ef27,8/9/24,15:50,"Paris, France",49.511444,54.070345,Snow,Dry,2,9,Distracted Driving
51b2d7d0,6/30/23,7:40,"Tokyo, Japan",-82.311692,-74.342139,Fog,Gravel,3,2,Reckless Driving
88c243fc,7/2/23,17:11,"Berlin, Germany",-62.229641,-83.77187,Fog,Under Construction,2,9,Distracted Driving
38b220de,3/10/24,2:41,"London, UK",-27.119441,131.231243,Rain,Dry,4,3,Weather Conditions
e70329e9,5/12/23,4:04,"Sydney, Australia",-29.055409,-175.742586,Storm,Gravel,2,9,Drunk Driving
7d21b560,10/11/24,18:26,"Sydney, Australia",-3.773516,82.08794,Fog,Snowy,3,7,Weather Conditions
5ac5d30d,2/3/24,23:23,"Berlin, Germany",-12.687838,-67.219548,Fog,Icy,1,0,Drunk Driving
41e91b5d,8/14/24,16:07,"Tokyo, Japan",18.620366,164.368801,Rain,Wet,4,3,Drunk Driving
af826e39,6/6/23,17:03,"Paris, France",-8.478453,-39.787941,Hail,Snowy,3,2,Drunk Driving
f68a719c,12/28/23,19:11,"New York, USA",-38.780992,-55.413062,Clear,Icy,5,5,Reckless Driving
eb32e5d9,3/15/24,1:23,"Toronto, Canada",-72.071298,-122.040764,Clear,Under Construction,5,8,Mechanical Failure
0b18fe11,5/15/24,2:29,"Toronto, Canada",60.258677,-107.469106,Fog,Under Construction,4,5,Distracted Driving
f794bfad,1/2/23,15:47,"London, UK",89.23782,-117.596912,Fog,Gravel,3,5,Speeding
60823efa,11/15/24,4:10,"Paris, France",62.530103,94.89318,Storm,Gravel,3,2,Reckless Driving
48fad1df,12/2/23,18:11,"Mumbai, India",-22.037486,40.971264,Hail,Icy,2,9,Reckless Driving
fa579815,11/18/24,23:46,"New York, USA",-83.529859,129.207318,Rain,Under Construction,4,6,Drunk Driving
681e4fdc,3/28/23,19:47,"Berlin, Germany",40.347772,68.18901,Snow,Snowy,2,6,Reckless Driving
2b1d397b,8/12/24,7:26,"Berlin, Germany",51.65889,31.347707,Clear,Under Construction,1,5,Drunk Driving
39de33dc,4/28/23,0:50,"Beijing, China",44.382644,88.945777,Snow,Under Construction,3,2,Mechanical Failure
ec74e947,4/15/23,2:40,"Mumbai, India",18.447864,-148.450165,Storm,Snowy,5,10,Speeding
0db9d9b6,6/5/24,21:22,"Sydney, Australia",-4.581158,172.523449,Hail,Snowy,4,3,Distracted Driving
09ca2d58,8/23/24,9:04,"Paris, France",64.658801,50.674934,Clear,Wet,4,3,Weather Conditions
3c107dca,8/30/23,21:16,"New York, USA",-15.292206,-16.010099,Hail,Gravel,4,7,Distracted Driving
5dc65ec1,1/2/24,22:26,"Tokyo, Japan",50.304807,5.040039,Hail,Icy,4,4,Drunk Driving
a197f339,2/15/24,1:45,"New York, USA",-56.145695,-174.423327,Hail,Under Construction,4,7,Distracted Driving
d3852b99,3/10/23,1:18,"New York, USA",-55.607864,11.425651,Hail,Wet,2,1,Weather Conditions
5d24c754,3/23/24,12:50,"Toronto, Canada",-30.76179,179.465637,Clear,Wet,4,9,Speeding
b64e0c46,3/26/24,4:35,"Beijing, China",-73.28156,93.545762,Hail,Snowy,1,6,Mechanical Failure
96985f09,11/16/23,9:37,"Tokyo, Japan",4.105273,-54.395062,Snow,Snowy,1,2,Weather Conditions
68512466,5/13/23,18:09,"Paris, France",-26.900823,-168.850035,Clear,Gravel,1,2,Drunk Driving
ecbdbc3b,2/2/23,6:41,"Berlin, Germany",-83.888695,175.170145,Snow,Wet,4,7,Mechanical Failure
eb76e871,10/16/24,8:06,"Beijing, China",57.570328,132.354618,Hail,Snowy,5,8,Weather Conditions
79131503,1/24/23,18:33,"New York, USA",33.074146,-54.184265,Rain,Icy,2,10,Drunk Driving
4588dd88,11/13/24,21:47,"Tokyo, Japan",-10.342192,-12.733652,Storm,Icy,2,1,Distracted Driving
ab468582,12/9/24,22:25,"London, UK",43.316924,-45.90985,Rain,Gravel,3,6,Distracted Driving
c9669dac,3/28/23,20:41,"Toronto, Canada",60.063209,115.203602,Snow,Icy,2,10,Speeding
f1f104b4,4/15/24,22:40,"Paris, France",11.464916,33.221747,Storm,Icy,1,7,Distracted Driving
7bcdc149,5/5/24,9:10,"Sydney, Australia",48.743906,-88.344352,Clear,Snowy,2,0,Speeding
3884595d,6/19/23,16:36,"Mumbai, India",-42.138353,-29.337352,Storm,Gravel,1,8,Reckless Driving
ae541782,4/2/23,0:00,"London, UK",-71.856104,16.846198,Hail,Under Construction,1,8,Reckless Driving
54bea1d3,9/16/24,10:56,"New York, USA",-29.565255,-82.452607,Fog,Wet,1,10,Mechanical Failure
509dbeeb,10/23/23,19:56,"Toronto, Canada",-54.418203,-173.510797,Storm,Icy,1,10,Drunk Driving
a0a4dc13,4/7/24,1:12,"Mumbai, India",68.306019,54.727043,Snow,Wet,4,4,Mechanical Failure
8277bcbb,8/29/24,5:34,"Paris, France",73.689489,169.403834,Rain,Icy,1,9,Reckless Driving
2f0efce5,9/29/23,20:26,"Mumbai, India",-2.86329,-72.54322,Storm,Wet,1,0,Speeding
8124fbe0,10/19/23,11:45,"Mumbai, India",76.055781,-67.153961,Snow,Gravel,5,9,Weather Conditions
ec48a228,6/22/23,22:58,"Toronto, Canada",-40.395305,-46.283751,Storm,Under Construction,5,6,Drunk Driving
596e67b3,5/20/24,23:06,"New York, USA",62.410473,173.960663,Rain,Dry,5,6,Distracted Driving
35e9fd59,2/19/23,19:41,"Toronto, Canada",22.424972,155.030055,Clear,Gravel,2,5,Distracted Driving
ccf553de,3/14/23,18:31,"Toronto, Canada",-84.71094,85.830449,Storm,Icy,4,1,Drunk Driving
5e4968f8,9/5/24,6:42,"New York, USA",16.659171,-153.15023,Snow,Snowy,1,6,Mechanical Failure
e1e6bb6a,6/13/23,23:43,"Beijing, China",-76.182561,-15.562063,Storm,Icy,5,3,Speeding
b54064fc,11/21/23,18:25,"New York, USA",66.873051,-3.899078,Clear,Snowy,2,8,Speeding
13ad7782,2/7/23,2:12,"Tokyo, Japan",42.230395,48.220138,Rain,Snowy,5,9,Weather Conditions
918759f8,1/29/23,0:07,"Beijing, China",-60.398037,-131.878734,Fog,Icy,1,4,Distracted Driving
3783a10c,9/10/24,15:48,"Paris, France",57.007028,125.576598,Fog,Dry,3,5,Drunk Driving
efc5e8d8,8/6/23,12:39,"London, UK",-68.019741,-133.582626,Snow,Gravel,4,1,Weather Conditions
5c69fb90,1/19/23,20:29,"Paris, France",-7.063799,68.392085,Storm,Gravel,3,1,Speeding
fae00345,9/9/24,4:50,"Toronto, Canada",-3.95521,-51.091083,Rain,Wet,2,10,Reckless Driving
4189c5ed,4/6/24,23:47,"Sydney, Australia",-87.653228,-36.308951,Hail,Icy,2,7,Speeding
67e89700,3/18/23,5:11,"Paris, France",-83.304462,-82.147754,Rain,Icy,3,10,Weather Conditions
f2f00ce9,12/6/23,17:25,"Tokyo, Japan",-12.467187,47.905551,Snow,Wet,1,1,Drunk Driving
98c5f065,7/16/23,13:19,"Beijing, China",35.413865,147.903732,Rain,Wet,4,10,Mechanical Failure
5235daf0,9/14/24,3:06,"Tokyo, Japan",-73.684632,-20.707001,Snow,Dry,1,10,Drunk Driving
df5a036b,7/15/23,19:26,"New York, USA",-4.061975,-22.148206,Clear,Snowy,4,5,Speeding
bc4edaf5,9/9/24,23:42,"Tokyo, Japan",61.705691,169.399638,Hail,Wet,2,6,Mechanical Failure
77e5e4b9,7/21/24,19:17,"Sydney, Australia",61.518433,31.722177,Fog,Wet,4,6,Reckless Driving
f54c4dfa,1/19/24,11:16,"Toronto, Canada",10.406198,177.202503,Hail,Dry,1,7,Drunk Driving
907163fe,6/1/23,10:07,"Sydney, Australia",-66.617384,66.657762,Rain,Dry,4,2,Weather Conditions
c9f9a221,8/18/23,3:28,"Paris, France",46.929709,9.922205,Rain,Under Construction,2,5,Drunk Driving
0a5e07f8,11/29/23,14:22,"New York, USA",-43.345268,-101.397002,Snow,Snowy,2,0,Distracted Driving
3fe67489,6/5/24,10:32,"Beijing, China",44.729819,-116.626945,Rain,Under Construction,3,7,Distracted Driving
399033b5,8/26/24,4:22,"Tokyo, Japan",48.678978,-37.227561,Storm,Icy,3,7,Weather Conditions
47eeba52,7/20/23,7:06,"Sydney, Australia",-79.586814,-141.739423,Rain,Dry,3,1,Distracted Driving
aea4ad9e,2/9/23,4:17,"Sydney, Australia",31.976851,155.429107,Clear,Snowy,1,6,Mechanical Failure
801adc8c,10/24/24,11:55,"London, UK",60.207103,-120.733016,Rain,Snowy,2,5,Drunk Driving
9a7ada80,7/13/24,10:42,"Mumbai, India",52.787556,122.724685,Snow,Icy,5,8,Distracted Driving
1510c968,9/5/24,1:08,"Tokyo, Japan",-86.884962,-130.087705,Fog,Gravel,2,6,Drunk Driving
9308cbe7,5/20/24,22:18,"Paris, France",-2.454647,-99.472338,Clear,Wet,1,0,Weather Conditions
70d94857,8/30/24,5:17,"Berlin, Germany",66.256785,-18.585284,Storm,Dry,3,4,Drunk Driving
05aeeb9c,2/26/23,20:50,"Paris, France",27.95348,-5.903391,Clear,Dry,1,5,Weather Conditions
6bdf94d5,11/17/23,0:42,"London, UK",-49.651211,-128.641204,Snow,Gravel,4,3,Weather Conditions
042ce458,3/21/23,4:56,"Beijing, China",65.482236,101.251914,Fog,Dry,3,8,Reckless Driving
6d1a59af,12/5/23,23:48,"Sydney, Australia",-12.614204,-74.571121,Clear,Dry,2,10,Drunk Driving
4bcfa28e,5/20/24,22:05,"Berlin, Germany",-69.444047,-155.381533,Snow,Under Construction,4,5,Reckless Driving
1a7f7e59,8/13/23,11:07,"London, UK",23.78334,74.133424,Clear,Icy,5,2,Weather Conditions
def4df17,1/12/24,3:57,"Berlin, Germany",59.795225,75.10104,Clear,Icy,3,8,Reckless Driving
b854d784,8/8/24,23:53,"Beijing, China",2.666942,38.336951,Storm,Dry,2,0,Drunk Driving
e075ba68,3/14/23,0:57,"London, UK",67.076224,3.226123,Rain,Icy,1,9,Speeding
a11513ee,2/28/24,5:09,"New York, USA",75.328442,-114.573914,Fog,Wet,1,8,Speeding
15bdb542,2/12/23,13:13,"Toronto, Canada",-51.034918,59.063712,Storm,Snowy,2,4,Drunk Driving
70cea308,5/4/23,8:29,"Tokyo, Japan",41.008452,-162.484798,Storm,Dry,1,10,Speeding
09078dce,9/7/24,3:03,"Sydney, Australia",32.647454,-39.303629,Storm,Gravel,4,9,Drunk Driving
09051c43,6/26/24,17:31,"Berlin, Germany",-13.761963,-28.472259,Storm,Snowy,3,6,Distracted Driving
42cc9d97,12/19/24,15:23,"Paris, France",79.940455,73.18073,Rain,Under Construction,5,9,Reckless Driving
452357cf,4/7/24,17:49,"Beijing, China",52.199343,22.328206,Rain,Snowy,5,6,Distracted Driving
8c3540b4,9/9/24,8:36,"Toronto, Canada",74.956829,-84.503656,Rain,Under Construction,5,3,Distracted Driving
94e6921e,9/29/23,4:24,"Beijing, China",-20.037656,152.812879,Hail,Icy,1,5,Reckless Driving
453aac35,5/8/23,11:40,"London, UK",33.235347,150.561289,Fog,Wet,1,2,Drunk Driving
60b4171f,9/26/24,10:22,"Berlin, Germany",-32.311666,-151.380489,Rain,Under Construction,2,7,Drunk Driving
19e1abfb,9/30/23,17:18,"London, UK",59.029092,-39.66112,Clear,Snowy,4,7,Mechanical Failure
bc41b765,12/20/23,18:09,"Beijing, China",-39.442601,-141.040332,Clear,Dry,2,0,Mechanical Failure
17a5e884,6/8/24,17:03,"New York, USA",-38.989291,147.193439,Rain,Icy,4,9,Speeding
9517779a,7/22/23,20:05,"London, UK",29.476377,86.069257,Storm,Gravel,1,9,Mechanical Failure
32c58c21,10/24/24,1:50,"Mumbai, India",-58.204799,-137.763435,Clear,Snowy,3,4,Weather Conditions
dae5b1b2,2/24/24,17:59,"Berlin, Germany",46.032465,-1.274777,Fog,Icy,1,5,Speeding
f473c070,11/3/24,21:18,"London, UK",63.24717,-165.963045,Hail,Icy,5,1,Drunk Driving
b29d4921,1/18/24,22:18,"Beijing, China",-0.893529,69.358514,Rain,Icy,3,6,Speeding
6ca45833,11/7/24,16:09,"London, UK",-62.92871,-163.164982,Storm,Wet,4,5,Drunk Driving
55a8dc96,7/16/23,4:10,"Sydney, Australia",-28.224742,116.186927,Fog,Wet,1,1,Weather Conditions
3f1ce2cf,4/22/24,9:31,"Paris, France",46.451645,-169.17664,Storm,Under Construction,1,1,Speeding
f92343c2,12/21/24,9:06,"Beijing, China",49.786096,18.083018,Fog,Wet,3,2,Weather Conditions
d9fe1690,10/6/23,23:16,"Sydney, Australia",7.860236,139.575976,Storm,Under Construction,5,7,Distracted Driving
c586a1ff,7/14/24,6:13,"Paris, France",56.380822,97.111782,Rain,Snowy,2,2,Drunk Driving
d6dcdd48,4/26/24,20:10,"Mumbai, India",-76.261044,-172.725844,Hail,Dry,2,3,Weather Conditions
0f940aa3,12/13/24,20:55,"Sydney, Australia",76.956188,66.715498,Fog,Under Construction,3,10,Distracted Driving
fd03f7bf,7/26/23,4:37,"London, UK",78.213127,-86.864584,Snow,Dry,1,7,Speeding
ccf05891,11/25/23,0:20,"Paris, France",73.391537,-103.087292,Fog,Dry,3,2,Speeding
362cf286,6/9/23,5:30,"Berlin, Germany",-74.92482,107.861849,Rain,Icy,5,2,Reckless Driving
9202591f,2/22/23,12:18,"Tokyo, Japan",-63.065157,21.398749,Snow,Icy,3,2,Speeding
cf5ff5f8,1/11/24,1:13,"London, UK",31.315945,-107.483789,Fog,Snowy,1,5,Reckless Driving
541b729e,6/26/24,11:01,"Sydney, Australia",66.110808,-175.196225,Hail,Under Construction,2,3,Weather Conditions
ae54f7ca,2/2/24,7:22,"Toronto, Canada",-12.48687,-173.193291,Rain,Wet,2,0,Reckless Driving
f2689309,5/4/24,0:49,"New York, USA",-41.617664,-141.178084,Clear,Snowy,2,8,Drunk Driving
11c4a9ba,7/12/23,10:44,"Berlin, Germany",12.116009,123.66979,Fog,Snowy,4,5,Weather Conditions
b10d7d92,3/24/23,21:46,"Berlin, Germany",10.739524,102.408797,Clear,Wet,5,4,Mechanical Failure
d0081c56,6/29/24,12:48,"Berlin, Germany",68.018732,-129.486302,Storm,Gravel,5,3,Speeding
ca12bd92,8/22/23,6:24,"Sydney, Australia",-34.529013,-127.180384,Hail,Dry,5,8,Reckless Driving
b4bed05f,5/28/23,22:50,"Mumbai, India",-38.325267,-140.416044,Storm,Under Construction,3,0,Drunk Driving
821ce47e,10/11/24,14:17,"Sydney, Australia",-82.312907,-143.073127,Rain,Dry,4,1,Drunk Driving
6e9d801e,3/20/23,6:57,"Paris, France",73.127177,164.071944,Hail,Wet,5,7,Distracted Driving
fc8b8d02,10/17/23,2:33,"Toronto, Canada",-70.73277,52.712942,Snow,Icy,1,5,Drunk Driving
25527d73,4/16/23,22:51,"New York, USA",46.065965,124.194255,Fog,Icy,5,4,Speeding
fed0f284,5/10/23,12:37,"Toronto, Canada",28.426521,-47.72069,Hail,Gravel,2,9,Distracted Driving
ab91f8e1,2/20/23,22:04,"Tokyo, Japan",-28.031595,58.705945,Storm,Dry,5,4,Reckless Driving
f3dcc689,7/8/24,5:02,"Sydney, Australia",43.32888,-120.485354,Snow,Under Construction,4,0,Drunk Driving
789a724d,9/25/24,21:28,"London, UK",3.296019,-169.182464,Fog,Gravel,3,6,Reckless Driving
f9add7ef,4/10/24,21:40,"Paris, France",-49.451674,168.807598,Clear,Under Construction,3,1,Weather Conditions
18df2552,7/28/24,17:47,"New York, USA",69.982267,119.253041,Rain,Icy,3,5,Weather Conditions
2f60f7f5,2/26/23,19:39,"Berlin, Germany",47.722772,102.75197,Fog,Icy,3,0,Drunk Driving
eb1cba5c,7/15/24,20:58,"London, UK",-70.661898,-33.541619,Fog,Icy,1,7,Reckless Driving
6aec2162,6/26/24,3:46,"Sydney, Australia",-71.235363,-75.634141,Snow,Under Construction,4,3,Speeding
25e02a4a,8/27/24,12:41,"London, UK",-75.268682,-106.385928,Fog,Wet,4,9,Reckless Driving
394d3b9e,4/21/24,11:56,"Toronto, Canada",-6.287577,-30.456737,Snow,Wet,1,9,Reckless Driving
441bafb0,11/29/23,11:42,"Sydney, Australia",62.437007,-145.071118,Rain,Icy,5,1,Mechanical Failure
eeef3ff8,4/18/24,5:16,"New York, USA",6.842086,132.574884,Rain,Dry,3,1,Mechanical Failure
ba0cbaf2,6/18/24,2:32,"Tokyo, Japan",-13.204802,-124.876242,Snow,Icy,3,3,Weather Conditions
37b90221,12/19/24,22:44,"London, UK",-59.921292,26.398705,Hail,Under Construction,5,1,Speeding
6b0d99f2,3/21/24,5:07,"Beijing, China",28.451196,141.889293,Hail,Wet,5,8,Weather Conditions
504d7169,2/19/23,1:27,"Sydney, Australia",75.393295,-113.882,Rain,Snowy,4,6,Distracted Driving
1516237f,4/20/23,1:32,"Berlin, Germany",-21.43617,-137.289651,Rain,Icy,2,1,Weather Conditions
3b6756e7,12/22/24,5:14,"New York, USA",-25.698458,101.561879,Snow,Snowy,4,8,Mechanical Failure
7.43E+91,5/4/24,8:40,"Sydney, Australia",59.303733,109.958192,Snow,Dry,5,2,Mechanical Failure
2d80e218,11/18/23,8:25,"London, UK",-56.133991,34.095182,Clear,Snowy,5,7,Speeding
89a58338,3/18/24,15:59,"Sydney, Australia",-37.492146,-3.437565,Clear,Dry,4,0,Mechanical Failure
24ac8e29,5/27/24,10:59,"Beijing, China",-58.667873,-159.934501,Hail,Icy,5,10,Reckless Driving
29e4c5e0,2/5/23,20:31,"Berlin, Germany",63.850815,-150.06923,Snow,Wet,3,8,Speeding
684351cb,11/2/23,20:30,"Toronto, Canada",-76.327494,-113.518032,Snow,Dry,3,4,Drunk Driving
ddf3b444,11/19/23,5:22,"New York, USA",23.878625,161.611723,Hail,Under Construction,3,1,Weather Conditions
5608036d,11/2/23,6:55,"Beijing, China",10.359161,49.296224,Clear,Wet,2,5,Reckless Driving
511562a8,9/3/23,19:43,"Sydney, Australia",-9.916605,-153.620863,Snow,Snowy,1,2,Drunk Driving
c33b4143,12/8/23,13:57,"New York, USA",-6.145965,72.810765,Hail,Snowy,2,6,Drunk Driving
cd5f8001,1/24/24,22:42,"Sydney, Australia",45.751448,85.616417,Snow,Snowy,1,2,Reckless Driving
4fdb6ae6,11/21/23,0:13,"Sydney, Australia",-33.832588,58.913483,Hail,Gravel,3,9,Speeding
a7704a24,5/14/23,23:58,"New York, USA",-19.822119,-152.598778,Rain,Icy,3,10,Reckless Driving
e1b22c2f,1/11/23,15:32,"Toronto, Canada",78.935304,-94.371844,Hail,Snowy,1,10,Distracted Driving
36091ee4,6/18/23,2:34,"Sydney, Australia",48.143137,-35.879906,Fog,Gravel,5,10,Speeding
ccd4b224,9/3/23,22:36,"Paris, France",-9.992098,80.321744,Fog,Under Construction,4,5,Mechanical Failure
9a0d2469,7/4/23,11:35,"Tokyo, Japan",26.218102,81.838103,Hail,Dry,4,4,Mechanical Failure
26f8158e,2/6/23,13:21,"London, UK",-78.483482,23.106529,Clear,Snowy,2,0,Drunk Driving
48c3b608,6/27/24,8:19,"Berlin, Germany",-78.111918,-117.745057,Storm,Wet,4,10,Weather Conditions
dcbf3948,7/28/24,4:24,"Mumbai, India",16.207227,-82.063537,Storm,Gravel,3,3,Distracted Driving
afe4868a,7/8/23,0:48,"Toronto, Canada",-89.030142,175.532257,Clear,Dry,5,7,Speeding
736a4e5d,10/28/23,20:12,"New York, USA",77.448844,-96.538353,Snow,Under Construction,3,7,Weather Conditions
241137b8,12/31/24,7:53,"London, UK",-39.098765,143.890751,Fog,Snowy,4,8,Weather Conditions
43d6fc3f,7/31/23,4:44,"Beijing, China",-60.311705,-12.146868,Clear,Icy,1,6,Speeding
95dc7dcf,8/12/24,23:21,"Tokyo, Japan",69.430917,-70.463566,Storm,Dry,5,8,Drunk Driving
77d74cb5,3/16/24,14:52,"London, UK",71.209189,100.319064,Storm,Icy,3,5,Speeding
41d89306,3/15/23,19:47,"Beijing, China",43.392471,-123.333885,Fog,Dry,2,8,Speeding
b53047c9,1/2/24,13:50,"London, UK",59.311217,155.072539,Hail,Under Construction,3,2,Reckless Driving
2d6a07ec,5/24/24,3:37,"Paris, France",-89.070543,-176.335981,Fog,Snowy,1,7,Reckless Driving
78994aaa,2/8/24,7:21,"Tokyo, Japan",-41.336579,154.085302,Storm,Wet,4,9,Reckless Driving
d9f106bf,10/11/24,19:08,"Paris, France",-40.372607,-162.111086,Hail,Snowy,2,7,Weather Conditions
64a8b309,1/19/23,2:40,"Mumbai, India",15.256536,120.160633,Rain,Gravel,5,5,Mechanical Failure
e50dc72c,6/10/24,15:11,"Sydney, Australia",-49.827805,-83.164915,Rain,Gravel,2,5,Reckless Driving
bc150bda,4/3/23,3:44,"London, UK",70.963125,109.744872,Rain,Dry,2,8,Weather Conditions
2b89e001,1/29/23,13:02,"Paris, France",48.388055,158.095442,Storm,Gravel,5,0,Weather Conditions
0d05a4df,12/9/24,17:45,"Toronto, Canada",39.383323,-60.236841,Rain,Wet,4,3,Weather Conditions
1bc90c52,6/25/23,5:20,"Tokyo, Japan",81.769682,-33.408468,Fog,Icy,2,5,Weather Conditions
219aeffb,4/23/23,22:40,"Mumbai, India",-69.333309,-73.783414,Snow,Wet,4,3,Drunk Driving
7f6e48c3,10/29/24,3:20,"Beijing, China",-38.552923,-38.276007,Hail,Icy,3,6,Reckless Driving
5979be29,11/18/24,23:45,"Tokyo, Japan",59.972234,178.967502,Clear,Dry,4,10,Mechanical Failure
00c02fe0,1/9/23,18:47,"Paris, France",82.195006,-115.732878,Hail,Under Construction,2,3,Speeding
240798ec,11/4/24,8:53,"Sydney, Australia",-68.857437,168.533231,Snow,Icy,5,4,Mechanical Failure
4e6430b1,9/10/24,4:09,"Paris, France",81.12366,-130.565328,Fog,Wet,2,8,Reckless Driving
1ff88a2c,3/8/24,16:03,"Paris, France",63.08146,81.337416,Clear,Snowy,5,5,Reckless Driving
f668e1f9,2/15/24,23:18,"Tokyo, Japan",-26.492029,154.963118,Fog,Snowy,4,9,Reckless Driving
453d50b7,12/6/24,10:52,"Sydney, Australia",-44.854766,-43.475604,Hail,Dry,4,9,Distracted Driving
c8a0e9c1,5/31/24,6:25,"Beijing, China",45.791262,-68.542209,Fog,Icy,1,6,Weather Conditions
b68fcdbe,11/20/23,10:18,"London, UK",60.613799,-70.408458,Snow,Wet,5,9,Weather Conditions
04fbdf86,7/31/23,9:35,"Beijing, China",-71.932748,116.905244,Rain,Wet,5,3,Mechanical Failure
a3636c60,1/2/23,2:11,"Mumbai, India",2.950489,-65.703439,Clear,Icy,5,2,Reckless Driving
abcda52d,10/29/24,2:42,"Paris, France",8.670179,35.469373,Snow,Icy,1,8,Speeding
8a6f5622,7/4/24,18:10,"New York, USA",82.872109,-33.169492,Snow,Snowy,5,2,Distracted Driving
c9031130,8/24/23,2:49,"Sydney, Australia",-48.183682,78.352788,Hail,Gravel,4,0,Reckless Driving
4d6a30ee,4/10/24,22:13,"Sydney, Australia",69.26365,-105.926916,Storm,Wet,4,9,Distracted Driving
0d660fae,7/25/23,23:19,"Berlin, Germany",71.167385,-50.418401,Fog,Under Construction,5,7,Reckless Driving
e6c93370,5/1/23,19:47,"New York, USA",-3.35971,178.638716,Storm,Wet,2,6,Drunk Driving
9b901e97,12/6/24,8:41,"Mumbai, India",17.110063,-82.597885,Snow,Icy,2,6,Distracted Driving
34f82601,7/14/24,18:08,"Sydney, Australia",-42.359895,79.81626,Rain,Snowy,2,6,Weather Conditions
e89cd4d1,3/23/23,9:59,"Mumbai, India",87.113695,-134.851313,Snow,Icy,5,0,Drunk Driving
cb02dee3,1/2/24,5:31,"Toronto, Canada",-17.786525,-50.958741,Rain,Icy,3,10,Drunk Driving
5125c4c0,7/22/24,10:43,"New York, USA",12.62044,-48.838163,Snow,Wet,3,1,Speeding
7fb846f2,1/6/23,5:42,"Mumbai, India",69.677314,-36.224716,Rain,Wet,3,9,Weather Conditions
11f05dd4,3/10/24,6:11,"Beijing, China",-54.192611,-51.738322,Snow,Under Construction,5,2,Mechanical Failure
de44eb68,8/1/23,0:19,"Berlin, Germany",22.96221,-44.228944,Snow,Dry,1,9,Mechanical Failure
1d1906b8,8/15/23,11:49,"Sydney, Australia",-81.881212,137.429718,Hail,Dry,4,9,Weather Conditions
06e0c51c,9/18/24,15:32,"New York, USA",6.302753,-46.616809,Rain,Under Construction,3,5,Mechanical Failure
98cc5592,7/15/24,16:36,"Toronto, Canada",-46.968308,125.781757,Fog,Gravel,5,3,Weather Conditions
b69732cb,3/27/23,23:13,"London, UK",-70.525694,-97.514767,Storm,Wet,4,1,Weather Conditions
a418424f,4/25/24,14:42,"Paris, France",59.760152,116.997822,Hail,Snowy,3,1,Speeding
c26530f0,3/23/23,10:22,"Paris, France",29.322234,-61.795667,Clear,Gravel,5,7,Reckless Driving
e8d61d02,5/4/23,5:23,"New York, USA",-27.510608,-79.526768,Storm,Under Construction,4,7,Mechanical Failure
be385434,5/8/24,13:25,"Beijing, China",-25.866899,-165.926717,Clear,Gravel,3,6,Drunk Driving
1603b24e,3/12/23,9:03,"London, UK",-2.630393,54.699624,Fog,Gravel,1,6,Distracted Driving
4b7cfad8,2/3/24,18:36,"Sydney, Australia",-66.165047,-176.521366,Fog,Dry,4,2,Speeding
4c4e24ba,6/26/24,11:37,"Beijing, China",-27.543203,-176.319267,Storm,Icy,4,8,Speeding
d88e34ae,5/25/24,11:52,"London, UK",61.318065,159.648935,Clear,Snowy,2,6,Weather Conditions
6a98c68a,9/24/23,22:33,"Beijing, China",-85.804186,-10.356119,Storm,Snowy,3,5,Drunk Driving
2a61d674,2/20/23,3:57,"London, UK",0.422656,155.284613,Hail,Icy,4,8,Drunk Driving
14bbf6ae,7/26/23,8:59,"Mumbai, India",80.928859,70.498424,Hail,Icy,3,0,Drunk Driving
fd8dae4b,4/14/24,7:16,"Beijing, China",18.775267,-49.306714,Rain,Icy,2,0,Distracted Driving
cbddc90d,12/29/23,15:02,"Mumbai, India",13.870918,30.071567,Clear,Snowy,5,2,Mechanical Failure
f1872696,11/27/23,15:14,"Paris, France",-70.688432,-39.464546,Hail,Icy,4,9,Drunk Driving
7bdee781,6/2/24,11:18,"Berlin, Germany",-58.798132,23.146606,Rain,Snowy,1,3,Mechanical Failure
4fbd45f4,9/15/24,16:59,"Mumbai, India",3.205909,55.794109,Clear,Wet,2,1,Mechanical Failure
3e35ee69,9/10/23,16:07,"Berlin, Germany",68.446159,-68.178055,Snow,Icy,4,8,Reckless Driving
59a52a13,7/24/24,5:17,"Tokyo, Japan",33.412706,10.017243,Clear,Dry,1,5,Speeding
96c21ccf,1/25/23,7:37,"New York, USA",-79.348798,-32.681789,Rain,Dry,2,2,Weather Conditions
ba87ddb0,12/5/24,16:37,"Mumbai, India",53.490833,-112.226008,Rain,Dry,4,7,Reckless Driving
bfe0a013,10/26/24,2:44,"Paris, France",11.420215,-64.586783,Rain,Snowy,3,10,Mechanical Failure
43ffa922,2/18/24,16:33,"Tokyo, Japan",80.712336,154.439804,Snow,Snowy,4,3,Distracted Driving
e56e9b02,3/3/24,17:31,"Tokyo, Japan",-56.855628,170.366806,Snow,Gravel,2,10,Reckless Driving
64bf7951,2/2/23,4:18,"Tokyo, Japan",-64.145679,-38.136043,Rain,Gravel,5,7,Weather Conditions
99cc3b17,11/21/23,22:09,"New York, USA",33.331633,11.298729,Hail,Wet,2,4,Reckless Driving
4844f713,4/29/24,18:03,"Mumbai, India",-34.232418,118.868539,Clear,Gravel,5,5,Speeding
e54f4857,3/26/23,20:47,"Sydney, Australia",39.000591,67.055823,Snow,Icy,4,0,Reckless Driving
4fbca5d1,12/14/23,18:45,"Beijing, China",80.259666,12.663688,Storm,Dry,3,2,Mechanical Failure
d89da04f,11/28/24,11:01,"London, UK",-82.45809,-174.260673,Clear,Icy,3,1,Mechanical Failure
784db344,1/13/23,10:36,"Berlin, Germany",-45.276602,137.343385,Hail,Dry,2,7,Reckless Driving
37d86a8a,1/7/23,16:55,"Mumbai, India",28.577529,-66.552066,Snow,Snowy,2,3,Weather Conditions
f0002d8c,3/8/24,17:23,"Tokyo, Japan",-19.489662,-49.938025,Clear,Dry,4,8,Weather Conditions
30168736,12/5/24,17:58,"London, UK",-65.154359,34.343422,Snow,Snowy,4,8,Distracted Driving
de6340ae,3/5/23,16:35,"Beijing, China",-16.145477,105.112859,Fog,Gravel,4,5,Mechanical Failure
daa98f4f,4/18/24,7:23,"Beijing, China",-42.878863,33.937966,Hail,Dry,3,0,Reckless Driving
90ea2faf,9/19/23,23:19,"Beijing, China",-61.899041,-34.533941,Fog,Gravel,2,3,Distracted Driving
cbb87110,7/28/24,3:05,"London, UK",22.275908,-93.377292,Storm,Under Construction,5,9,Speeding
c45c5619,2/4/24,18:27,"Beijing, China",-30.250655,-69.761168,Fog,Icy,5,2,Drunk Driving
a15fbdaf,5/3/24,5:13,"Sydney, Australia",79.169088,-55.748032,Clear,Snowy,4,2,Distracted Driving
54a58498,10/22/24,6:04,"Sydney, Australia",82.565945,-107.602046,Rain,Under Construction,4,3,Speeding
822e04ed,2/9/24,14:45,"New York, USA",7.193377,5.042369,Hail,Wet,1,2,Speeding
71d65d21,8/20/24,20:56,"Toronto, Canada",18.275768,1.293022,Fog,Gravel,1,5,Distracted Driving
578f0f1d,10/26/24,21:05,"Toronto, Canada",-80.67792,173.082466,Clear,Dry,2,1,Drunk Driving
2d2380e8,2/20/24,5:52,"Paris, France",8.005295,-1.544443,Storm,Dry,2,3,Speeding
2f9e0d29,6/18/23,16:31,"Beijing, China",9.952859,174.262019,Hail,Dry,4,7,Distracted Driving
67cf8520,9/4/24,13:45,"Paris, France",-5.072903,16.983483,Snow,Under Construction,5,7,Distracted Driving
ab6db1d3,8/14/23,20:33,"Paris, France",74.641995,106.131173,Fog,Gravel,2,1,Weather Conditions
de6d6308,10/26/23,8:33,"Berlin, Germany",10.640878,-37.287068,Storm,Gravel,2,4,Distracted Driving
470ec569,5/12/24,12:25,"Berlin, Germany",-12.342268,130.098455,Fog,Wet,3,2,Speeding
834e0af3,10/26/24,22:38,"Paris, France",-45.316871,-66.394495,Storm,Under Construction,2,6,Speeding
1a3cf3d8,9/27/23,2:50,"Tokyo, Japan",17.205706,-92.861481,Rain,Icy,3,0,Speeding
4dd320f7,1/4/23,15:08,"London, UK",35.902019,-166.160694,Clear,Dry,1,7,Reckless Driving
9f130f98,7/8/24,8:09,"Tokyo, Japan",72.324164,-40.651601,Snow,Icy,2,0,Reckless Driving
d806470c,7/14/23,21:58,"New York, USA",-4.465983,-162.277204,Rain,Snowy,2,9,Speeding
fded3494,8/14/23,11:22,"Toronto, Canada",-51.674467,-152.09133,Storm,Under Construction,5,5,Speeding
40fca868,12/9/23,12:25,"Toronto, Canada",-28.267053,46.125389,Rain,Icy,4,10,Speeding
ecec5012,1/22/23,4:39,"Beijing, China",-5.065395,-76.72686,Rain,Wet,5,5,Drunk Driving
19a26cb1,6/21/24,2:20,"New York, USA",-72.224418,50.152929,Snow,Wet,1,0,Speeding
9f00cc14,5/10/23,1:52,"Paris, France",80.081355,-88.557464,Fog,Wet,2,0,Reckless Driving
6d64b188,10/15/23,14:31,"Toronto, Canada",49.277183,88.079769,Clear,Icy,4,1,Drunk Driving
e6d510c3,10/2/24,14:23,"Toronto, Canada",-42.936501,-78.938385,Snow,Snowy,1,9,Weather Conditions
b8b5ef74,12/1/24,17:23,"Paris, France",3.550287,80.915062,Storm,Under Construction,2,9,Reckless Driving
7e8e1a45,7/13/23,9:42,"Toronto, Canada",6.341659,-148.951034,Clear,Dry,1,6,Mechanical Failure
da25e7a3,8/8/23,18:37,"Toronto, Canada",31.634056,-70.068385,Hail,Under Construction,5,4,Reckless Driving
547731d0,11/6/24,1:51,"Toronto, Canada",-41.517035,-149.786058,Hail,Icy,1,6,Reckless Driving
1c4590d8,4/24/23,17:40,"Tokyo, Japan",57.344657,11.469471,Storm,Dry,3,5,Reckless Driving
3c535996,4/5/23,1:34,"Sydney, Australia",75.344997,108.90172,Fog,Under Construction,5,6,Distracted Driving
8bc59bc2,12/2/23,12:50,"New York, USA",-1.073476,83.028628,Fog,Under Construction,5,1,Distracted Driving
5307b186,3/13/23,6:47,"Beijing, China",7.989389,-10.737323,Hail,Gravel,5,8,Mechanical Failure
fe3bb488,4/19/23,5:59,"Berlin, Germany",21.530366,-152.974747,Clear,Gravel,2,5,Distracted Driving
6fd9812d,10/2/24,18:33,"London, UK",21.376843,118.775955,Rain,Wet,2,5,Drunk Driving
bf9453c8,8/25/24,9:55,"Tokyo, Japan",-46.262321,9.482485,Fog,Under Construction,1,4,Distracted Driving
1d56aa7f,7/8/24,20:43,"London, UK",-43.637649,24.377997,Snow,Under Construction,4,10,Drunk Driving
1d89f3b3,6/14/24,17:39,"Beijing, China",-71.099074,-10.216405,Hail,Snowy,2,6,Speeding
7bb98b51,6/26/24,4:51,"Tokyo, Japan",-56.762219,13.140947,Snow,Icy,5,7,Reckless Driving
c59fc69b,4/7/24,12:15,"Tokyo, Japan",20.013768,-158.465531,Hail,Snowy,5,1,Reckless Driving
1d6c8f20,6/4/24,5:40,"Sydney, Australia",-48.822986,127.648114,Rain,Icy,2,1,Mechanical Failure
c2932e85,8/5/24,6:09,"Berlin, Germany",34.903656,-96.890622,Fog,Snowy,4,0,Drunk Driving
8c743156,5/6/23,12:19,"Paris, France",-34.259581,159.521846,Clear,Dry,1,10,Drunk Driving
976f84b6,3/20/24,5:52,"Beijing, China",-39.080686,-40.15309,Fog,Wet,1,7,Speeding
1aa659fa,3/27/23,18:57,"New York, USA",10.263763,-37.031983,Snow,Wet,5,10,Speeding
a3d5ad45,3/24/24,10:11,"Toronto, Canada",-8.558792,-124.985101,Storm,Snowy,5,10,Speeding
c71f9bf6,5/8/24,8:45,"Toronto, Canada",-79.11565,31.570383,Fog,Wet,1,1,Mechanical Failure
8a23da25,10/15/24,18:48,"Sydney, Australia",69.827533,-63.922728,Snow,Gravel,3,10,Mechanical Failure
3727fdb6,8/7/24,11:20,"Toronto, Canada",6.629878,-129.304512,Storm,Dry,2,1,Drunk Driving
faebd0fc,3/2/23,17:22,"Sydney, Australia",-54.136632,-69.354584,Storm,Gravel,5,3,Speeding
a231d9a9,4/5/23,19:56,"Beijing, China",-70.914275,-14.997232,Hail,Under Construction,4,9,Weather Conditions
4b756dc3,12/15/23,5:22,"Mumbai, India",77.622046,-129.708857,Clear,Wet,2,6,Mechanical Failure
6f37973d,4/2/23,15:21,"Paris, France",-67.861601,-8.502986,Hail,Wet,5,6,Reckless Driving
b1c56f0c,8/31/23,7:22,"New York, USA",-17.975252,28.836756,Fog,Gravel,3,9,Distracted Driving
2aec925c,3/30/24,0:00,"New York, USA",62.794542,157.827429,Hail,Under Construction,4,9,Distracted Driving
e41967a6,6/23/23,11:35,"New York, USA",39.44812,-170.831405,Fog,Wet,4,0,Mechanical Failure
d2470f71,8/6/23,0:50,"Berlin, Germany",57.446807,-78.634345,Snow,Under Construction,5,4,Drunk Driving
16f7df56,8/30/24,0:26,"New York, USA",30.024394,-51.552542,Snow,Gravel,2,9,Drunk Driving
00fe3fa7,4/27/24,20:53,"Tokyo, Japan",-59.833397,-31.009818,Hail,Snowy,2,4,Drunk Driving
17b8f2ca,9/19/24,7:27,"Mumbai, India",-38.827088,137.538947,Fog,Under Construction,5,4,Mechanical Failure
ef8a4e21,1/12/23,22:08,"London, UK",-19.884575,-64.226865,Rain,Icy,4,4,Reckless Driving
d67e792a,11/15/24,9:11,"Tokyo, Japan",36.571521,117.470388,Fog,Gravel,2,4,Drunk Driving
ddc5b450,2/3/23,0:56,"New York, USA",-47.937647,-160.255809,Fog,Gravel,4,4,Weather Conditions
fe5ab6bd,3/8/23,21:09,"Sydney, Australia",49.649717,175.8385,Storm,Wet,1,3,Drunk Driving
058914c7,10/11/24,0:40,"New York, USA",64.69128,-118.794232,Hail,Gravel,1,9,Drunk Driving
3ec4210d,6/14/23,13:06,"Sydney, Australia",65.871333,60.751048,Rain,Snowy,3,0,Weather Conditions
d77d8841,11/21/24,2:25,"New York, USA",0.546413,-79.4679,Rain,Icy,3,5,Drunk Driving
e2721092,7/11/24,8:13,"Tokyo, Japan",-66.432539,-143.211288,Clear,Under Construction,5,1,Speeding
67a8ebbe,3/8/23,5:43,"Sydney, Australia",25.190871,23.835313,Rain,Dry,1,10,Weather Conditions
5f4142be,11/21/23,9:01,"Mumbai, India",66.90443,-146.12581,Snow,Icy,5,7,Speeding
77642194,5/8/23,13:58,"London, UK",89.380665,65.486229,Rain,Snowy,2,2,Distracted Driving
f32a7ada,9/23/23,18:33,"Beijing, China",80.645723,74.631734,Clear,Under Construction,5,4,Drunk Driving
22d2e2a7,4/26/23,14:31,"Beijing, China",-5.581606,103.549266,Hail,Gravel,2,0,Distracted Driving
4fff18da,12/2/24,8:05,"New York, USA",-4.701533,-100.091749,Storm,Wet,4,3,Distracted Driving
c625314a,10/23/23,13:36,"Sydney, Australia",15.0864,122.80819,Hail,Wet,5,2,Distracted Driving
3e8635ed,10/10/24,4:28,"London, UK",-37.507039,19.704683,Storm,Gravel,1,10,Distracted Driving
a3694194,11/8/23,7:55,"Toronto, Canada",9.973015,149.856184,Storm,Dry,3,1,Reckless Driving
b23cf9ca,6/12/24,18:03,"Sydney, Australia",-26.241261,171.711458,Storm,Gravel,5,9,Mechanical Failure
74508d52,5/9/23,22:32,"London, UK",-88.913458,102.694302,Hail,Gravel,1,1,Drunk Driving
a3041a54,11/30/23,9:08,"Toronto, Canada",-9.260571,-95.575124,Fog,Gravel,2,2,Weather Conditions
f9a3ff3b,12/20/24,9:01,"Paris, France",67.071874,176.760685,Clear,Gravel,4,7,Weather Conditions
0436cdef,5/14/24,13:08,"Paris, France",18.765802,81.7895,Hail,Under Construction,5,5,Reckless Driving
9dd981ce,5/7/24,10:05,"Berlin, Germany",-17.169031,-24.173367,Hail,Gravel,5,7,Drunk Driving
1c6e2a02,10/8/23,15:11,"Sydney, Australia",-55.551538,-7.54207,Clear,Gravel,3,6,Reckless Driving
c0461302,1/23/24,20:57,"Mumbai, India",63.602541,16.239905,Rain,Gravel,4,9,Speeding
f1418e9b,8/22/24,18:48,"Tokyo, Japan",43.52378,-78.417223,Fog,Snowy,5,7,Speeding
6bf536b7,5/4/24,10:25,"Berlin, Germany",42.332765,-25.905987,Storm,Dry,5,3,Reckless Driving
1887cd52,4/11/23,11:24,"Beijing, China",59.844484,-49.767824,Clear,Gravel,4,3,Mechanical Failure
1ccff1c1,7/28/23,6:07,"Beijing, China",27.636612,159.999545,Storm,Wet,3,7,Weather Conditions
541d391a,1/20/24,17:40,"New York, USA",47.97659,99.950274,Hail,Icy,1,1,Mechanical Failure
dd23489c,9/20/23,16:11,"Paris, France",8.719603,-171.297879,Fog,Dry,4,0,Drunk Driving
29dd9198,7/21/23,13:13,"London, UK",-49.001509,-178.449982,Clear,Wet,5,8,Drunk Driving
10556379,5/28/24,2:07,"Paris, France",-30.985439,177.728772,Storm,Snowy,1,8,Speeding
6dbafcf8,5/2/24,12:04,"London, UK",-75.421914,87.824183,Storm,Snowy,3,7,Weather Conditions
5c57c1ca,2/16/23,20:05,"Sydney, Australia",-20.338116,37.955895,Fog,Dry,2,4,Speeding
bf4e8b0f,11/4/23,16:35,"Toronto, Canada",-60.579667,55.74994,Snow,Wet,3,8,Drunk Driving
7d12c296,9/23/24,9:43,"Berlin, Germany",-34.847869,-47.966719,Snow,Gravel,3,1,Speeding
1d45b489,4/6/24,2:34,"New York, USA",-32.128753,125.103108,Snow,Gravel,1,5,Distracted Driving
d32a53fa,10/24/24,20:58,"Mumbai, India",-49.421732,-158.612303,Storm,Dry,4,7,Distracted Driving
8b0f7806,6/24/23,19:57,"Beijing, China",89.175796,97.822285,Rain,Icy,1,10,Drunk Driving
d251f607,2/29/24,9:42,"London, UK",55.514637,104.020395,Storm,Gravel,4,5,Drunk Driving
47eb1481,2/27/23,4:49,"Toronto, Canada",77.507319,0.391018,Snow,Gravel,2,8,Weather Conditions
3e3ff874,1/23/24,12:41,"Berlin, Germany",10.101191,-40.229395,Rain,Gravel,2,8,Speeding
adf45c8d,11/19/24,12:25,"Mumbai, India",5.984353,-8.520064,Fog,Dry,3,7,Mechanical Failure
4534268e,5/19/24,9:17,"Beijing, China",87.482715,82.953727,Snow,Icy,2,6,Drunk Driving
b53e1764,12/27/24,18:59,"Sydney, Australia",40.160832,109.603703,Clear,Dry,3,5,Speeding
c3aa3b94,5/23/23,21:45,"Beijing, China",39.27004,0.995046,Storm,Icy,2,3,Speeding
4a7e4bea,7/12/23,15:47,"Mumbai, India",41.670626,96.182055,Hail,Snowy,1,10,Drunk Driving
8740a71e,12/2/23,14:40,"Toronto, Canada",33.800151,136.842389,Snow,Icy,1,1,Speeding
011619c3,5/23/23,12:17,"New York, USA",-62.495291,48.494048,Hail,Snowy,5,3,Drunk Driving
f816cf10,11/22/24,10:15,"Tokyo, Japan",-76.069745,108.859035,Storm,Icy,5,5,Reckless Driving
3add97e4,9/22/23,5:41,"Tokyo, Japan",66.965136,-112.445662,Storm,Under Construction,1,9,Reckless Driving
37e3e580,8/30/23,4:50,"Berlin, Germany",-51.138529,-157.823388,Storm,Dry,4,1,Weather Conditions
5a88c2b0,5/9/23,7:41,"London, UK",-50.962855,146.167221,Rain,Dry,1,7,Weather Conditions
c474d3c0,8/8/24,17:23,"Paris, France",-82.665271,95.352297,Hail,Snowy,1,8,Weather Conditions
f9d85a4f,2/28/23,5:08,"Paris, France",-3.062516,167.289837,Clear,Dry,2,0,Mechanical Failure
867a72e6,10/24/23,22:27,"Sydney, Australia",65.639516,-116.685943,Hail,Wet,5,0,Reckless Driving
309be1f0,12/15/24,23:24,"Toronto, Canada",83.410674,174.027414,Storm,Icy,4,1,Distracted Driving
341fbf9a,4/6/23,2:14,"New York, USA",-22.239214,77.72511,Snow,Gravel,3,2,Mechanical Failure
22a19948,9/17/24,19:57,"London, UK",-8.473225,-86.920983,Snow,Wet,1,8,Drunk Driving
570e644a,8/12/23,4:29,"Toronto, Canada",3.24831,100.505199,Rain,Icy,3,9,Distracted Driving
2701ac4e,7/7/24,2:31,"Sydney, Australia",44.929885,95.049041,Fog,Snowy,1,5,Mechanical Failure
222b6ce5,9/22/24,5:30,"Beijing, China",-33.486155,157.945145,Hail,Icy,1,6,Mechanical Failure
d634cf1c,6/24/24,9:54,"Tokyo, Japan",-3.414731,122.525635,Storm,Wet,4,2,Distracted Driving
23fe99bd,2/13/24,11:52,"Berlin, Germany",15.864873,-17.89877,Fog,Wet,5,2,Weather Conditions
9d6d2639,6/10/24,3:55,"Toronto, Canada",-31.828115,30.243577,Storm,Under Construction,2,4,Mechanical Failure
e4606584,12/21/23,7:52,"Sydney, Australia",17.206407,153.072496,Hail,Wet,2,4,Drunk Driving
c4a5c1ca,5/18/23,16:14,"New York, USA",-49.178599,-46.958119,Clear,Dry,2,3,Distracted Driving
2a8103e2,12/1/23,12:10,"Tokyo, Japan",68.757446,52.362267,Snow,Icy,2,5,Weather Conditions
ece98ce9,11/6/23,3:25,"Paris, France",21.045768,131.673104,Clear,Icy,2,10,Distracted Driving
e9c5190d,3/5/24,8:45,"Beijing, China",4.300907,-163.858767,Rain,Under Construction,5,6,Distracted Driving
87eb4696,11/8/23,18:08,"Berlin, Germany",-63.148917,151.151065,Hail,Snowy,3,10,Speeding
0e5d3020,3/3/24,20:23,"London, UK",-71.683218,173.042335,Storm,Wet,1,1,Weather Conditions
792d774b,12/1/24,23:25,"Mumbai, India",-29.3534,-173.34456,Storm,Under Construction,3,10,Weather Conditions
78cac272,3/13/24,16:54,"Sydney, Australia",-2.915295,-123.837109,Rain,Icy,3,8,Distracted Driving
28cfb62d,7/25/24,3:37,"New York, USA",82.700372,-88.979349,Fog,Gravel,4,9,Reckless Driving
8c3aee0f,5/25/24,22:53,"New York, USA",87.656664,-50.143826,Storm,Dry,2,8,Weather Conditions
3532d9f2,12/9/24,0:30,"Mumbai, India",-82.429086,90.894497,Snow,Snowy,2,5,Mechanical Failure
086b9e4c,1/26/24,7:27,"London, UK",28.551511,147.229081,Rain,Wet,1,10,Drunk Driving
3757d14f,8/9/24,11:38,"Toronto, Canada",19.002798,117.490435,Hail,Snowy,3,9,Speeding
c0037ac3,9/13/24,19:12,"Paris, France",74.305809,-66.102978,Fog,Under Construction,2,9,Weather Conditions
ed05353b,1/12/23,18:49,"Mumbai, India",78.31899,-85.57808,Fog,Under Construction,4,1,Drunk Driving
1c76f70c,9/16/23,5:52,"Tokyo, Japan",-72.26499,-33.579103,Snow,Icy,3,3,Distracted Driving
7d7cf001,4/17/23,18:15,"London, UK",54.961094,-10.587506,Snow,Gravel,5,2,Drunk Driving
38202730,6/2/23,21:14,"Berlin, Germany",-21.039871,27.629054,Rain,Wet,5,3,Distracted Driving
0ba07032,5/17/23,22:36,"Paris, France",43.635842,84.144427,Fog,Wet,1,4,Distracted Driving
33b1f53a,8/7/24,12:58,"Paris, France",9.446803,148.527757,Clear,Wet,5,4,Speeding
d95b4fff,3/7/24,11:48,"Berlin, Germany",74.45713,-111.524871,Fog,Gravel,3,7,Weather Conditions
d0803549,11/21/23,5:20,"Tokyo, Japan",59.184447,-75.795361,Fog,Snowy,4,8,Reckless Driving
dcff3ff5,9/19/23,14:58,"Beijing, China",-86.053808,11.799723,Storm,Dry,4,2,Distracted Driving
038082b9,12/6/23,20:22,"Berlin, Germany",-34.201626,146.029375,Storm,Snowy,4,5,Distracted Driving
11fbd574,8/16/24,3:26,"London, UK",-14.489768,-64.883762,Clear,Snowy,4,10,Weather Conditions
0a192a39,12/26/24,2:57,"Tokyo, Japan",41.082174,141.829258,Hail,Dry,5,9,Reckless Driving
755d449c,10/11/23,4:52,"Toronto, Canada",-45.976734,-96.016647,Snow,Wet,1,0,Distracted Driving
bedafb72,2/1/24,17:53,"New York, USA",42.857332,41.121148,Snow,Under Construction,4,4,Distracted Driving
c408e012,2/28/24,5:26,"Toronto, Canada",-50.934973,-60.059988,Hail,Snowy,2,6,Distracted Driving
8b914b08,6/4/24,15:41,"Tokyo, Japan",38.399519,-89.541024,Clear,Dry,2,7,Distracted Driving
f6b1318f,5/8/23,16:57,"Beijing, China",-69.435345,11.135015,Hail,Dry,3,8,Reckless Driving
3916a532,8/11/24,18:36,"Sydney, Australia",-10.178538,131.999242,Rain,Under Construction,3,2,Mechanical Failure
86eb0a74,9/15/23,6:57,"Tokyo, Japan",83.899563,22.604084,Snow,Wet,3,3,Weather Conditions
7602ee2d,7/25/23,13:25,"Sydney, Australia",27.885049,-34.140719,Hail,Icy,1,8,Weather Conditions
71449319,2/8/24,8:42,"Sydney, Australia",52.105641,-133.609079,Hail,Wet,3,5,Mechanical Failure
8d931225,9/12/23,15:50,"New York, USA",-86.163563,164.126547,Storm,Gravel,5,6,Drunk Driving
16e5f899,4/26/24,11:00,"Paris, France",-89.294262,82.926331,Fog,Dry,5,6,Speeding
546d1bea,9/24/23,18:50,"Paris, France",-50.164983,55.870346,Storm,Icy,1,2,Reckless Driving
1a2033c5,3/6/24,0:20,"Sydney, Australia",51.665051,120.934263,Fog,Snowy,4,6,Weather Conditions
c88d2b34,9/17/23,17:09,"Paris, France",-68.03121,163.546465,Snow,Gravel,5,0,Weather Conditions
daeceb25,7/26/23,17:08,"Toronto, Canada",16.039875,103.361339,Clear,Under Construction,2,2,Weather Conditions
64927b3c,11/27/23,6:44,"Mumbai, India",-84.863433,172.861627,Clear,Wet,2,4,Reckless Driving
e72348e6,9/10/24,1:24,"London, UK",17.934486,-142.645921,Snow,Dry,5,7,Distracted Driving
aa4a22c0,6/12/23,9:31,"Mumbai, India",86.266265,-36.419757,Clear,Gravel,1,7,Speeding
8c285bab,10/2/24,6:06,"Sydney, Australia",-19.254238,-92.16143,Clear,Snowy,4,0,Mechanical Failure
ce99b60d,11/14/23,15:44,"London, UK",-58.681249,72.321432,Clear,Dry,4,4,Speeding
0341e653,8/17/23,7:02,"Tokyo, Japan",-89.255479,-74.986324,Rain,Dry,4,3,Weather Conditions
03bf6f26,6/7/23,13:22,"Berlin, Germany",14.646989,-25.594794,Storm,Snowy,5,2,Drunk Driving
4cc380ba,7/29/23,2:26,"Sydney, Australia",2.168511,121.299093,Fog,Dry,3,8,Distracted Driving
d76bec42,2/1/24,10:14,"Paris, France",-44.439538,-41.903922,Storm,Gravel,5,10,Drunk Driving
48d4fba4,11/19/24,11:50,"Tokyo, Japan",81.232768,-47.441496,Rain,Icy,1,2,Reckless Driving
61995a75,4/27/23,3:06,"Sydney, Australia",79.261745,132.370364,Fog,Under Construction,3,2,Drunk Driving
d93b0c7b,1/13/23,17:21,"Mumbai, India",71.503462,80.558135,Storm,Under Construction,2,6,Reckless Driving
2be842b6,2/17/24,10:50,"New York, USA",52.964156,144.990112,Hail,Icy,3,5,Distracted Driving
a4bb4568,7/2/23,14:09,"New York, USA",-55.723981,87.624694,Clear,Dry,1,6,Distracted Driving
8.64E+10,12/16/24,21:51,"Tokyo, Japan",71.984817,102.758588,Hail,Icy,3,10,Distracted Driving
8e0b8a93,2/9/23,23:28,"New York, USA",26.754382,-97.449746,Hail,Dry,3,10,Drunk Driving
6d96bbc6,1/13/24,11:21,"Tokyo, Japan",49.326935,-150.50747,Fog,Dry,1,9,Weather Conditions
a2c7fc22,10/29/23,18:15,"Berlin, Germany",-62.127942,-114.874643,Snow,Snowy,3,9,Reckless Driving
30868c8b,3/11/23,15:01,"Berlin, Germany",-79.25411,-172.452702,Snow,Wet,2,2,Drunk Driving
00a83868,7/12/23,15:04,"New York, USA",59.589134,177.636579,Storm,Snowy,3,7,Speeding
4cae6ef0,12/23/24,16:46,"Toronto, Canada",-58.82436,145.180995,Storm,Under Construction,5,5,Speeding
1a766c29,1/2/23,23:03,"Mumbai, India",-29.598139,59.664086,Rain,Icy,5,2,Speeding
c6a8f5c0,5/23/24,12:42,"Paris, France",68.149333,102.295176,Rain,Snowy,5,10,Mechanical Failure
0bcd8752,6/5/24,19:43,"Paris, France",66.372782,44.903404,Snow,Gravel,2,0,Distracted Driving
e9cab56a,3/27/23,23:29,"Beijing, China",-60.508896,-95.170029,Clear,Under Construction,1,5,Weather Conditions
badf7363,11/24/24,16:18,"Toronto, Canada",-25.226749,-149.222827,Storm,Wet,4,9,Mechanical Failure
d637560e,4/13/24,2:01,"Toronto, Canada",68.881105,156.610386,Clear,Dry,4,3,Reckless Driving
a9ef9878,12/13/24,0:40,"Paris, France",20.358803,-143.841766,Storm,Snowy,4,9,Mechanical Failure
9e8adc8d,8/22/23,5:27,"Beijing, China",-52.048743,31.995877,Storm,Under Construction,4,10,Distracted Driving
13724c74,12/18/23,14:35,"Tokyo, Japan",26.050753,-2.685047,Snow,Gravel,2,4,Weather Conditions
ea3d00d7,4/9/24,5:14,"Mumbai, India",-1.447022,102.711029,Rain,Dry,5,1,Weather Conditions
1d9e6c83,8/20/24,22:25,"Mumbai, India",36.969502,-151.748875,Storm,Gravel,4,0,Mechanical Failure
2b1d4276,8/17/24,23:15,"Sydney, Australia",51.599865,-173.511968,Storm,Snowy,5,3,Distracted Driving
1d6af0ef,10/31/24,20:01,"Paris, France",55.687767,31.073923,Hail,Snowy,3,6,Speeding
5.62E+56,6/30/24,9:13,"Mumbai, India",-85.678376,-121.542691,Clear,Gravel,3,9,Reckless Driving
981df1d9,8/20/24,10:28,"Berlin, Germany",77.384947,3.826349,Storm,Gravel,4,10,Mechanical Failure
3b625407,6/1/23,0:29,"London, UK",-0.334538,88.890332,Storm,Dry,2,4,Distracted Driving
162ba694,11/20/24,16:13,"Berlin, Germany",-80.127123,-58.159126,Fog,Wet,1,1,Mechanical Failure
39c401be,8/5/23,10:50,"Beijing, China",34.012576,-10.682803,Clear,Gravel,1,5,Reckless Driving
1f037b6b,9/26/23,0:28,"Berlin, Germany",22.506532,-60.128426,Hail,Gravel,1,1,Distracted Driving
4dd0bbfa,8/8/24,14:00,"London, UK",82.314666,-44.538451,Storm,Gravel,1,2,Mechanical Failure
fa74ecc5,3/4/23,9:46,"Berlin, Germany",-83.113039,-123.138819,Hail,Snowy,5,6,Weather Conditions
38ab3652,9/13/24,1:05,"London, UK",86.807207,179.212474,Clear,Gravel,2,0,Reckless Driving
e50b0adb,10/22/24,10:36,"London, UK",76.047035,1.488891,Hail,Snowy,3,3,Distracted Driving
e4b2cbc1,8/6/23,14:27,"Tokyo, Japan",-34.486109,-134.562879,Snow,Dry,5,3,Reckless Driving
b13d87de,11/2/23,8:18,"Toronto, Canada",67.240288,-13.97488,Hail,Wet,3,1,Reckless Driving
aa34f050,5/15/23,9:52,"Beijing, China",43.93073,-156.791314,Hail,Icy,1,9,Weather Conditions
6bd199dd,2/14/23,4:22,"Paris, France",-19.081461,-22.389684,Storm,Snowy,3,3,Reckless Driving
43e008bd,6/20/24,14:56,"Beijing, China",79.943687,-74.779001,Clear,Wet,1,1,Drunk Driving
4fbb27b1,12/10/23,14:06,"Mumbai, India",5.969668,-32.338334,Fog,Gravel,3,9,Speeding
e31cfa20,6/29/24,5:39,"Mumbai, India",-6.545802,-10.237473,Storm,Wet,5,8,Drunk Driving
4fe286a9,9/18/23,22:57,"Toronto, Canada",-73.385653,-83.27256,Hail,Gravel,5,5,Reckless Driving
863dd4a8,5/18/24,7:16,"Mumbai, India",41.649298,-74.750097,Rain,Snowy,1,4,Weather Conditions
5f80bba5,9/10/24,6:23,"London, UK",-54.628689,93.618119,Snow,Dry,2,1,Distracted Driving
df22eb29,12/21/24,11:35,"Sydney, Australia",52.49898,38.17313,Hail,Under Construction,4,1,Weather Conditions
cd65c00d,11/8/23,13:59,"London, UK",25.295957,64.023164,Storm,Icy,4,5,Distracted Driving
f65ef0f0,5/11/23,11:02,"Berlin, Germany",-22.687887,-21.38115,Clear,Icy,1,2,Drunk Driving
9d2ec18c,7/22/24,23:57,"New York, USA",-33.211498,151.173508,Fog,Dry,4,9,Mechanical Failure
f07130bf,6/19/24,15:34,"New York, USA",70.084697,84.080502,Storm,Snowy,5,3,Weather Conditions
a5dfc746,1/29/24,8:49,"New York, USA",66.272445,100.935234,Rain,Snowy,5,0,Distracted Driving
89f3f547,10/1/23,16:20,"Beijing, China",-9.724983,93.801527,Hail,Icy,2,5,Drunk Driving
7fa23361,7/1/24,0:48,"New York, USA",-76.042655,-160.418554,Snow,Under Construction,5,10,Weather Conditions
9b63c02e,10/29/24,15:23,"New York, USA",-30.031215,-127.531881,Clear,Icy,2,8,Speeding
a723b713,7/15/23,13:33,"Mumbai, India",69.05921,35.994136,Fog,Dry,5,9,Reckless Driving
85f205b2,2/25/23,3:18,"Toronto, Canada",-64.158202,-110.609402,Fog,Dry,3,8,Distracted Driving
f2e95ad3,11/1/23,11:29,"Sydney, Australia",-33.13843,-161.156485,Snow,Icy,1,4,Distracted Driving
40820697,7/28/23,23:56,"Toronto, Canada",-89.816774,110.300287,Hail,Gravel,4,4,Drunk Driving
e7e4e51a,2/7/23,19:06,"Paris, France",54.833187,146.207968,Hail,Wet,4,2,Weather Conditions
06e74a65,2/13/24,14:39,"Sydney, Australia",-80.871961,95.423051,Snow,Wet,2,3,Weather Conditions
9.91E+62,6/17/24,9:24,"Toronto, Canada",-13.859854,-34.945393,Storm,Dry,5,1,Speeding
9a342000,6/15/24,8:44,"Beijing, China",-12.325333,-119.377158,Hail,Wet,4,0,Speeding
42eab6bf,4/17/23,7:20,"London, UK",56.088585,-132.585262,Rain,Gravel,3,2,Speeding
203231a0,9/17/23,15:25,"London, UK",43.891038,160.453694,Snow,Under Construction,5,6,Speeding
43fa9b05,8/22/23,12:20,"Mumbai, India",41.396478,74.679935,Hail,Dry,2,1,Weather Conditions
868b4e6f,7/3/24,17:18,"Berlin, Germany",21.196091,-140.532698,Storm,Gravel,4,9,Reckless Driving
ebe89801,10/23/23,14:57,"Paris, France",-12.494453,-17.826046,Fog,Gravel,2,4,Weather Conditions
57ca6d97,11/6/23,13:13,"Berlin, Germany",52.775957,-52.627606,Rain,Icy,4,9,Drunk Driving
30d16807,4/11/24,1:12,"London, UK",-56.808183,-96.312691,Snow,Wet,3,4,Distracted Driving
ad51c80c,9/3/23,13:53,"Sydney, Australia",69.746008,-75.623517,Hail,Snowy,4,1,Speeding
7f25560a,7/15/24,1:43,"Toronto, Canada",31.731853,111.068904,Fog,Icy,3,1,Distracted Driving
e874068a,11/22/23,13:23,"Toronto, Canada",63.750817,29.701949,Snow,Dry,2,3,Drunk Driving
e4ab6ec0,8/19/24,11:16,"Toronto, Canada",-60.46033,91.822953,Clear,Gravel,3,9,Drunk Driving
56753718,3/19/24,8:51,"Paris, France",19.308662,-102.841466,Hail,Gravel,5,4,Weather Conditions
902eda24,9/30/23,4:24,"Beijing, China",-70.712895,166.392395,Storm,Under Construction,5,2,Drunk Driving
5c2e15e8,12/21/23,5:53,"London, UK",-46.175684,-95.164451,Clear,Under Construction,4,2,Weather Conditions
a02a195c,12/3/24,6:44,"Berlin, Germany",-48.246413,-34.193612,Rain,Dry,3,2,Weather Conditions
0915d8cc,1/23/23,13:06,"London, UK",-87.727476,-124.733192,Fog,Under Construction,2,9,Mechanical Failure
baa4c7eb,5/2/23,15:06,"New York, USA",-22.082513,-70.336,Fog,Dry,4,7,Mechanical Failure
903a883f,10/13/24,15:31,"Toronto, Canada",71.859661,4.854238,Snow,Icy,5,2,Drunk Driving
727234cf,12/22/23,19:10,"Sydney, Australia",26.864848,61.672305,Clear,Wet,5,10,Reckless Driving
0118a72a,5/11/23,13:41,"London, UK",-86.028143,-179.01675,Storm,Icy,5,5,Weather Conditions
6f103a0a,8/19/24,13:37,"Paris, France",12.790617,-9.821467,Rain,Icy,5,10,Speeding
b50e0aac,4/7/23,2:03,"Tokyo, Japan",33.299868,-168.45226,Rain,Under Construction,4,3,Distracted Driving
a95ccf1f,7/3/24,21:33,"Beijing, China",-5.13957,161.661003,Storm,Gravel,5,9,Reckless Driving
1832bc9d,12/17/24,15:53,"London, UK",-75.711638,-150.277863,Rain,Under Construction,2,3,Speeding
a1849a3a,8/24/24,0:32,"London, UK",83.371505,170.298197,Storm,Wet,3,1,Speeding
7.29E+07,4/7/23,4:28,"London, UK",8.588751,71.255886,Snow,Snowy,3,5,Drunk Driving
70130332,2/29/24,7:54,"Toronto, Canada",60.658094,-81.130387,Snow,Gravel,1,4,Mechanical Failure
077a96b0,7/17/24,10:47,"Toronto, Canada",17.566528,144.015404,Fog,Icy,2,4,Weather Conditions
87d77be1,9/6/23,9:27,"Berlin, Germany",-58.692638,-17.949376,Snow,Wet,2,10,Drunk Driving
947e6aff,5/14/24,17:39,"Toronto, Canada",27.567555,60.440398,Clear,Icy,1,1,Weather Conditions
f469875a,7/27/24,20:07,"Sydney, Australia",-44.778757,-152.270538,Clear,Wet,5,10,Weather Conditions
396344a0,5/16/24,17:10,"Tokyo, Japan",-42.461357,-29.631157,Hail,Snowy,1,8,Drunk Driving
1904d38b,4/4/23,7:09,"Berlin, Germany",-31.302251,63.443416,Storm,Gravel,2,3,Mechanical Failure
3640d23f,9/7/24,20:31,"Sydney, Australia",-39.396589,89.381866,Rain,Icy,2,5,Weather Conditions
0ede1301,7/6/24,0:21,"Mumbai, India",-41.101505,106.376824,Snow,Under Construction,4,10,Mechanical Failure
65c46701,4/19/23,6:20,"London, UK",-14.33709,136.575349,Rain,Wet,5,5,Speeding
aeef3df6,12/21/24,11:32,"Beijing, China",15.128644,-102.426357,Rain,Dry,5,3,Distracted Driving
9c777048,8/18/24,7:55,"Tokyo, Japan",83.063022,-22.344434,Snow,Wet,3,0,Mechanical Failure
a78d7f1b,1/3/23,12:59,"Paris, France",43.390073,75.658178,Storm,Dry,4,7,Reckless Driving
cf836be7,3/23/24,13:15,"London, UK",69.146014,23.67947,Hail,Dry,3,0,Speeding
8.85E+13,7/7/23,20:02,"Beijing, China",-0.967715,146.366233,Storm,Snowy,2,10,Distracted Driving
88acd19b,11/3/23,13:39,"Tokyo, Japan",88.627533,68.671553,Fog,Snowy,5,7,Speeding
eb117fa2,2/22/24,4:09,"Toronto, Canada",77.31432,-71.709688,Hail,Snowy,3,0,Drunk Driving
f5046ad2,8/28/23,14:04,"Mumbai, India",22.933636,-130.353208,Fog,Gravel,5,2,Drunk Driving
7909ad45,5/1/24,8:03,"New York, USA",39.144576,68.83452,Clear,Dry,1,1,Reckless Driving
abee2f91,3/23/23,8:52,"Tokyo, Japan",45.247375,-157.869302,Snow,Gravel,1,5,Distracted Driving
045caccd,7/18/24,22:53,"Tokyo, Japan",42.546232,-32.51375,Rain,Icy,5,8,Mechanical Failure
e373a5d7,2/12/23,9:35,"Berlin, Germany",89.919572,-178.557196,Rain,Gravel,5,10,Reckless Driving
28b19935,2/17/24,18:50,"Mumbai, India",-22.0183,-78.474315,Hail,Snowy,3,1,Distracted Driving
c4d6bfbf,8/31/23,17:06,"Mumbai, India",11.080416,51.457413,Snow,Under Construction,2,10,Distracted Driving
465d969b,5/24/23,22:01,"London, UK",3.730507,-58.182095,Rain,Under Construction,5,6,Reckless Driving
ca85c985,10/17/24,12:11,"Toronto, Canada",12.346674,72.163874,Fog,Gravel,2,8,Drunk Driving
d3999408,6/22/24,21:12,"Mumbai, India",30.460433,23.856096,Clear,Under Construction,5,2,Speeding
2ef949f8,11/25/23,5:19,"Paris, France",35.556165,-56.324505,Clear,Wet,1,8,Weather Conditions
b212f46a,5/14/24,11:21,"Sydney, Australia",60.297001,-132.359184,Snow,Under Construction,2,7,Reckless Driving
e1eb6ac9,12/27/24,1:48,"Beijing, China",-79.409274,153.495254,Storm,Icy,2,3,Speeding
74781ced,8/10/23,3:43,"Tokyo, Japan",13.045962,29.724168,Clear,Snowy,1,4,Drunk Driving
00e97872,1/8/24,14:04,"Sydney, Australia",60.773267,0.108721,Clear,Dry,2,4,Mechanical Failure
708e3ca1,5/24/24,0:38,"Mumbai, India",65.621893,-132.374579,Storm,Dry,4,0,Drunk Driving
d862b33f,9/9/23,17:56,"Toronto, Canada",-12.917919,-167.364849,Storm,Dry,1,4,Reckless Driving
924ed5fe,6/27/23,14:23,"Mumbai, India",49.150823,129.724248,Clear,Under Construction,5,2,Weather Conditions
5d743035,7/27/23,21:21,"Paris, France",68.59649,-72.093678,Snow,Snowy,3,2,Speeding
eab97b21,3/4/23,3:19,"Paris, France",21.582108,-46.935937,Fog,Snowy,1,4,Speeding
c0dc72c2,10/27/24,17:35,"Berlin, Germany",-20.776933,6.38206,Fog,Icy,2,5,Reckless Driving
745ff542,10/21/24,18:01,"New York, USA",-31.849182,-86.216811,Rain,Snowy,3,7,Mechanical Failure
17991be0,1/1/24,2:10,"Berlin, Germany",35.739292,-104.563014,Snow,Wet,1,1,Weather Conditions
abdc985c,10/31/23,16:22,"Berlin, Germany",43.316776,-134.48365,Snow,Icy,3,1,Distracted Driving
c4ae6659,4/29/24,7:44,"Beijing, China",59.568978,-171.077296,Rain,Under Construction,5,1,Mechanical Failure
0db17dd9,1/30/23,12:10,"Toronto, Canada",-55.472194,97.202305,Hail,Dry,1,10,Speeding
364e2380,1/4/23,20:27,"Paris, France",-65.349489,168.654308,Clear,Icy,5,7,Drunk Driving
06b99fbe,11/13/24,19:50,"Toronto, Canada",65.643022,-28.406435,Clear,Dry,1,6,Speeding
0b36fe78,3/17/23,16:52,"Berlin, Germany",-63.553504,138.53292,Fog,Gravel,2,3,Distracted Driving
3436137,7/27/23,6:13,"New York, USA",44.178476,-175.932247,Rain,Wet,3,4,Mechanical Failure
56197796,1/14/23,11:17,"Tokyo, Japan",-53.992329,-160.382557,Snow,Snowy,4,10,Weather Conditions
1b9d809a,7/28/24,7:19,"Toronto, Canada",18.941438,92.558164,Fog,Dry,5,7,Drunk Driving
a48ea22f,5/22/24,20:31,"Tokyo, Japan",-50.708478,-81.948827,Clear,Gravel,4,4,Mechanical Failure
4bf880ab,5/3/24,1:29,"New York, USA",22.012917,-100.668006,Rain,Icy,3,10,Speeding
cc431d89,12/11/23,19:04,"Sydney, Australia",89.230898,-9.343577,Storm,Wet,5,1,Distracted Driving
e5a60755,8/19/24,16:12,"Toronto, Canada",40.484407,36.633378,Clear,Gravel,4,6,Speeding
39664eef,7/11/23,11:24,"Mumbai, India",5.141688,-95.842704,Hail,Gravel,5,5,Weather Conditions
56007257,10/16/23,2:10,"Tokyo, Japan",17.400345,-161.131506,Rain,Snowy,2,4,Distracted Driving
94d0362a,9/18/24,10:18,"Beijing, China",-53.463431,144.241442,Clear,Dry,4,9,Speeding
c1046509,3/6/24,20:31,"New York, USA",62.91438,68.588366,Storm,Gravel,2,10,Drunk Driving
10b5e270,4/30/24,20:41,"Tokyo, Japan",-75.437744,-32.94888,Rain,Gravel,1,6,Distracted Driving
81578f1b,7/4/24,23:31,"Tokyo, Japan",41.69121,-93.681639,Rain,Snowy,5,7,Weather Conditions
6d101d3a,2/4/23,0:55,"London, UK",87.940118,-90.64624,Hail,Gravel,5,10,Reckless Driving
a62ef3f3,10/30/23,14:54,"Toronto, Canada",14.872235,-95.40585,Fog,Gravel,3,2,Mechanical Failure
c7e4c092,3/10/23,0:44,"London, UK",73.902692,-86.689623,Storm,Wet,4,4,Mechanical Failure
f0cdbe6a,1/20/24,10:32,"Mumbai, India",53.24098,-174.955859,Clear,Under Construction,3,2,Speeding
ff15fede,10/3/23,0:50,"Tokyo, Japan",82.919621,172.520371,Storm,Gravel,2,3,Weather Conditions
cfd474df,8/31/24,8:38,"Sydney, Australia",10.56885,122.255575,Rain,Gravel,5,3,Mechanical Failure
14ea2c8d,11/9/24,11:30,"Beijing, China",58.216909,-115.913928,Hail,Dry,2,4,Weather Conditions
4c474e91,5/1/23,15:30,"Mumbai, India",-83.783131,-45.100817,Clear,Wet,3,7,Distracted Driving
913e2a19,7/20/23,14:14,"Tokyo, Japan",18.168346,-107.896729,Clear,Gravel,1,9,Weather Conditions
b35169e3,9/30/24,12:56,"Toronto, Canada",-51.956007,160.481387,Storm,Dry,1,8,Speeding
ae5af04d,2/24/23,13:24,"Mumbai, India",-82.855676,-18.2092,Fog,Dry,2,4,Weather Conditions
996a5a73,4/14/24,8:56,"Toronto, Canada",-6.572948,68.332858,Fog,Icy,3,5,Distracted Driving
5fc834a7,4/11/24,5:29,"Beijing, China",-49.411158,-39.676723,Fog,Icy,3,8,Speeding
e9ab4e89,8/26/23,15:37,"Paris, France",-3.141853,85.824257,Fog,Dry,5,10,Reckless Driving
587d5fb4,1/28/23,16:00,"London, UK",-75.823553,141.083053,Hail,Dry,5,8,Mechanical Failure
54547041,1/29/24,15:19,"London, UK",-59.594614,-95.579656,Hail,Wet,2,7,Drunk Driving
f6998eda,5/3/23,8:36,"Toronto, Canada",0.797294,-159.278128,Fog,Dry,4,2,Drunk Driving
e41c7a9c,7/27/23,5:45,"Mumbai, India",31.014601,7.676879,Fog,Wet,5,8,Drunk Driving
a958f681,2/23/23,23:35,"Berlin, Germany",14.887208,-138.921692,Snow,Dry,4,1,Reckless Driving
2aece6e9,8/3/24,8:37,"Paris, France",-73.242097,90.300325,Clear,Icy,5,1,Reckless Driving
26b3e108,11/7/24,19:15,"Paris, France",56.348542,-22.086999,Snow,Icy,1,8,Speeding
a2597b9a,3/26/23,18:47,"New York, USA",-70.797228,-130.144507,Storm,Dry,2,7,Speeding
c723803f,8/5/24,12:19,"Mumbai, India",-17.341672,-55.455891,Rain,Wet,5,10,Weather Conditions
5f9f25c6,3/6/24,1:56,"London, UK",-79.00841,40.834493,Rain,Wet,1,9,Mechanical Failure
e5351a22,9/24/23,13:47,"London, UK",-17.463863,138.427975,Snow,Snowy,2,7,Reckless Driving
39de0ca4,9/30/24,5:29,"Paris, France",65.119677,-7.410361,Rain,Under Construction,5,2,Mechanical Failure
8c5143fd,11/8/23,2:13,"Sydney, Australia",-1.981096,4.97035,Fog,Icy,1,5,Reckless Driving
66dbc91f,4/7/24,2:12,"Toronto, Canada",-75.701002,106.025301,Fog,Gravel,3,6,Weather Conditions
8fea4500,9/21/24,0:25,"Paris, France",20.297496,139.699566,Storm,Under Construction,4,10,Weather Conditions
19968207,7/17/24,1:09,"Sydney, Australia",55.696407,115.97613,Hail,Under Construction,5,7,Distracted Driving
99f028db,1/28/24,20:48,"Beijing, China",60.05789,8.380813,Fog,Dry,5,10,Mechanical Failure
d4664673,10/6/24,16:49,"Beijing, China",48.806106,24.908117,Rain,Icy,5,10,Distracted Driving
cc54c32a,5/12/23,16:06,"London, UK",-6.629953,113.366967,Snow,Snowy,4,0,Drunk Driving
f6d866ff,3/25/23,3:46,"Paris, France",79.854592,93.366707,Snow,Icy,1,0,Reckless Driving
1a1891f6,10/30/23,13:47,"New York, USA",23.905994,102.105511,Rain,Wet,5,6,Mechanical Failure
58efdcef,4/13/23,15:31,"Beijing, China",79.998856,149.031034,Clear,Snowy,4,9,Mechanical Failure
93b49f12,10/3/24,2:45,"Toronto, Canada",-24.039695,129.333927,Storm,Wet,1,8,Speeding
d630566b,8/17/23,2:37,"New York, USA",-37.959684,140.97053,Storm,Gravel,2,3,Weather Conditions
b49a8358,8/10/24,11:36,"New York, USA",-11.787155,-24.880261,Storm,Wet,4,9,Drunk Driving
45a3c3ac,10/19/23,20:00,"London, UK",41.375631,90.040541,Clear,Under Construction,5,1,Reckless Driving
170174a2,11/7/23,17:14,"Sydney, Australia",-88.651577,17.965057,Hail,Snowy,5,1,Mechanical Failure
34727343,3/14/24,22:15,"Berlin, Germany",23.743683,-8.024467,Hail,Dry,5,9,Drunk Driving
1522849c,9/14/24,9:35,"Berlin, Germany",-4.310345,-35.392752,Rain,Snowy,4,9,Mechanical Failure
9516b2b1,5/19/23,22:44,"Mumbai, India",-61.655959,133.492412,Clear,Dry,4,6,Distracted Driving
4ca53d97,8/8/24,18:00,"Tokyo, Japan",16.104199,36.528082,Fog,Dry,2,6,Weather Conditions
483309c3,8/1/23,8:15,"Sydney, Australia",71.327022,-29.858456,Clear,Dry,5,10,Reckless Driving
3ff7f12e,9/12/23,17:05,"Sydney, Australia",31.22429,146.915334,Rain,Under Construction,4,4,Reckless Driving
b8ed7a9f,1/6/24,16:08,"Mumbai, India",88.919341,-28.997358,Clear,Wet,5,10,Weather Conditions
cc4b6eda,8/14/23,17:00,"New York, USA",-3.748385,83.361408,Snow,Dry,3,4,Weather Conditions
e0562239,4/25/24,13:42,"Sydney, Australia",29.037661,-25.877868,Storm,Dry,5,4,Reckless Driving
57556859,3/16/23,1:33,"Tokyo, Japan",-29.638646,-1.838599,Storm,Under Construction,2,4,Reckless Driving
cb38480a,12/31/24,19:13,"London, UK",68.609069,-80.749191,Clear,Snowy,4,4,Reckless Driving
9193233b,4/18/23,9:40,"Beijing, China",53.994652,-14.364538,Rain,Wet,4,10,Distracted Driving
8c192a86,4/16/23,7:58,"Toronto, Canada",-37.538136,-69.97029,Storm,Icy,1,3,Drunk Driving
7832e9df,7/26/24,0:08,"Beijing, China",23.301112,-112.836065,Storm,Dry,5,5,Weather Conditions
83260456,9/3/24,8:19,"Sydney, Australia",-55.027462,27.421304,Snow,Snowy,1,9,Distracted Driving
4250da0b,1/9/24,0:58,"Tokyo, Japan",31.708048,169.041695,Storm,Under Construction,4,10,Weather Conditions
78bb9d3f,10/15/24,5:07,"New York, USA",-56.891011,95.825763,Snow,Snowy,1,3,Reckless Driving
ef0b5244,10/18/24,10:17,"London, UK",46.433465,152.396856,Fog,Wet,5,9,Distracted Driving
e857bc8c,5/28/24,18:51,"Sydney, Australia",-37.156801,-135.666706,Snow,Wet,2,8,Distracted Driving
d2ecc3e3,8/3/23,8:36,"Mumbai, India",13.416524,-10.512759,Storm,Under Construction,4,10,Reckless Driving
8974317a,8/5/23,3:30,"Toronto, Canada",79.281195,-145.078312,Snow,Under Construction,5,0,Reckless Driving
c97a3b0e,4/26/23,23:12,"Beijing, China",-29.702938,-131.760622,Rain,Snowy,2,6,Speeding
11148d3c,2/26/24,18:30,"Mumbai, India",-81.435365,103.993827,Snow,Icy,1,6,Reckless Driving
2e6b0925,2/24/24,22:49,"London, UK",-5.808415,-157.996119,Fog,Under Construction,4,8,Distracted Driving
249f6a26,1/5/24,9:25,"Tokyo, Japan",58.497502,127.843856,Fog,Gravel,3,7,Distracted Driving
6e9535b5,1/21/23,6:45,"Tokyo, Japan",59.084171,-122.905994,Hail,Gravel,5,9,Weather Conditions
c18556c4,4/24/24,8:23,"Beijing, China",-33.234377,-152.063099,Fog,Icy,4,4,Weather Conditions
c7e960fb,12/15/24,19:46,"New York, USA",28.575029,-27.459048,Storm,Snowy,2,0,Reckless Driving
086261ca,12/12/23,1:37,"London, UK",-65.374209,-137.075935,Clear,Wet,4,7,Weather Conditions
a0be3f9d,11/20/24,4:04,"London, UK",68.446128,-102.921213,Hail,Gravel,4,10,Weather Conditions
fa3303bd,1/25/23,13:46,"Toronto, Canada",-75.186399,-126.030771,Snow,Dry,1,2,Drunk Driving
f1dd7886,4/1/24,8:46,"Paris, France",69.229108,-140.729959,Storm,Gravel,1,6,Reckless Driving
3b0d7586,4/27/23,14:33,"Beijing, China",37.843377,152.050919,Rain,Gravel,1,7,Mechanical Failure
0a744c77,11/5/24,9:00,"Paris, France",43.089858,8.52725,Hail,Dry,5,3,Reckless Driving
96a71b3a,12/12/24,23:04,"Sydney, Australia",17.910289,-29.645323,Snow,Dry,4,0,Reckless Driving
e07cd551,4/7/24,6:06,"Mumbai, India",-14.866501,165.943662,Fog,Under Construction,4,3,Mechanical Failure
7183fc07,8/11/24,1:36,"New York, USA",72.539684,10.256559,Clear,Snowy,3,4,Mechanical Failure
dfb41cd0,10/5/24,19:12,"Beijing, China",-16.27315,-15.804926,Hail,Snowy,4,8,Mechanical Failure
8067166a,7/30/23,9:18,"Mumbai, India",59.33309,-72.031059,Clear,Icy,3,1,Mechanical Failure
f6dcc35b,2/3/23,13:55,"Berlin, Germany",-86.411535,-147.771433,Storm,Snowy,3,0,Distracted Driving
a3112642,6/18/23,4:58,"Mumbai, India",66.285361,-9.300912,Storm,Dry,1,7,Reckless Driving
3ed6be6c,6/30/23,15:18,"London, UK",34.44787,-137.474011,Snow,Gravel,2,9,Mechanical Failure
5a90c60d,10/9/24,2:37,"Berlin, Germany",-29.499123,-89.97602,Hail,Dry,4,6,Weather Conditions
a8e89b9f,11/25/24,10:55,"New York, USA",42.166564,-113.137018,Fog,Icy,1,6,Reckless Driving
e4692dd6,12/18/23,11:41,"Mumbai, India",20.02355,157.063727,Storm,Under Construction,2,6,Drunk Driving
15104a0d,4/10/23,10:09,"New York, USA",22.974877,25.655509,Hail,Under Construction,1,8,Drunk Driving
4e18235b,3/18/24,22:36,"Paris, France",-2.442858,-22.478343,Snow,Under Construction,4,9,Drunk Driving
5dd143d6,8/30/24,19:00,"Toronto, Canada",-64.23517,-4.227213,Storm,Icy,1,7,Mechanical Failure
3f52d37c,11/20/23,13:35,"London, UK",83.942406,-118.234777,Storm,Gravel,1,4,Speeding
a5226018,10/3/24,15:59,"Tokyo, Japan",-53.773384,-98.021013,Hail,Gravel,4,1,Reckless Driving
0b89c45c,4/17/23,18:00,"Sydney, Australia",37.79823,122.498089,Storm,Snowy,1,5,Drunk Driving
e5870282,11/7/24,9:08,"Mumbai, India",3.571233,-53.043924,Clear,Gravel,1,2,Distracted Driving
7f95820c,9/28/24,0:51,"Sydney, Australia",-43.116002,-6.316015,Storm,Wet,4,0,Reckless Driving
037dad9f,10/28/24,2:16,"Tokyo, Japan",51.086137,-89.181454,Storm,Dry,1,2,Mechanical Failure
1b23077f,7/27/24,22:30,"Toronto, Canada",-42.356343,170.534797,Storm,Snowy,3,3,Reckless Driving
972de402,8/25/23,18:57,"Tokyo, Japan",3.415697,73.625808,Clear,Gravel,3,8,Reckless Driving
f1eb2643,9/21/23,19:24,"Paris, France",37.34795,31.020208,Rain,Dry,5,1,Weather Conditions
558596bb,1/6/23,10:08,"Mumbai, India",-58.470654,-129.074722,Rain,Gravel,3,10,Distracted Driving
3921d1f8,12/13/24,3:29,"New York, USA",46.143266,-13.288726,Storm,Dry,2,8,Drunk Driving
62c73f2e,10/29/24,3:38,"New York, USA",73.693193,158.53078,Clear,Dry,5,5,Reckless Driving
ad57eef6,2/21/23,2:38,"Mumbai, India",0.567066,38.594891,Snow,Icy,4,5,Mechanical Failure
a8b3c334,3/12/24,5:57,"Berlin, Germany",83.813315,41.524866,Snow,Icy,1,7,Mechanical Failure
0fbb1a11,12/20/23,8:52,"Paris, France",74.752335,-1.55383,Storm,Gravel,3,4,Distracted Driving
720dd0c2,10/29/24,4:03,"Beijing, China",73.408931,-29.261098,Rain,Dry,1,0,Reckless Driving
5b73e7e6,11/20/24,20:07,"Sydney, Australia",-50.996883,11.982435,Clear,Wet,3,8,Mechanical Failure
701ff553,4/22/24,7:06,"London, UK",-87.506318,-63.703408,Hail,Snowy,2,10,Distracted Driving
752a1de7,11/19/23,23:51,"New York, USA",16.627754,133.953295,Snow,Icy,5,5,Weather Conditions
25d76900,5/25/24,12:41,"Toronto, Canada",-6.672666,111.011323,Clear,Snowy,1,4,Speeding
b43a17db,2/7/24,16:38,"New York, USA",37.226132,76.594201,Storm,Icy,4,2,Drunk Driving
f36961d7,3/30/24,23:57,"Beijing, China",-48.380018,-104.662767,Rain,Under Construction,1,4,Distracted Driving
79e2574b,6/18/23,14:19,"Mumbai, India",7.440495,156.645547,Fog,Wet,5,4,Mechanical Failure
86a1362a,10/13/23,3:50,"Mumbai, India",28.493474,-149.217964,Hail,Icy,3,5,Weather Conditions
d9e07de2,10/7/24,7:15,"London, UK",68.815299,-127.222131,Fog,Under Construction,5,1,Reckless Driving
b0031435,1/12/23,10:32,"New York, USA",-76.960709,44.032165,Hail,Dry,2,5,Speeding
d529d8aa,1/16/23,13:54,"Paris, France",-68.97023,148.400333,Hail,Under Construction,1,2,Reckless Driving
7a87b158,7/28/23,8:25,"Tokyo, Japan",31.567868,-85.766313,Clear,Gravel,2,7,Mechanical Failure
8e14aab5,2/7/23,6:13,"Beijing, China",-85.987805,-25.886677,Clear,Wet,4,1,Drunk Driving
b932d9b5,7/26/23,10:48,"Toronto, Canada",70.441952,39.614693,Hail,Dry,5,5,Weather Conditions
01e1171a,11/29/24,7:33,"Beijing, China",-85.175484,83.804581,Storm,Gravel,4,3,Distracted Driving
f2ab38e0,11/14/23,18:08,"Berlin, Germany",-6.240884,113.873392,Fog,Gravel,5,9,Mechanical Failure
72552548,12/17/24,4:53,"Toronto, Canada",-27.325841,-66.227906,Snow,Gravel,1,7,Mechanical Failure
17198006,3/18/24,7:28,"Beijing, China",-77.244986,-161.135098,Clear,Dry,4,7,Speeding
1ca0598e,7/13/24,0:16,"Paris, France",77.859405,-165.163247,Snow,Under Construction,5,10,Drunk Driving
bf829985,5/26/24,2:31,"London, UK",-65.652703,1.845046,Clear,Under Construction,1,1,Distracted Driving
56d9377b,6/7/23,7:35,"London, UK",-47.907399,-50.901982,Snow,Gravel,3,4,Distracted Driving
edfd8db6,9/4/24,0:47,"Toronto, Canada",87.421613,-65.630087,Snow,Wet,1,2,Distracted Driving
bd4e6c19,5/9/24,21:56,"Toronto, Canada",35.48905,-170.444443,Rain,Gravel,1,9,Weather Conditions
b88c41f7,3/17/23,4:11,"Sydney, Australia",-19.452135,-138.535959,Hail,Dry,1,3,Distracted Driving
0a01e985,2/9/24,5:24,"Tokyo, Japan",56.570482,110.963385,Fog,Wet,5,10,Mechanical Failure
580cfa6d,5/29/24,0:39,"London, UK",31.095455,-61.194162,Hail,Icy,4,5,Weather Conditions
d8eb05c7,11/8/24,1:24,"Beijing, China",53.680614,83.974506,Hail,Gravel,5,1,Mechanical Failure
08350c1b,12/23/24,3:54,"Sydney, Australia",24.854566,178.994506,Fog,Wet,3,8,Reckless Driving
dbedd04f,12/10/24,3:23,"Sydney, Australia",9.723318,123.036095,Snow,Under Construction,1,2,Reckless Driving
207b5187,8/29/23,2:39,"Toronto, Canada",74.885467,165.923169,Rain,Under Construction,4,6,Mechanical Failure
0fbb8cd8,7/12/24,13:11,"London, UK",79.676256,70.990024,Hail,Gravel,2,6,Reckless Driving
7026e6e0,5/19/23,15:30,"New York, USA",-85.615212,-151.851293,Storm,Wet,3,10,Reckless Driving
37dc9351,12/24/23,12:29,"Mumbai, India",22.964127,-145.498185,Snow,Gravel,4,3,Speeding
f98439f6,5/31/23,19:18,"Beijing, China",-24.839795,-88.976029,Storm,Snowy,4,8,Speeding
1d73a85e,1/13/24,9:59,"Berlin, Germany",25.649126,-178.176838,Clear,Under Construction,5,4,Distracted Driving
286fde54,12/28/23,22:49,"New York, USA",36.608296,72.242732,Snow,Dry,2,4,Weather Conditions
b6b29c07,1/20/23,1:20,"Beijing, China",83.732015,116.148745,Storm,Icy,4,9,Mechanical Failure
64980750,5/4/24,13:53,"Berlin, Germany",11.923734,93.77425,Hail,Snowy,1,2,Reckless Driving
a4220112,1/2/23,19:48,"Mumbai, India",63.455895,-162.974286,Hail,Icy,4,8,Drunk Driving
53dfe8e9,6/3/23,16:59,"New York, USA",-16.653928,-176.061115,Rain,Wet,2,9,Speeding
fe78d31d,8/1/23,22:09,"Beijing, China",-1.283798,-153.815892,Fog,Gravel,1,5,Weather Conditions
2398ab29,4/5/24,19:43,"London, UK",-10.286138,75.008385,Storm,Under Construction,2,6,Distracted Driving
1e15ccf3,1/28/24,17:13,"Beijing, China",36.598087,-133.75369,Clear,Snowy,4,10,Weather Conditions
b355dd95,11/28/24,15:24,"Mumbai, India",-73.058316,-102.732222,Storm,Dry,3,6,Distracted Driving
61687cdc,1/3/24,13:52,"Tokyo, Japan",-15.853095,135.163884,Hail,Icy,4,3,Reckless Driving
2b9f71e0,3/4/24,4:51,"London, UK",32.586519,2.005824,Storm,Gravel,4,8,Distracted Driving
6e09afad,7/23/24,14:54,"London, UK",87.850975,115.149756,Fog,Wet,2,6,Reckless Driving
8fc3bbd8,3/5/24,1:59,"Berlin, Germany",-86.457012,165.153764,Clear,Icy,4,9,Weather Conditions
bf7454e9,1/3/23,16:11,"New York, USA",31.207371,165.100001,Fog,Dry,1,9,Weather Conditions
8e47ed29,6/23/23,4:52,"Berlin, Germany",-15.857897,-140.203161,Storm,Under Construction,2,0,Weather Conditions
91bccd32,3/17/24,5:27,"Paris, France",31.253305,-14.05306,Storm,Snowy,1,4,Drunk Driving
7b9bd1b6,1/28/24,20:48,"London, UK",20.664793,-0.771971,Storm,Under Construction,1,5,Mechanical Failure
a6db32c5,1/2/24,20:05,"Mumbai, India",-64.556159,133.265905,Fog,Under Construction,4,3,Speeding
0971575a,7/26/24,9:04,"Berlin, Germany",-45.483643,-90.689384,Storm,Snowy,2,10,Speeding
61eb76b9,1/6/24,8:26,"Mumbai, India",87.977305,-171.002684,Snow,Gravel,1,1,Reckless Driving
dcc957ff,3/17/23,8:23,"Sydney, Australia",14.324893,136.21912,Clear,Gravel,4,3,Mechanical Failure
437ec64b,12/2/24,22:24,"Sydney, Australia",82.121225,172.8221,Clear,Gravel,4,10,Drunk Driving
79a2fe23,7/1/24,8:58,"Paris, France",51.138739,97.917608,Storm,Icy,4,0,Speeding
0bafb08f,2/7/23,11:49,"New York, USA",17.745317,74.745159,Fog,Snowy,4,4,Drunk Driving
fb655e39,9/25/24,17:46,"Tokyo, Japan",27.903296,0.594491,Rain,Icy,4,1,Mechanical Failure
f3aee816,8/12/23,19:31,"New York, USA",53.981513,128.697798,Hail,Under Construction,4,6,Speeding
d11c20cc,3/1/23,6:15,"Berlin, Germany",70.141305,-124.700708,Clear,Snowy,1,3,Weather Conditions
367d9d38,5/29/23,16:27,"Beijing, China",24.095988,40.538905,Storm,Gravel,5,10,Drunk Driving
0f194c4e,8/27/24,18:08,"Berlin, Germany",-51.833754,-89.673791,Rain,Snowy,3,2,Mechanical Failure
9f2c06a9,8/2/24,13:55,"New York, USA",-48.89401,-121.693451,Rain,Snowy,3,8,Distracted Driving
20f31487,3/7/24,2:08,"Sydney, Australia",-27.822225,117.573751,Fog,Gravel,2,8,Reckless Driving
ae8edb47,2/1/24,18:51,"Tokyo, Japan",45.507326,-19.033056,Clear,Icy,3,0,Weather Conditions
31d68a79,1/10/23,8:20,"Toronto, Canada",14.250598,-85.095396,Snow,Wet,2,5,Mechanical Failure
f338bd9f,10/6/24,1:51,"Berlin, Germany",1.630352,87.281844,Clear,Under Construction,5,10,Reckless Driving
f58813ab,9/6/24,7:51,"Beijing, China",18.904007,-177.110881,Fog,Icy,2,5,Drunk Driving
904405eb,3/10/24,4:06,"Tokyo, Japan",23.301284,-171.345709,Snow,Wet,4,1,Weather Conditions
33912b2a,6/10/24,2:39,"Berlin, Germany",-33.106231,-121.908995,Hail,Dry,2,9,Speeding
edf6ec77,4/24/24,6:31,"Tokyo, Japan",-68.950514,-116.788914,Storm,Under Construction,2,0,Mechanical Failure
534ce8e7,9/23/24,18:53,"Beijing, China",53.408001,-54.856456,Storm,Icy,2,9,Weather Conditions
8aaa3bcf,12/9/23,10:17,"Paris, France",-48.261969,140.691345,Snow,Icy,4,4,Distracted Driving
43f3fab6,5/19/24,16:41,"Beijing, China",-29.166933,72.169716,Rain,Icy,1,5,Reckless Driving
01a7dbdb,2/26/24,23:32,"Mumbai, India",-25.293289,50.987572,Rain,Snowy,5,0,Weather Conditions
e5a0ee24,7/29/23,7:33,"Mumbai, India",52.7421,158.299121,Rain,Snowy,3,0,Reckless Driving
c317e765,3/17/24,10:34,"Berlin, Germany",33.699196,147.347259,Fog,Dry,3,3,Speeding
99dd80a8,1/27/24,11:10,"London, UK",-54.640842,-145.084654,Fog,Dry,5,2,Distracted Driving
90bf5241,7/2/24,12:31,"Sydney, Australia",46.52764,38.48213,Snow,Gravel,4,6,Speeding
2bff03cc,1/11/24,16:25,"Beijing, China",-12.118796,8.996368,Storm,Icy,2,2,Mechanical Failure
e3cba579,9/19/23,6:23,"Mumbai, India",59.157792,-30.27005,Fog,Icy,4,7,Mechanical Failure
a40f87a0,5/1/24,18:25,"Beijing, China",73.660754,4.528334,Snow,Icy,1,3,Distracted Driving
57558d68,5/23/23,10:58,"Toronto, Canada",-19.00673,-16.062077,Clear,Under Construction,5,2,Weather Conditions
bc45584e,10/26/23,2:54,"Tokyo, Japan",52.832671,-27.590589,Fog,Icy,5,2,Speeding
5815fd9f,7/28/24,18:02,"London, UK",-64.475762,-18.849234,Hail,Dry,2,6,Reckless Driving
79ae4aa1,10/17/24,0:38,"Mumbai, India",-59.521558,-73.605625,Storm,Gravel,1,2,Weather Conditions
2f4c59e2,10/14/24,11:55,"Sydney, Australia",33.843893,66.628338,Snow,Icy,5,7,Mechanical Failure
75076362,10/20/24,12:13,"Berlin, Germany",-74.074501,75.918945,Rain,Gravel,5,8,Drunk Driving
a99fcb9f,6/27/24,16:40,"Beijing, China",79.716977,76.379387,Clear,Icy,3,3,Reckless Driving
9867097e,1/14/24,11:22,"Tokyo, Japan",71.791707,123.049973,Fog,Icy,3,4,Reckless Driving
eab4a78f,1/10/23,19:59,"Paris, France",63.577603,-23.882305,Storm,Wet,2,4,Mechanical Failure
70460e8b,6/15/24,1:02,"Paris, France",-77.710144,65.226046,Clear,Dry,5,8,Drunk Driving
a22d783d,9/29/23,0:38,"London, UK",-40.478694,34.757022,Snow,Icy,4,7,Speeding
f4d609a7,10/22/23,18:19,"Paris, France",-64.314689,87.774637,Rain,Icy,5,0,Drunk Driving
8ebc4f04,12/9/23,19:15,"Mumbai, India",23.005259,-123.35277,Rain,Gravel,3,10,Drunk Driving
953b448f,10/9/24,9:09,"Beijing, China",-8.099644,7.112549,Storm,Wet,2,3,Speeding
c2af9ba7,2/22/23,21:12,"London, UK",-36.194233,-51.637188,Snow,Wet,3,8,Mechanical Failure
4704e325,1/11/23,7:39,"Toronto, Canada",16.544691,-20.655126,Clear,Under Construction,4,1,Drunk Driving
4489410d,4/9/23,1:00,"Sydney, Australia",81.574077,166.479748,Clear,Icy,2,10,Distracted Driving
d7a93bda,2/26/24,23:30,"Beijing, China",56.296744,15.686953,Storm,Under Construction,2,1,Drunk Driving
8a9b2adf,12/11/23,5:26,"Tokyo, Japan",-68.228828,-13.752565,Storm,Dry,2,5,Distracted Driving
b6b5bd84,9/2/23,10:00,"Paris, France",30.421916,-67.201232,Hail,Gravel,5,4,Speeding
683d9336,1/28/23,10:50,"Berlin, Germany",-79.126684,48.959722,Snow,Gravel,5,10,Mechanical Failure
99f0eab9,1/25/23,2:56,"Berlin, Germany",46.443539,-159.776917,Fog,Icy,5,0,Distracted Driving
6f581157,5/17/23,19:21,"London, UK",86.074362,99.738951,Storm,Snowy,1,0,Reckless Driving
38e166c1,6/22/23,12:55,"Berlin, Germany",-11.728754,44.083234,Rain,Snowy,2,0,Speeding
497bca30,4/29/24,6:01,"Toronto, Canada",31.097252,-34.728557,Clear,Icy,1,4,Mechanical Failure
21f83b22,8/1/23,23:19,"Mumbai, India",48.035949,78.022918,Rain,Wet,2,4,Weather Conditions
50c45f71,6/6/23,4:41,"London, UK",-33.233729,56.348163,Snow,Gravel,4,8,Distracted Driving
d4371831,4/3/24,6:35,"London, UK",64.475454,-79.957269,Snow,Icy,1,2,Reckless Driving
720b77cc,6/9/24,19:29,"Beijing, China",-51.343475,-65.017856,Storm,Gravel,5,5,Drunk Driving
a0e8f26a,5/12/23,6:05,"Beijing, China",-50.571974,173.440031,Storm,Icy,5,8,Drunk Driving
8a2c13a5,7/26/24,1:03,"London, UK",57.195928,130.529033,Snow,Dry,5,2,Distracted Driving
ff3821b5,9/10/24,15:48,"London, UK",7.878389,-11.677248,Clear,Under Construction,3,1,Drunk Driving
075e52dd,2/18/24,22:17,"London, UK",32.070027,-126.268791,Fog,Wet,2,8,Reckless Driving
e249ad07,12/20/23,5:03,"London, UK",11.330886,-147.278893,Hail,Gravel,4,7,Speeding
7a9f1603,5/14/23,20:04,"New York, USA",5.881955,-122.930174,Rain,Wet,3,9,Mechanical Failure
a2ff9fc8,5/7/23,19:46,"Sydney, Australia",-86.383563,-126.266355,Storm,Wet,2,3,Drunk Driving
60f8367f,7/23/23,20:54,"Toronto, Canada",44.165447,105.732195,Rain,Dry,3,4,Mechanical Failure
d1d10970,1/19/24,10:36,"Mumbai, India",-51.744888,-97.797586,Snow,Dry,2,0,Speeding
e3be795f,9/21/23,8:45,"Beijing, China",-79.167617,143.432355,Rain,Dry,4,0,Distracted Driving
5a89910b,2/10/24,13:11,"Paris, France",-8.587519,125.731254,Storm,Snowy,1,6,Speeding
437cab6d,3/23/24,7:05,"London, UK",72.291144,-62.569553,Clear,Gravel,2,3,Speeding
78412953,12/16/24,20:16,"Beijing, China",49.345966,-167.653388,Snow,Under Construction,3,2,Mechanical Failure
d99ba636,3/19/24,4:35,"Paris, France",53.378944,14.508395,Snow,Wet,2,4,Drunk Driving
ef74853c,11/9/24,8:39,"Mumbai, India",40.597597,-112.591334,Hail,Gravel,3,10,Distracted Driving
507546c2,1/14/23,5:53,"Berlin, Germany",80.308551,121.570693,Storm,Under Construction,1,2,Weather Conditions
467b64c6,7/23/24,13:44,"Tokyo, Japan",-43.062201,90.014586,Hail,Under Construction,4,0,Weather Conditions
5915cca9,9/10/24,6:09,"Paris, France",16.049555,-30.028664,Fog,Wet,1,10,Weather Conditions
71edb98f,12/14/24,4:24,"Sydney, Australia",-67.477569,44.76635,Clear,Under Construction,4,6,Mechanical Failure
efabcd9a,1/22/23,13:47,"Mumbai, India",80.769584,67.489975,Snow,Dry,3,3,Weather Conditions
fc130edf,7/21/24,17:06,"Toronto, Canada",-23.078698,106.70136,Storm,Dry,4,7,Reckless Driving
427baf4d,5/16/23,10:46,"Tokyo, Japan",-79.528125,-29.318441,Snow,Icy,5,7,Mechanical Failure
ad291fac,12/19/23,18:17,"Toronto, Canada",-39.801627,-113.660064,Clear,Dry,3,3,Distracted Driving
28ad5efc,3/13/23,21:01,"Sydney, Australia",-60.336922,150.109972,Fog,Under Construction,3,3,Drunk Driving
48ca8751,11/17/24,17:07,"Paris, France",86.200749,85.602828,Fog,Snowy,1,10,Weather Conditions
7b2bb781,1/4/24,7:44,"New York, USA",85.378454,-1.363183,Fog,Gravel,5,8,Drunk Driving
6fcd49be,9/15/24,12:27,"Toronto, Canada",39.646751,-23.742997,Snow,Dry,4,4,Drunk Driving
9e06880e,11/9/24,4:18,"London, UK",52.073481,44.94081,Storm,Dry,2,5,Drunk Driving
ebad9cfd,4/25/23,23:46,"Paris, France",-28.440639,-171.701282,Storm,Icy,2,8,Speeding
50a0be9b,4/22/24,1:44,"Mumbai, India",-14.556854,-14.801864,Fog,Snowy,5,4,Distracted Driving
363451d6,1/20/24,14:33,"Sydney, Australia",-78.80914,-88.204912,Fog,Dry,3,0,Speeding
e75081fd,4/25/23,9:43,"Sydney, Australia",26.036369,89.730854,Rain,Under Construction,2,9,Reckless Driving
6d6bddce,11/17/23,23:12,"Toronto, Canada",-43.090193,-97.742415,Rain,Snowy,5,9,Mechanical Failure
d947d297,3/28/24,11:52,"Toronto, Canada",-36.34739,-23.280463,Rain,Wet,4,0,Reckless Driving
8b603e01,1/6/23,16:25,"Berlin, Germany",16.054662,-21.179242,Storm,Gravel,4,8,Speeding
f0ab2233,11/6/23,20:31,"Sydney, Australia",-39.95929,28.481268,Snow,Wet,5,8,Mechanical Failure
539ab06a,10/24/24,15:05,"Sydney, Australia",-46.267914,80.724726,Snow,Wet,5,10,Drunk Driving
7a9ab7d4,1/10/24,12:54,"Toronto, Canada",31.277233,91.762115,Snow,Under Construction,2,5,Distracted Driving
e1792fe8,9/21/24,2:25,"Paris, France",-13.062969,110.614205,Clear,Under Construction,3,5,Drunk Driving
704ff0f7,3/28/23,16:14,"Sydney, Australia",86.252307,-101.266285,Rain,Dry,5,6,Mechanical Failure
7b7ce00c,3/11/23,13:31,"London, UK",-21.308601,-17.26341,Storm,Snowy,4,2,Reckless Driving
5363c684,6/12/24,9:08,"Berlin, Germany",89.965163,-23.061256,Hail,Gravel,3,0,Mechanical Failure
9e09b5ad,8/10/23,3:52,"Berlin, Germany",52.794199,90.746203,Storm,Dry,3,4,Mechanical Failure
fe99c571,10/22/24,5:16,"Toronto, Canada",23.09038,-121.264329,Rain,Icy,2,2,Reckless Driving
171a33fc,12/20/24,7:48,"Beijing, China",51.787237,-138.574956,Storm,Under Construction,3,9,Speeding
52791a22,12/5/24,23:14,"London, UK",75.432491,-119.950415,Snow,Dry,4,0,Drunk Driving
24da75ec,2/24/23,5:39,"Tokyo, Japan",-56.607284,72.216364,Snow,Dry,5,9,Weather Conditions
23456d8c,2/27/24,22:21,"Toronto, Canada",-80.858426,-125.288426,Storm,Icy,3,5,Reckless Driving
1b113fdc,6/3/23,0:23,"Tokyo, Japan",40.262583,107.77624,Fog,Dry,3,6,Distracted Driving
cdf036d1,3/13/23,0:35,"Mumbai, India",32.423069,-160.103729,Storm,Wet,1,7,Speeding
20ff579c,11/20/24,11:06,"Berlin, Germany",-33.82367,101.423496,Hail,Dry,2,10,Speeding
91965938,6/23/24,6:53,"Berlin, Germany",23.122984,-118.844551,Snow,Snowy,3,7,Distracted Driving
bc7d2d21,8/31/23,18:22,"Tokyo, Japan",-79.618051,-101.24672,Snow,Wet,4,4,Weather Conditions
25c33699,10/10/24,1:45,"Sydney, Australia",-9.629792,-94.426787,Snow,Wet,3,7,Distracted Driving
51671631,1/29/24,4:28,"Tokyo, Japan",23.894007,-73.592199,Clear,Icy,5,1,Mechanical Failure
717c4a65,2/26/23,11:46,"Berlin, Germany",-72.463657,-7.572627,Fog,Snowy,5,3,Drunk Driving
20d96519,9/2/24,6:58,"Paris, France",29.597919,136.861866,Rain,Wet,2,7,Speeding
224908cf,12/5/24,13:51,"Toronto, Canada",14.158657,-38.421554,Hail,Dry,1,6,Mechanical Failure
7a28aaa5,4/4/24,22:29,"Toronto, Canada",-70.387016,-115.167873,Rain,Icy,1,2,Mechanical Failure
fc226bbe,6/8/24,18:25,"Beijing, China",81.557425,15.554911,Fog,Wet,3,10,Weather Conditions
ab9c8e88,9/10/24,13:34,"Toronto, Canada",-82.052053,151.699577,Fog,Wet,2,7,Weather Conditions
42dbf833,1/4/24,17:33,"New York, USA",-59.831549,101.650932,Rain,Snowy,3,6,Distracted Driving
c6a230b5,5/3/24,13:23,"Sydney, Australia",47.019814,-32.517469,Hail,Under Construction,5,10,Reckless Driving
d6954d7e,1/24/23,20:31,"Toronto, Canada",-71.854997,69.521867,Clear,Under Construction,3,4,Weather Conditions
2555dd48,6/12/24,2:40,"Beijing, China",32.462734,-27.729115,Rain,Snowy,5,5,Distracted Driving
91c5a4f8,4/29/23,22:33,"Sydney, Australia",-20.702782,77.773387,Fog,Gravel,3,10,Reckless Driving
d1451e60,5/7/24,18:44,"Toronto, Canada",-56.94372,-36.75808,Hail,Snowy,1,8,Drunk Driving
4fbe2918,8/7/24,18:11,"Tokyo, Japan",29.074689,125.958117,Fog,Under Construction,5,9,Speeding
f0cfbd04,6/2/23,8:37,"Beijing, China",48.287682,54.553836,Fog,Gravel,2,5,Weather Conditions
408b632d,9/17/23,10:28,"Sydney, Australia",-29.200652,-93.252838,Clear,Gravel,5,2,Distracted Driving
8336a255,1/14/24,12:01,"Paris, France",-22.027261,-42.127641,Hail,Gravel,1,3,Reckless Driving
b5dd1a38,6/16/24,9:10,"Beijing, China",14.868387,43.204115,Hail,Gravel,4,6,Drunk Driving
fb856994,5/12/23,0:26,"Paris, France",-49.375434,31.860863,Storm,Under Construction,3,8,Speeding
31736b85,9/14/23,7:07,"New York, USA",-47.047927,-133.058797,Hail,Gravel,4,4,Weather Conditions
3d045dcd,11/22/24,2:42,"Paris, France",-19.747709,-17.679015,Hail,Under Construction,4,6,Weather Conditions
4b160a21,10/16/24,5:31,"Paris, France",-0.12431,58.735067,Snow,Snowy,2,5,Mechanical Failure
755ba246,12/19/23,8:09,"New York, USA",13.940788,-156.129764,Storm,Under Construction,1,0,Reckless Driving
b6038198,5/5/23,9:09,"Mumbai, India",26.747371,146.710431,Fog,Icy,4,0,Drunk Driving
46c26ecd,11/13/23,19:02,"London, UK",-28.528696,-133.374167,Clear,Wet,3,0,Drunk Driving
83316dbc,11/29/24,12:44,"Beijing, China",42.558728,22.379537,Storm,Icy,4,0,Drunk Driving
d70443f6,11/2/24,1:07,"Berlin, Germany",-62.203376,-174.160472,Storm,Icy,2,8,Weather Conditions
c62b2a26,5/14/23,3:15,"New York, USA",-22.171586,78.428807,Fog,Under Construction,4,6,Distracted Driving
eeaf9ec9,11/16/23,19:31,"Beijing, China",28.791044,50.262225,Fog,Icy,3,5,Reckless Driving
8c1d5c77,3/27/23,4:32,"Sydney, Australia",-87.424745,34.95777,Hail,Gravel,1,5,Reckless Driving
0c4b3785,10/27/24,23:09,"London, UK",-82.981176,-132.564438,Snow,Wet,3,10,Mechanical Failure
aa38565a,11/5/24,2:32,"Berlin, Germany",65.602233,-4.952545,Hail,Under Construction,4,0,Mechanical Failure
582ce610,7/12/24,6:04,"Beijing, China",-0.810389,-41.953226,Rain,Dry,2,7,Speeding
963924f6,1/27/23,3:28,"London, UK",48.520113,177.619941,Hail,Gravel,2,8,Distracted Driving
0288b8c8,10/24/23,22:19,"Mumbai, India",-0.8561,-148.631487,Hail,Icy,5,2,Weather Conditions
1c7f1536,11/28/23,9:24,"Paris, France",77.301191,159.320648,Rain,Snowy,4,0,Drunk Driving
df0caa61,9/26/23,2:01,"Berlin, Germany",-1.113005,-36.043812,Clear,Snowy,2,9,Distracted Driving
ee598ce7,1/18/24,6:03,"New York, USA",-15.703411,34.18538,Hail,Icy,4,9,Mechanical Failure
e4babbf0,10/11/23,5:23,"Berlin, Germany",-86.872032,-62.039003,Clear,Gravel,5,8,Distracted Driving
f0741431,2/26/23,6:49,"Beijing, China",-46.702813,166.279342,Fog,Icy,4,9,Drunk Driving
04441d30,1/6/23,14:35,"New York, USA",-43.154918,82.101069,Fog,Snowy,4,2,Mechanical Failure
8692e47e,5/5/23,5:19,"New York, USA",-71.80889,115.527355,Hail,Under Construction,3,4,Distracted Driving
2f070a94,4/22/23,9:54,"Berlin, Germany",-35.519666,-108.907469,Fog,Snowy,1,5,Reckless Driving
4406ec4b,4/28/24,0:28,"Sydney, Australia",29.961954,14.590711,Hail,Dry,4,5,Distracted Driving
66cac387,6/29/23,22:20,"London, UK",-0.547544,148.769388,Rain,Icy,4,3,Speeding
78d613d1,5/4/23,18:36,"Berlin, Germany",-51.853532,105.104408,Storm,Under Construction,3,1,Reckless Driving
4cf246db,10/23/23,2:23,"Paris, France",-33.346748,87.318597,Clear,Gravel,5,6,Distracted Driving
65cdeb99,12/14/24,1:28,"Toronto, Canada",58.190342,72.147462,Storm,Icy,1,5,Mechanical Failure
c621b4cb,6/20/24,14:08,"New York, USA",-67.853942,55.157254,Fog,Icy,1,5,Mechanical Failure
79828589,3/21/24,10:37,"Sydney, Australia",-56.150908,-160.422787,Hail,Dry,5,9,Mechanical Failure
a6274c46,8/10/23,19:29,"Paris, France",-49.080741,-173.727762,Snow,Dry,3,3,Speeding
fe727107,3/14/23,4:50,"London, UK",-56.261097,-58.799492,Rain,Snowy,5,1,Reckless Driving
2ff5183d,4/29/24,1:56,"Mumbai, India",-79.274876,87.213829,Fog,Gravel,1,1,Speeding
12314b71,5/31/24,22:16,"Sydney, Australia",-68.094844,110.33704,Hail,Icy,2,1,Weather Conditions
c5f7d301,12/21/24,8:19,"Beijing, China",-27.957049,106.578598,Rain,Wet,2,8,Weather Conditions
21c9ae81,11/20/23,14:17,"Tokyo, Japan",-12.455971,93.164037,Hail,Snowy,2,6,Distracted Driving
2cf31b29,11/4/23,6:11,"Paris, France",44.009043,72.535973,Snow,Dry,5,9,Reckless Driving
e08ae244,2/6/23,15:00,"Paris, France",9.840319,51.439691,Clear,Icy,4,5,Mechanical Failure
90238530,3/20/23,5:38,"Toronto, Canada",-22.907447,143.08908,Fog,Icy,4,9,Distracted Driving
5914abc2,5/22/23,5:02,"London, UK",87.358848,10.86317,Fog,Icy,1,7,Mechanical Failure
25f8b50d,12/19/24,3:15,"Beijing, China",-81.813645,-80.667542,Rain,Icy,3,7,Speeding
b2b18c88,2/3/23,12:08,"Mumbai, India",-47.947407,-172.397548,Snow,Icy,5,7,Distracted Driving
c07c04f3,3/7/23,19:18,"Tokyo, Japan",87.664349,174.370844,Rain,Under Construction,3,10,Speeding
7424242e,12/27/24,3:44,"Toronto, Canada",42.770217,-143.2165,Rain,Icy,4,8,Weather Conditions
8402b30d,7/24/24,2:41,"Tokyo, Japan",-53.466951,-78.290579,Hail,Under Construction,4,0,Speeding
9e180c22,9/9/24,8:51,"Beijing, China",-76.953438,-15.304042,Snow,Gravel,5,7,Mechanical Failure
1406670f,4/28/24,14:09,"Sydney, Australia",56.517933,53.084773,Fog,Under Construction,5,2,Drunk Driving
db954f8d,4/9/24,11:00,"Paris, France",-78.849597,127.016792,Fog,Icy,2,4,Mechanical Failure
ce3fbea8,4/29/23,12:03,"Tokyo, Japan",-19.207081,-102.026354,Hail,Icy,4,5,Distracted Driving
919e8d63,8/12/24,10:41,"Mumbai, India",-27.999078,-110.073958,Fog,Icy,4,0,Mechanical Failure
aed596a3,1/30/23,21:36,"Paris, France",33.578164,130.168535,Hail,Icy,4,2,Distracted Driving
3aa3e96e,10/18/23,16:43,"New York, USA",56.878004,-147.647103,Clear,Snowy,5,10,Distracted Driving
fd071f84,12/14/24,10:10,"London, UK",-83.955428,6.968088,Fog,Wet,4,9,Weather Conditions
1bdb7446,1/20/23,16:36,"Berlin, Germany",-74.081787,8.870857,Rain,Icy,5,0,Drunk Driving
62717e3c,10/7/24,11:48,"London, UK",-46.378334,-77.522621,Snow,Gravel,2,2,Speeding
19110315,10/1/23,3:12,"London, UK",71.556979,166.065789,Clear,Snowy,2,7,Mechanical Failure
4c41845f,4/4/24,20:11,"Mumbai, India",10.166746,106.460361,Fog,Wet,2,5,Speeding
75a1aaa0,4/19/23,4:11,"New York, USA",51.684053,-102.251077,Fog,Dry,3,10,Drunk Driving
0736fdd0,12/1/23,4:42,"Paris, France",-68.523013,-61.385495,Storm,Wet,4,2,Distracted Driving
b4fc2ec3,1/16/24,5:38,"Tokyo, Japan",-12.877978,11.192447,Clear,Wet,3,1,Weather Conditions
5aecf11c,10/30/24,10:26,"Berlin, Germany",-47.514433,-158.171926,Snow,Under Construction,1,1,Weather Conditions
8d0c9631,9/21/23,10:54,"Paris, France",79.818348,-99.113058,Hail,Snowy,1,1,Mechanical Failure
0f0b9932,1/26/24,7:56,"London, UK",25.051016,7.510797,Snow,Icy,1,7,Mechanical Failure
7aebe747,6/7/24,1:30,"Beijing, China",55.354924,108.527421,Fog,Under Construction,2,2,Weather Conditions
5fd36849,7/28/23,15:22,"New York, USA",81.119187,-42.950675,Clear,Dry,3,0,Speeding
4823ac33,7/29/24,5:57,"Mumbai, India",68.44821,-26.319545,Storm,Dry,5,7,Reckless Driving
204fee7a,9/5/24,5:13,"Toronto, Canada",-68.347655,162.07211,Snow,Wet,5,2,Reckless Driving
ef2e1e4c,10/30/24,1:45,"Berlin, Germany",11.196086,70.069588,Rain,Icy,4,2,Drunk Driving
6622f7db,12/12/24,6:04,"Beijing, China",76.808167,-111.828728,Storm,Icy,3,3,Drunk Driving
89d68ff7,5/8/24,14:37,"New York, USA",-8.346699,-82.419125,Hail,Icy,4,1,Drunk Driving
744fd56b,10/18/24,15:07,"Paris, France",23.929823,-59.880579,Rain,Under Construction,4,7,Speeding
37fd2bbd,5/9/24,15:56,"New York, USA",13.333899,100.953105,Clear,Snowy,1,2,Speeding
3.75E+100,3/13/24,14:41,"Paris, France",19.797045,-141.374032,Storm,Snowy,2,7,Speeding
85535ec5,10/12/23,20:07,"Mumbai, India",31.441112,-84.391409,Clear,Snowy,3,3,Reckless Driving
5ffea803,9/16/23,16:28,"Sydney, Australia",35.345084,12.382754,Rain,Icy,2,0,Reckless Driving
785032f1,12/21/23,10:52,"London, UK",24.176629,61.742783,Snow,Dry,5,6,Speeding
6b94fe33,7/13/24,8:37,"Mumbai, India",-36.129338,62.593017,Rain,Icy,1,7,Drunk Driving
5fe078cd,12/24/23,16:49,"Beijing, China",66.124048,141.630641,Rain,Dry,1,7,Reckless Driving
8c5a2ee0,8/5/24,5:26,"Berlin, Germany",-56.530835,-127.552344,Clear,Under Construction,4,9,Weather Conditions
de62fa62,12/3/23,14:09,"Beijing, China",-60.900809,14.873817,Fog,Snowy,4,7,Reckless Driving
61487122,6/19/23,3:02,"Mumbai, India",-64.30694,8.14537,Snow,Snowy,1,1,Speeding
8f6f706c,1/16/24,1:47,"Paris, France",89.133755,89.653499,Rain,Dry,4,2,Speeding
cef64294,11/24/23,13:57,"Mumbai, India",25.518191,78.383941,Storm,Wet,1,9,Drunk Driving
10357624,6/11/23,13:01,"New York, USA",10.950469,-65.341669,Rain,Gravel,2,6,Drunk Driving
5c7c6a79,12/12/23,17:39,"Toronto, Canada",-51.827041,117.55038,Fog,Dry,1,9,Distracted Driving
e053a4c0,1/19/24,14:17,"Beijing, China",16.686589,-30.902842,Hail,Wet,2,5,Mechanical Failure
b4c5b1d6,5/31/24,0:26,"Berlin, Germany",25.41173,-107.07042,Storm,Dry,2,5,Drunk Driving
89f2fb17,3/5/23,5:38,"Tokyo, Japan",-33.443254,162.487956,Fog,Icy,1,0,Distracted Driving
97a59a5d,2/19/23,8:19,"Tokyo, Japan",-44.171888,53.538048,Hail,Icy,3,6,Reckless Driving
addbde8b,3/9/23,4:39,"Toronto, Canada",54.704518,11.942804,Storm,Icy,4,5,Reckless Driving
34d5aa2b,1/6/23,16:10,"Beijing, China",60.069451,-118.103242,Rain,Under Construction,1,7,Speeding
52d789e4,12/14/24,7:11,"Tokyo, Japan",-22.808831,119.987701,Hail,Gravel,2,5,Mechanical Failure
3085e850,3/18/23,23:02,"London, UK",-50.38179,-174.69512,Clear,Under Construction,2,5,Drunk Driving
b69c186a,10/11/24,1:52,"Sydney, Australia",86.709291,72.523767,Fog,Dry,3,9,Reckless Driving
490fd40f,3/10/24,12:42,"Berlin, Germany",41.208603,166.8092,Clear,Wet,4,1,Speeding
c72a6f9e,11/2/24,12:04,"Beijing, China",41.877459,44.593103,Fog,Dry,5,6,Speeding
ee94dffd,10/2/23,4:00,"Mumbai, India",-87.110395,96.156483,Rain,Snowy,4,1,Mechanical Failure
12bc7b2d,12/23/23,18:56,"Paris, France",-26.205024,66.573533,Clear,Gravel,4,9,Speeding
d5f708cf,3/26/23,9:03,"Paris, France",-40.19578,-109.227618,Storm,Icy,1,0,Distracted Driving
a7afc1b4,12/28/23,16:49,"Beijing, China",62.685867,-87.846566,Clear,Wet,4,5,Drunk Driving
5c5ff710,2/1/23,8:57,"Mumbai, India",57.094971,119.820326,Snow,Under Construction,5,10,Speeding
925d269d,3/29/23,17:31,"Mumbai, India",-88.308979,87.899436,Clear,Dry,1,8,Distracted Driving
7e19bb8e,5/24/24,7:33,"London, UK",-23.976003,163.840482,Snow,Snowy,4,10,Drunk Driving
49bf7d98,2/5/24,1:17,"Paris, France",79.364396,93.247065,Fog,Gravel,2,8,Distracted Driving
87985ce8,8/7/23,19:41,"Sydney, Australia",-23.650776,15.003396,Rain,Icy,4,6,Distracted Driving
ff3eb305,5/8/24,3:34,"New York, USA",31.546048,-162.940282,Rain,Gravel,5,2,Weather Conditions
4b8d5f5b,3/19/23,4:29,"New York, USA",-51.367454,71.561778,Hail,Wet,1,10,Mechanical Failure
5d4faea6,9/6/24,21:57,"Paris, France",-5.966685,-91.829555,Fog,Snowy,1,5,Reckless Driving
5994a9a5,3/29/24,2:07,"Tokyo, Japan",31.099946,113.349568,Hail,Snowy,2,3,Weather Conditions
b77db26e,8/23/24,23:03,"Mumbai, India",53.783837,-72.285195,Rain,Gravel,1,8,Reckless Driving
f14804e3,10/22/23,23:06,"Paris, France",-25.927423,-138.705118,Snow,Dry,2,5,Mechanical Failure
7c8b0399,8/9/23,23:22,"Beijing, China",40.308789,53.277991,Storm,Wet,5,9,Mechanical Failure
de31060c,12/10/24,10:19,"Berlin, Germany",52.247323,-43.408567,Fog,Icy,2,9,Distracted Driving
adc97870,11/28/24,13:33,"New York, USA",45.631714,-83.518953,Snow,Gravel,1,1,Reckless Driving
a7d34358,4/13/23,13:49,"Mumbai, India",-54.405998,163.979475,Hail,Dry,2,10,Weather Conditions
20c9b7c5,5/10/23,17:36,"Tokyo, Japan",-72.470484,-69.252466,Rain,Icy,2,5,Speeding
9ddff9cf,11/24/23,10:02,"Tokyo, Japan",-24.84275,-26.279395,Fog,Gravel,4,10,Weather Conditions
081c2ae8,12/23/24,10:53,"Sydney, Australia",-54.336792,21.273753,Fog,Wet,3,3,Speeding
b8488f1c,10/30/23,16:58,"Paris, France",-81.006383,-33.057516,Fog,Gravel,2,10,Reckless Driving
1b8a17e6,3/21/24,15:37,"Paris, France",89.990081,128.898582,Rain,Gravel,3,4,Speeding
34ad9067,3/15/23,22:50,"Tokyo, Japan",62.776536,140.266538,Storm,Snowy,5,5,Reckless Driving
58dc4a6b,9/12/23,5:58,"New York, USA",-29.563499,-177.550863,Snow,Gravel,2,7,Weather Conditions
5d5443c1,1/17/23,18:49,"Sydney, Australia",12.822698,-161.716224,Hail,Icy,3,9,Distracted Driving
4a020649,12/15/23,3:49,"Sydney, Australia",46.315377,102.425872,Hail,Wet,2,5,Weather Conditions
47eea0e3,7/2/23,17:11,"Toronto, Canada",-66.510048,18.291228,Hail,Dry,5,8,Reckless Driving
88b0e747,5/7/23,3:02,"Beijing, China",8.313556,92.382589,Snow,Under Construction,2,10,Distracted Driving
1212f495,5/19/24,7:22,"Toronto, Canada",25.541643,-150.772913,Rain,Snowy,1,8,Distracted Driving
544aef80,11/16/23,7:11,"New York, USA",-63.104895,83.093458,Rain,Dry,5,8,Reckless Driving
561785ec,2/26/23,10:01,"Sydney, Australia",-89.66749,-40.04833,Hail,Under Construction,2,10,Speeding
659b4ec6,1/5/23,23:26,"New York, USA",37.796462,-137.055138,Fog,Under Construction,1,10,Distracted Driving
448e4a3e,10/25/23,6:26,"Berlin, Germany",-42.361581,-19.875134,Storm,Dry,5,7,Distracted Driving
c343e1be,4/6/24,14:59,"Paris, France",-69.997732,177.502643,Clear,Icy,1,5,Drunk Driving
2fae6fe0,5/19/23,14:24,"Berlin, Germany",82.737913,119.299649,Storm,Snowy,2,1,Speeding
0a89040f,10/23/23,5:22,"Sydney, Australia",53.124921,162.592335,Snow,Under Construction,5,6,Speeding
601848a3,1/14/23,13:48,"Toronto, Canada",-27.090913,150.131251,Fog,Snowy,3,9,Mechanical Failure
2bc3f77a,7/2/24,16:56,"New York, USA",34.147885,-59.001851,Storm,Icy,4,3,Weather Conditions
e8a20a0f,4/23/24,16:58,"Berlin, Germany",-83.353841,142.841825,Fog,Icy,3,6,Reckless Driving
86a06dbd,11/18/23,5:43,"Beijing, China",2.392047,73.910288,Fog,Icy,3,2,Reckless Driving
2d847c3f,7/16/23,11:52,"London, UK",-35.474471,29.917546,Fog,Wet,3,2,Distracted Driving
00e72144,12/27/23,21:33,"Tokyo, Japan",-4.488287,60.364789,Clear,Dry,4,7,Distracted Driving
b54d780e,12/8/23,8:21,"New York, USA",48.512864,-90.943767,Clear,Dry,1,5,Mechanical Failure
9b8a1bdd,2/21/24,23:19,"New York, USA",-69.242904,-119.422766,Hail,Under Construction,2,0,Reckless Driving
c85d0bde,3/3/23,19:19,"London, UK",-33.551306,66.802907,Storm,Under Construction,4,10,Drunk Driving
62bf3c1d,3/29/24,20:16,"London, UK",-70.664915,-58.44597,Rain,Gravel,1,1,Weather Conditions
8b9ba2c7,9/2/23,4:06,"Sydney, Australia",24.946894,-44.315906,Fog,Under Construction,4,10,Drunk Driving
f4c50421,8/2/24,0:23,"Toronto, Canada",63.631345,55.518153,Clear,Wet,4,4,Weather Conditions
63c837da,2/29/24,23:19,"Paris, France",64.67588,-5.87209,Hail,Icy,1,8,Drunk Driving
6ea52f2a,7/22/24,4:31,"Tokyo, Japan",88.887962,-44.17183,Storm,Gravel,3,3,Distracted Driving
ce872cd8,4/3/23,3:57,"Sydney, Australia",18.950011,59.394444,Snow,Dry,2,7,Mechanical Failure
528c7f90,8/25/23,4:02,"Paris, France",68.17054,13.739048,Clear,Gravel,1,4,Reckless Driving
47960a2c,3/28/23,0:02,"Beijing, China",87.175352,-5.387781,Fog,Gravel,3,2,Weather Conditions
559c51fc,8/20/24,8:19,"New York, USA",32.515532,41.012184,Rain,Under Construction,4,0,Drunk Driving
6edf1ad3,7/19/23,5:43,"Paris, France",57.371741,142.342144,Storm,Snowy,4,4,Drunk Driving
9280e952,12/28/23,3:07,"New York, USA",-87.900023,103.167664,Clear,Dry,5,6,Speeding
cd655d32,9/25/24,6:19,"Toronto, Canada",1.0254,39.811748,Hail,Icy,4,0,Distracted Driving
c8444d57,2/8/24,22:43,"Sydney, Australia",-61.980507,-83.139796,Rain,Wet,3,2,Weather Conditions
97cbe7aa,9/4/23,13:20,"Tokyo, Japan",-66.272,-36.990671,Rain,Under Construction,5,7,Weather Conditions
bd503ea8,2/13/23,19:07,"Tokyo, Japan",81.162461,-34.807162,Snow,Under Construction,2,10,Reckless Driving
77d4c403,2/28/23,15:07,"Paris, France",-5.25005,-87.956895,Storm,Gravel,5,2,Reckless Driving
bac336b4,2/17/23,7:46,"Beijing, China",44.615784,-139.810292,Storm,Icy,2,2,Weather Conditions
9c38f84e,11/2/24,0:54,"London, UK",-14.33339,149.605657,Snow,Icy,1,9,Speeding
1a0414a2,12/7/23,20:51,"Paris, France",53.006364,89.515761,Fog,Gravel,1,1,Drunk Driving
6af1d408,7/2/23,1:04,"Berlin, Germany",56.007206,-17.227205,Fog,Under Construction,2,10,Drunk Driving
27eb055a,12/24/23,1:57,"Tokyo, Japan",44.98338,53.269295,Fog,Icy,1,8,Mechanical Failure
a853e775,12/29/24,4:07,"Paris, France",-39.657396,-98.952671,Clear,Gravel,3,4,Weather Conditions
a16dfd55,8/25/24,9:15,"New York, USA",-50.579939,-107.595428,Rain,Wet,2,10,Weather Conditions
9424e7b8,2/8/24,15:37,"Toronto, Canada",-89.609613,-16.308308,Snow,Dry,3,7,Speeding
a598d7af,4/13/24,13:59,"New York, USA",-83.655114,31.584769,Rain,Dry,2,5,Speeding
c14d22a1,11/22/23,4:48,"Beijing, China",-59.806403,9.725622,Fog,Wet,2,2,Mechanical Failure
29d221e3,11/15/24,16:06,"Tokyo, Japan",-43.302874,-134.499323,Fog,Wet,2,6,Drunk Driving
91bb3612,12/13/23,22:48,"Berlin, Germany",0.972027,-40.633619,Clear,Gravel,4,0,Distracted Driving
1689ef16,11/20/23,6:40,"Paris, France",54.691028,106.804579,Fog,Under Construction,5,9,Speeding
e64be717,3/9/24,12:32,"Toronto, Canada",-32.522299,-143.011595,Hail,Gravel,5,0,Mechanical Failure
79489420,4/26/24,11:47,"Paris, France",-1.286025,11.767464,Rain,Dry,1,6,Mechanical Failure
cd96afb2,3/3/24,2:13,"Paris, France",-80.115077,-87.726051,Fog,Under Construction,2,1,Reckless Driving
ceafac1f,6/21/24,15:07,"New York, USA",36.527694,-143.246739,Hail,Gravel,1,2,Reckless Driving
1c193a5d,6/2/23,11:17,"Toronto, Canada",-21.425767,145.673484,Fog,Snowy,4,0,Distracted Driving
14405661,1/30/23,9:03,"Beijing, China",22.851191,-163.64165,Fog,Icy,5,10,Mechanical Failure
f9393368,3/5/24,3:41,"Sydney, Australia",-9.410362,-47.410882,Clear,Wet,4,9,Mechanical Failure
7891a349,2/9/23,0:39,"Paris, France",-71.873185,23.835324,Fog,Wet,2,1,Speeding
af580ed4,6/6/24,3:00,"Mumbai, India",71.091203,-71.491356,Storm,Under Construction,2,0,Drunk Driving
326192ee,4/22/23,18:49,"Berlin, Germany",-69.198461,-172.501657,Snow,Wet,1,0,Reckless Driving
3de3513c,10/26/24,17:39,"Toronto, Canada",23.149713,88.527136,Fog,Gravel,1,6,Drunk Driving
983090d8,2/9/23,9:00,"New York, USA",-15.988317,-115.664745,Clear,Under Construction,4,7,Reckless Driving
5da8fe76,2/24/24,7:27,"Sydney, Australia",-45.986282,51.335806,Snow,Gravel,3,1,Weather Conditions
d8d65aa9,9/1/24,21:30,"Beijing, China",-36.141954,-118.149933,Clear,Wet,2,8,Weather Conditions
85786a41,2/14/23,13:37,"Berlin, Germany",37.125953,178.052472,Fog,Dry,2,0,Mechanical Failure
ea7b4154,9/1/23,23:52,"London, UK",47.055195,-51.240159,Storm,Gravel,5,7,Weather Conditions
fa6fcd4d,5/15/24,7:40,"Berlin, Germany",21.690953,-128.367034,Storm,Icy,4,7,Drunk Driving
a46e3d71,8/25/24,8:39,"Paris, France",34.398028,-107.813707,Clear,Icy,1,7,Weather Conditions
a286e1df,4/11/24,6:13,"New York, USA",39.028501,-15.011979,Fog,Under Construction,5,4,Speeding
76dca0b8,1/17/24,6:02,"New York, USA",85.568306,138.985317,Fog,Dry,2,0,Speeding
4938dea7,9/20/23,8:16,"New York, USA",28.991788,38.074776,Storm,Under Construction,3,4,Distracted Driving
80a4e849,7/29/23,2:02,"New York, USA",86.117572,123.102163,Snow,Gravel,5,3,Drunk Driving
129e497f,6/1/23,4:00,"Paris, France",3.295314,12.183889,Snow,Wet,1,4,Mechanical Failure
d7a673c4,6/20/23,19:21,"Paris, France",36.933499,-35.321314,Clear,Dry,5,4,Weather Conditions
aba8b327,2/1/23,21:32,"Toronto, Canada",68.075159,177.789991,Rain,Gravel,2,9,Mechanical Failure
55505173,7/5/24,18:27,"Sydney, Australia",-67.917952,-172.257135,Rain,Gravel,2,3,Weather Conditions
bc56ae7a,5/15/23,5:35,"Beijing, China",-67.457894,141.023704,Fog,Under Construction,5,7,Speeding
0ed21553,9/18/24,9:01,"Beijing, China",-35.18011,-42.265254,Storm,Gravel,5,10,Mechanical Failure
b340dfb2,12/23/24,11:17,"Berlin, Germany",-69.332521,9.303648,Fog,Under Construction,5,8,Distracted Driving
ebd94688,6/6/23,12:05,"Paris, France",-64.187174,-43.37767,Rain,Wet,2,9,Mechanical Failure
9e1fff77,9/1/23,9:58,"Mumbai, India",-11.304462,27.976321,Fog,Gravel,4,5,Drunk Driving
186ee3ba,3/13/23,5:02,"Mumbai, India",70.256986,-77.166686,Snow,Icy,2,1,Drunk Driving
decdebc2,12/16/24,12:49,"Beijing, China",-70.8987,-26.726402,Rain,Under Construction,3,4,Distracted Driving
0e78d3d5,12/18/23,15:00,"New York, USA",55.959111,34.408485,Hail,Gravel,1,10,Drunk Driving
587dcc61,12/13/23,3:59,"London, UK",-27.256313,94.229401,Snow,Under Construction,1,3,Reckless Driving
7c2eaf5d,9/13/24,17:26,"Toronto, Canada",-15.675782,-101.371518,Rain,Wet,1,1,Weather Conditions
f4b3b507,2/19/23,2:47,"Berlin, Germany",59.932851,119.8319,Clear,Under Construction,5,9,Drunk Driving
49e8fc3a,9/20/24,23:50,"Beijing, China",-6.593798,37.532614,Storm,Under Construction,2,8,Distracted Driving
f9e7204a,7/28/24,21:03,"Mumbai, India",8.519604,-73.027876,Hail,Under Construction,4,1,Distracted Driving
b5a64272,5/24/24,23:46,"Sydney, Australia",-31.685746,79.707333,Storm,Icy,4,7,Distracted Driving
c18dbd9e,10/27/23,8:40,"Paris, France",-22.045862,43.789843,Storm,Icy,2,1,Weather Conditions
edeb9696,2/4/23,14:03,"Mumbai, India",62.967278,20.778128,Clear,Under Construction,5,5,Drunk Driving
c69b88b5,9/18/23,1:11,"Paris, France",-57.941925,44.584256,Fog,Gravel,2,2,Drunk Driving
f2e0869e,9/13/24,8:12,"Paris, France",4.097113,-44.721447,Fog,Icy,3,10,Speeding
8d4dbbd1,7/6/23,15:08,"Toronto, Canada",74.658619,31.759984,Fog,Icy,2,2,Distracted Driving
1a092a8e,10/14/24,6:18,"Sydney, Australia",-78.499326,68.514129,Snow,Icy,2,1,Mechanical Failure
ea7098e0,1/1/24,16:26,"New York, USA",32.465316,-167.224617,Snow,Gravel,5,3,Drunk Driving
4bf1fc03,9/20/23,17:18,"Paris, France",57.441111,104.003065,Clear,Wet,4,4,Reckless Driving
cba0c943,4/2/23,3:38,"London, UK",62.73983,-59.628038,Snow,Snowy,1,8,Drunk Driving
46feeeae,7/8/24,5:33,"Tokyo, Japan",-88.462838,56.397067,Snow,Snowy,3,8,Distracted Driving
59139c66,2/25/24,3:31,"New York, USA",-59.252078,157.521717,Clear,Wet,3,7,Drunk Driving
a8bfa23b,2/4/23,22:53,"Toronto, Canada",65.349686,140.037623,Hail,Icy,4,7,Reckless Driving
8b13a805,1/11/23,21:47,"Mumbai, India",-8.083434,22.724551,Storm,Snowy,1,9,Mechanical Failure
687bcd1f,7/23/24,5:34,"Berlin, Germany",61.589932,142.670256,Rain,Gravel,3,3,Speeding
cc5351f3,3/27/24,22:10,"Sydney, Australia",11.664275,84.0437,Clear,Under Construction,4,4,Distracted Driving
eff8c606,6/23/24,23:16,"London, UK",-67.52893,-27.43026,Clear,Under Construction,3,6,Reckless Driving
1c5f4c51,4/29/23,1:50,"Toronto, Canada",41.012573,-147.673029,Hail,Wet,3,4,Reckless Driving
d2cc5935,3/15/24,19:20,"Sydney, Australia",61.26583,-3.39396,Rain,Gravel,5,8,Reckless Driving
c8a1f696,5/9/23,5:29,"Sydney, Australia",68.18624,157.47251,Storm,Wet,5,10,Distracted Driving
de397091,8/20/23,22:28,"Sydney, Australia",31.945913,-36.084305,Storm,Wet,5,3,Mechanical Failure
294cc49a,3/2/23,22:03,"New York, USA",-48.670883,-110.727825,Fog,Dry,3,0,Weather Conditions
7077f138,10/17/24,19:51,"Berlin, Germany",-86.899662,17.130217,Storm,Icy,1,1,Drunk Driving
3d04e364,10/24/24,16:27,"Toronto, Canada",16.736728,79.320413,Rain,Wet,4,7,Reckless Driving
7e4eaba4,10/28/24,22:59,"Tokyo, Japan",-23.331746,146.651622,Fog,Under Construction,3,8,Reckless Driving
95210d52,2/1/23,5:48,"Toronto, Canada",47.184099,-18.729919,Storm,Snowy,4,8,Weather Conditions
481b220e,3/23/24,3:43,"Mumbai, India",86.770632,-47.386095,Hail,Dry,2,7,Distracted Driving
befde164,10/14/24,14:53,"Mumbai, India",82.576965,102.488488,Fog,Wet,3,8,Speeding
d6861dd7,6/29/23,23:13,"Toronto, Canada",-47.664699,119.785653,Clear,Under Construction,4,8,Drunk Driving
4231e5b3,4/17/23,5:08,"Sydney, Australia",14.275678,-75.2735,Rain,Icy,2,9,Mechanical Failure
92b4f927,2/23/24,19:56,"Toronto, Canada",-25.004693,117.598866,Clear,Wet,4,1,Drunk Driving
46d0c51c,3/20/23,3:55,"Tokyo, Japan",40.315505,-121.95271,Snow,Wet,4,10,Reckless Driving
a636f7e2,9/10/24,18:11,"London, UK",-34.891956,130.243075,Clear,Under Construction,1,5,Reckless Driving
0904a453,11/3/24,6:04,"New York, USA",50.59899,-83.18038,Snow,Dry,5,10,Speeding
1b463544,4/6/23,0:37,"Berlin, Germany",-72.69679,107.898806,Rain,Gravel,3,5,Distracted Driving
45a04cae,2/13/23,21:31,"Tokyo, Japan",-2.641355,172.936752,Rain,Under Construction,1,5,Reckless Driving
916dfa92,8/1/24,1:28,"Sydney, Australia",-3.42161,-95.455716,Snow,Icy,5,8,Drunk Driving
3785cdab,9/5/23,21:31,"New York, USA",-31.782021,-149.706339,Clear,Snowy,4,3,Drunk Driving
19b7673c,12/11/23,18:48,"Toronto, Canada",68.218431,131.690387,Rain,Wet,5,7,Mechanical Failure
1dc41284,3/21/24,2:17,"Paris, France",8.660069,18.202091,Hail,Snowy,4,10,Mechanical Failure
a8e0c680,5/7/24,22:41,"Tokyo, Japan",76.032464,133.567661,Clear,Icy,2,10,Drunk Driving
e60b1ecb,7/20/24,19:06,"Toronto, Canada",-13.210997,39.955808,Clear,Snowy,5,5,Distracted Driving
1ad5cd45,11/13/23,16:38,"Paris, France",31.810398,-3.754176,Clear,Dry,5,9,Distracted Driving
aacca135,6/10/23,12:18,"Tokyo, Japan",-5.647211,140.54716,Fog,Under Construction,3,2,Distracted Driving
ba66a061,5/28/23,10:37,"Mumbai, India",45.951082,-75.610974,Hail,Snowy,4,7,Speeding
c0507f90,1/28/24,16:36,"Beijing, China",83.714558,-24.029691,Fog,Under Construction,2,8,Reckless Driving
df4f3d76,2/24/23,8:46,"Tokyo, Japan",-8.607135,-123.128864,Clear,Snowy,1,3,Distracted Driving
7f3b5c0d,2/21/23,6:01,"New York, USA",79.230153,-70.778092,Storm,Under Construction,4,10,Drunk Driving
be6b1d8a,9/16/24,9:31,"Berlin, Germany",-33.342793,30.216655,Storm,Gravel,1,7,Distracted Driving
2df9314a,11/17/24,10:49,"Tokyo, Japan",43.799694,138.144825,Hail,Dry,2,10,Distracted Driving
ac3f0328,1/17/24,23:09,"New York, USA",-60.905794,3.134202,Snow,Dry,4,7,Distracted Driving
8d313013,1/8/24,20:12,"Toronto, Canada",-28.542573,-86.210079,Fog,Icy,2,5,Weather Conditions
954045f2,10/24/24,6:36,"Berlin, Germany",-1.885441,74.214425,Fog,Icy,4,9,Mechanical Failure
af82bcde,11/19/23,18:32,"Toronto, Canada",-70.364744,-67.414962,Hail,Icy,4,2,Distracted Driving
a96737ce,5/8/23,0:12,"London, UK",60.782966,56.256076,Storm,Icy,2,5,Speeding
a8229b55,7/19/24,13:23,"New York, USA",37.656129,-37.912601,Snow,Gravel,3,0,Mechanical Failure
180c413f,1/6/23,21:59,"Sydney, Australia",-81.958257,95.272368,Rain,Gravel,4,6,Drunk Driving
b39b1daa,10/18/23,15:30,"London, UK",13.382219,-53.633974,Clear,Gravel,5,1,Mechanical Failure
565ecd26,8/13/24,20:41,"Mumbai, India",-29.746811,105.290201,Storm,Dry,5,0,Distracted Driving
28f6d1ac,11/2/24,22:24,"New York, USA",14.623612,-87.539309,Rain,Gravel,2,5,Reckless Driving
f3383b9e,1/19/24,22:28,"Paris, France",22.379837,36.963203,Snow,Icy,1,8,Reckless Driving
80817992,9/22/23,18:54,"London, UK",-9.774911,104.967149,Clear,Wet,4,4,Speeding
0666bb1b,11/20/23,5:32,"Beijing, China",-33.283428,60.699302,Hail,Wet,3,6,Reckless Driving
ed3927b7,6/25/23,5:02,"Paris, France",25.193155,-17.926492,Storm,Gravel,3,5,Weather Conditions
65bd6963,3/9/24,19:38,"Berlin, Germany",52.095129,-124.41937,Snow,Gravel,3,3,Speeding
6b47fae7,11/10/24,8:56,"London, UK",-9.901256,-144.838708,Rain,Dry,5,10,Drunk Driving
d1f8525f,5/25/24,20:28,"Mumbai, India",29.048183,-104.972124,Hail,Under Construction,3,8,Weather Conditions
d5524643,7/11/23,2:42,"London, UK",43.368104,-160.611507,Clear,Under Construction,5,6,Weather Conditions
c7629da7,5/20/24,20:30,"Beijing, China",0.491254,175.402054,Clear,Wet,2,3,Mechanical Failure
dd57e69b,3/5/23,0:43,"Tokyo, Japan",48.289439,-99.041195,Snow,Gravel,1,8,Mechanical Failure
b6316417,1/25/24,18:48,"Beijing, China",-59.074711,117.700635,Rain,Wet,1,3,Mechanical Failure
3d040e83,3/18/24,0:37,"Tokyo, Japan",-59.490152,159.233089,Storm,Snowy,2,1,Drunk Driving
3e53e89e,5/25/24,8:34,"Berlin, Germany",-88.175155,123.485925,Snow,Under Construction,3,0,Distracted Driving
44445ce5,6/17/24,18:17,"New York, USA",-38.358594,26.330263,Rain,Icy,1,9,Reckless Driving
41a55308,2/12/24,19:42,"Berlin, Germany",20.045461,92.488005,Clear,Under Construction,2,0,Reckless Driving
24ad8972,11/11/23,6:09,"Berlin, Germany",-23.013799,-51.900351,Storm,Snowy,4,2,Speeding
d7ebee8e,8/11/24,12:29,"Sydney, Australia",63.06361,-104.280675,Clear,Under Construction,3,6,Mechanical Failure
162fe96e,1/10/23,22:12,"London, UK",-30.9674,-86.639868,Hail,Gravel,4,1,Mechanical Failure
78757b98,10/3/24,11:38,"Mumbai, India",-21.291759,-31.765797,Rain,Gravel,4,4,Distracted Driving
6dfe45f0,4/9/24,10:06,"Mumbai, India",-59.041994,-157.105298,Snow,Snowy,4,7,Weather Conditions
4d01536a,1/9/24,23:38,"Beijing, China",15.498686,-36.693567,Rain,Dry,1,10,Weather Conditions
1437023,10/1/23,4:27,"Toronto, Canada",61.534606,-39.237435,Fog,Snowy,5,6,Speeding
29d4f464,2/1/23,15:10,"Tokyo, Japan",-68.097514,-35.325284,Clear,Gravel,1,6,Weather Conditions
ee38e929,12/12/23,10:24,"Mumbai, India",87.216338,-177.443888,Clear,Icy,5,9,Distracted Driving
c4b8040c,3/5/23,14:58,"London, UK",-39.549744,-11.169448,Hail,Under Construction,1,1,Reckless Driving
cab7cb56,11/15/23,17:30,"Tokyo, Japan",-2.608885,13.464159,Hail,Snowy,3,5,Distracted Driving
a4d36010,3/2/24,3:13,"Sydney, Australia",-68.957745,-155.176962,Snow,Dry,5,10,Reckless Driving
453ed0f3,7/22/24,11:04,"New York, USA",66.092105,35.684353,Storm,Dry,2,2,Distracted Driving
ce76d16e,4/11/24,4:21,"Beijing, China",-82.014336,167.49486,Hail,Wet,4,10,Speeding
b42be992,8/25/23,1:31,"Paris, France",78.403046,-145.819572,Snow,Under Construction,4,7,Mechanical Failure
4eff1a09,1/31/23,15:10,"Beijing, China",-60.843658,-63.613475,Fog,Icy,3,4,Speeding
4c07c64f,6/7/23,19:44,"Beijing, China",79.116546,84.719488,Hail,Snowy,2,6,Distracted Driving
ee384ec9,12/5/24,8:07,"Sydney, Australia",11.975314,0.953957,Rain,Gravel,4,2,Distracted Driving
7aaf8cf5,6/21/24,17:47,"Tokyo, Japan",-46.768175,-24.76621,Fog,Under Construction,3,4,Drunk Driving
9b8b084a,9/7/24,14:50,"Tokyo, Japan",24.972738,-37.516893,Fog,Dry,3,7,Speeding
457497a7,8/21/23,14:26,"Beijing, China",-64.443828,-46.997791,Hail,Icy,4,6,Mechanical Failure
05eda3f1,8/16/23,15:17,"Beijing, China",-78.907418,179.362165,Rain,Gravel,2,3,Mechanical Failure
34a27bf4,5/24/24,0:48,"Paris, France",-33.636221,135.348432,Snow,Under Construction,4,2,Drunk Driving
27ccdaa7,1/7/24,2:39,"Tokyo, Japan",-0.59203,-72.963287,Hail,Wet,3,7,Reckless Driving
ea5db9db,6/10/24,10:08,"New York, USA",-67.709003,165.02448,Hail,Gravel,2,9,Drunk Driving
a9fb1bfa,8/25/24,15:23,"Berlin, Germany",61.74489,-45.019163,Storm,Under Construction,4,2,Distracted Driving
9f45c106,2/5/23,4:09,"Mumbai, India",-72.493854,-34.017006,Rain,Icy,1,4,Reckless Driving
ed4d714d,5/10/24,11:56,"Beijing, China",13.652286,-144.826557,Snow,Dry,2,6,Reckless Driving
bb9fc3d6,11/16/24,16:20,"Toronto, Canada",43.91905,114.27405,Snow,Snowy,1,6,Mechanical Failure
e478b57d,9/3/23,8:23,"Berlin, Germany",-12.220422,-71.988666,Clear,Under Construction,5,10,Speeding
73d91f4b,2/7/24,22:26,"Sydney, Australia",69.595104,95.884475,Storm,Wet,2,6,Weather Conditions
312cab2b,5/18/23,13:56,"Mumbai, India",-3.086001,145.949923,Hail,Icy,4,0,Reckless Driving
371b13f0,11/20/23,13:56,"Beijing, China",-89.159867,-161.30569,Hail,Gravel,2,3,Weather Conditions
aa4db6a6,11/10/24,23:18,"London, UK",-34.991282,-103.811485,Storm,Snowy,5,1,Reckless Driving
c883f16e,6/24/24,2:03,"Berlin, Germany",53.107756,88.502297,Snow,Icy,2,7,Distracted Driving
528308b8,9/1/24,13:23,"Toronto, Canada",66.919601,-1.919694,Rain,Gravel,3,0,Distracted Driving
297b9e47,12/2/24,2:28,"Mumbai, India",-13.751798,48.29127,Snow,Gravel,5,5,Speeding
64f0a994,7/14/24,21:07,"New York, USA",-11.917614,-118.040589,Rain,Dry,5,1,Drunk Driving
10eee7ac,3/11/24,21:32,"Mumbai, India",-51.944484,-126.752741,Hail,Gravel,4,8,Reckless Driving
162e52f5,8/24/24,14:53,"Toronto, Canada",85.502849,98.185549,Clear,Snowy,2,3,Mechanical Failure
22a1aa64,9/19/23,18:09,"London, UK",12.069323,124.933217,Snow,Under Construction,4,4,Drunk Driving
96a94704,2/20/24,17:52,"Berlin, Germany",-14.283583,-105.417369,Clear,Icy,2,10,Mechanical Failure
b95f8020,6/11/24,3:55,"London, UK",66.062271,-29.462526,Fog,Under Construction,5,3,Drunk Driving
84d6343c,8/18/24,15:09,"London, UK",40.65205,148.848216,Storm,Wet,1,3,Weather Conditions
6cb99798,2/11/23,17:27,"Sydney, Australia",53.35393,63.952106,Rain,Wet,1,0,Mechanical Failure
682e79dc,10/3/24,23:51,"Beijing, China",-49.653238,70.703956,Fog,Under Construction,2,8,Reckless Driving
6fd30228,12/16/24,12:48,"Sydney, Australia",-65.323689,-86.123973,Clear,Wet,3,2,Reckless Driving
75cd0173,7/2/23,12:10,"Mumbai, India",16.071047,113.067287,Storm,Gravel,5,1,Reckless Driving
efcca76a,9/3/24,1:50,"Berlin, Germany",21.276204,41.496037,Clear,Gravel,5,7,Distracted Driving
a826b833,7/10/23,15:32,"Berlin, Germany",-12.795774,-50.872026,Fog,Under Construction,4,1,Mechanical Failure
bb188c56,10/29/23,6:19,"London, UK",-26.235336,26.488176,Snow,Dry,2,4,Weather Conditions
187fa570,3/4/23,5:10,"Tokyo, Japan",44.520315,20.749252,Clear,Wet,5,7,Drunk Driving
a3d73408,7/5/23,0:01,"London, UK",72.449058,-3.26992,Fog,Dry,5,7,Weather Conditions
d80b3de8,2/11/23,22:38,"Paris, France",87.730706,-24.283585,Storm,Dry,1,7,Mechanical Failure
7eccbab1,3/25/24,8:48,"Toronto, Canada",-89.490712,-117.504014,Snow,Under Construction,1,2,Reckless Driving
7a9ee87a,5/10/24,8:49,"London, UK",-71.739056,-95.923317,Hail,Icy,4,7,Speeding
5618609e,2/6/24,22:29,"Toronto, Canada",-27.232219,171.253722,Fog,Dry,5,2,Drunk Driving
0b23836c,10/12/23,2:12,"London, UK",-86.303514,170.326215,Snow,Gravel,3,6,Drunk Driving
e6fa65ec,5/5/23,10:11,"Berlin, Germany",79.49795,74.720361,Rain,Wet,4,5,Mechanical Failure
2bf0a10f,6/22/23,3:57,"Berlin, Germany",89.546135,-149.695363,Storm,Dry,3,0,Reckless Driving
1db8a611,10/6/23,7:42,"New York, USA",23.39093,-59.928107,Snow,Dry,1,6,Drunk Driving
8cd43dd2,2/22/23,6:57,"London, UK",-34.504678,42.866898,Snow,Gravel,2,2,Reckless Driving
32ffaaf6,5/10/24,1:36,"Paris, France",68.948787,64.156715,Storm,Icy,5,9,Mechanical Failure
69b1f097,6/6/24,6:40,"London, UK",6.425258,-166.684888,Rain,Snowy,5,0,Speeding
b6be6563,4/2/23,16:20,"London, UK",-68.007803,99.591247,Rain,Under Construction,3,4,Reckless Driving
a88c4906,10/12/24,7:17,"Berlin, Germany",-20.863261,-9.604959,Hail,Dry,5,4,Speeding
e31132cb,6/29/23,0:50,"Toronto, Canada",30.164291,50.364679,Hail,Wet,4,9,Reckless Driving
877b1ca6,12/13/24,4:36,"Sydney, Australia",-14.518313,-41.590715,Fog,Dry,5,7,Drunk Driving
2b4466ee,9/4/23,9:53,"Berlin, Germany",35.936709,121.294682,Storm,Snowy,3,2,Reckless Driving
6e4915e6,3/28/23,11:45,"Mumbai, India",62.831171,-148.666238,Fog,Under Construction,4,6,Speeding
b1bf8fef,12/12/24,10:48,"Mumbai, India",81.799884,-141.94229,Storm,Dry,4,8,Weather Conditions
c53fba9a,9/20/23,2:25,"Beijing, China",-60.102748,44.825243,Rain,Dry,4,6,Drunk Driving
e9e5482c,5/27/23,1:21,"Toronto, Canada",79.127511,-165.984743,Snow,Dry,2,5,Drunk Driving
7ccd5449,4/11/23,3:40,"Toronto, Canada",-50.374818,-171.079093,Rain,Wet,5,10,Reckless Driving
2753b405,7/1/23,2:02,"Paris, France",-64.594075,54.27828,Fog,Under Construction,3,4,Mechanical Failure
167e902c,1/3/23,13:23,"Tokyo, Japan",49.367997,-167.77056,Hail,Dry,1,0,Mechanical Failure
13279b9d,11/23/23,20:07,"Paris, France",67.213388,8.233021,Fog,Icy,1,1,Drunk Driving
91163256,7/29/24,16:45,"London, UK",46.072039,89.774064,Snow,Icy,4,10,Mechanical Failure
3fcb6921,8/8/24,8:32,"London, UK",-8.446875,-30.216254,Snow,Dry,2,4,Distracted Driving
9ab6bcb8,7/24/23,19:14,"Mumbai, India",74.500346,-40.774431,Fog,Dry,2,3,Mechanical Failure
82902c03,6/9/24,11:15,"New York, USA",15.807603,-154.66176,Snow,Snowy,5,4,Weather Conditions
faa7ed0f,6/8/24,13:35,"Sydney, Australia",29.968513,18.39196,Hail,Dry,4,7,Weather Conditions
6ce72747,2/1/24,10:26,"Toronto, Canada",10.390768,162.008804,Rain,Dry,4,8,Distracted Driving
7fef8c5e,2/1/24,17:30,"Berlin, Germany",-47.268748,-11.856519,Rain,Under Construction,1,2,Reckless Driving
5b7d3eda,12/22/24,3:47,"Paris, France",-65.324825,100.039021,Storm,Snowy,2,0,Drunk Driving
99dd0d77,2/22/23,13:47,"Toronto, Canada",34.649949,-66.116525,Fog,Wet,2,7,Drunk Driving
57839b69,8/10/24,20:59,"Beijing, China",-86.606005,-146.950737,Hail,Wet,1,1,Weather Conditions
eea491b2,6/20/23,15:46,"London, UK",-31.65692,-96.231981,Fog,Icy,2,5,Drunk Driving
29eeb8f9,4/5/24,16:04,"Sydney, Australia",2.925999,-127.947769,Hail,Dry,3,6,Mechanical Failure
48db9c2b,6/14/23,21:46,"London, UK",-35.577026,94.286848,Clear,Under Construction,1,6,Distracted Driving
4bc397c7,1/18/23,23:02,"Paris, France",68.556591,9.54196,Rain,Dry,5,10,Distracted Driving
f870155f,8/25/23,12:52,"Beijing, China",61.523514,62.906482,Clear,Wet,1,10,Drunk Driving
b323dbb4,8/3/23,1:23,"Sydney, Australia",-24.44712,-126.157662,Snow,Dry,4,5,Speeding
ca6dd845,11/16/23,15:50,"New York, USA",-65.438464,169.034135,Snow,Dry,2,8,Mechanical Failure
98127279,2/1/24,2:51,"New York, USA",84.60717,110.528907,Snow,Under Construction,3,3,Mechanical Failure
03a0cbd6,1/27/23,8:38,"Tokyo, Japan",-80.37553,74.249432,Clear,Snowy,5,2,Distracted Driving
36548f4e,7/12/23,11:05,"Paris, France",36.777439,13.924162,Fog,Dry,2,4,Speeding
33daa6e6,2/8/24,23:20,"Berlin, Germany",46.500692,3.544386,Rain,Icy,3,7,Weather Conditions
4ec1fa51,7/22/23,20:19,"New York, USA",25.850775,-108.728154,Storm,Under Construction,5,1,Drunk Driving
86cde129,7/30/24,14:53,"Beijing, China",-36.600593,-125.533543,Snow,Under Construction,1,8,Weather Conditions
afa5a997,3/22/23,1:52,"Tokyo, Japan",-63.675696,-38.074023,Fog,Under Construction,2,1,Reckless Driving
e024f4cc,9/4/23,13:45,"Tokyo, Japan",-4.885384,-129.308924,Clear,Icy,3,6,Mechanical Failure
1f313ad0,4/11/23,7:56,"Tokyo, Japan",-62.825181,16.739241,Snow,Wet,5,1,Drunk Driving
e32df766,2/29/24,11:25,"London, UK",-35.405144,97.385053,Snow,Icy,2,3,Reckless Driving
3c301a49,8/18/24,17:58,"Toronto, Canada",11.093653,-149.996985,Clear,Dry,2,3,Distracted Driving
bae4c4e7,12/17/24,21:22,"Sydney, Australia",-2.581949,-179.756893,Fog,Under Construction,5,6,Reckless Driving
970fb940,12/1/23,12:38,"Berlin, Germany",-15.473167,-40.659459,Hail,Under Construction,4,4,Distracted Driving
dac2115d,7/5/23,20:04,"Tokyo, Japan",-64.450767,-7.749406,Rain,Icy,5,4,Mechanical Failure
a9f38cae,10/16/24,8:18,"Tokyo, Japan",-31.313917,87.601776,Fog,Snowy,4,4,Mechanical Failure
651f6d85,3/3/23,14:51,"London, UK",37.378417,-44.1776,Rain,Icy,5,10,Mechanical Failure
54f98dcf,9/3/23,2:42,"Tokyo, Japan",10.129713,158.33387,Clear,Snowy,2,1,Speeding
666db5e6,12/29/23,17:43,"Paris, France",-53.90074,70.81221,Clear,Gravel,4,10,Weather Conditions
a775ed11,2/6/24,3:02,"Beijing, China",-59.851417,-137.022185,Clear,Gravel,1,4,Drunk Driving
0fc78abf,3/18/24,0:38,"Sydney, Australia",31.102829,-167.580596,Snow,Snowy,2,8,Distracted Driving
5907d701,12/11/23,15:18,"New York, USA",-74.49405,86.492046,Snow,Dry,1,8,Weather Conditions
deb9f14c,12/5/23,13:29,"Mumbai, India",-55.150625,-141.758844,Clear,Gravel,3,0,Mechanical Failure
5fd20631,2/23/24,5:02,"London, UK",-39.93408,100.116847,Storm,Snowy,2,0,Weather Conditions
281edc30,6/26/24,16:49,"Beijing, China",-64.067633,-31.033011,Rain,Snowy,3,4,Reckless Driving
4836ce25,11/26/24,14:43,"Paris, France",-9.722883,-105.367963,Storm,Icy,5,0,Speeding
3391789d,6/12/24,5:29,"New York, USA",-37.035535,-29.988342,Hail,Dry,4,9,Weather Conditions
06d69ed0,4/16/24,7:02,"Berlin, Germany",-17.378473,143.389792,Hail,Wet,4,1,Drunk Driving
175a9f45,10/25/24,3:19,"Berlin, Germany",12.340981,81.746616,Hail,Wet,3,2,Speeding
dababa2c,9/19/24,7:55,"Toronto, Canada",40.362938,-178.718133,Fog,Dry,4,9,Mechanical Failure
d01d70bb,11/9/24,18:28,"Toronto, Canada",74.072342,20.525994,Hail,Snowy,3,1,Mechanical Failure
987af7ba,7/15/24,8:11,"Mumbai, India",51.9331,-141.542588,Clear,Dry,1,10,Weather Conditions
596e5dd5,7/21/24,19:40,"Tokyo, Japan",-17.236848,-175.183099,Hail,Wet,5,3,Drunk Driving
1471232a,2/26/23,17:30,"New York, USA",16.721808,-157.897818,Fog,Icy,1,4,Mechanical Failure
c52d2ecf,4/11/24,6:59,"Sydney, Australia",61.813267,10.896125,Storm,Under Construction,2,8,Speeding
893c49c0,9/28/24,3:07,"Beijing, China",-45.298407,88.987519,Storm,Under Construction,4,6,Speeding
82795f1f,3/8/23,11:40,"Paris, France",-2.452828,29.261126,Fog,Dry,3,5,Mechanical Failure
677a421b,9/11/23,1:12,"Berlin, Germany",89.76616,41.89585,Hail,Snowy,3,4,Reckless Driving
22d22d11,2/28/23,9:49,"Mumbai, India",-0.01858,-107.681054,Storm,Snowy,1,3,Distracted Driving
204f8b05,5/27/24,18:56,"New York, USA",65.141419,153.997871,Storm,Dry,1,1,Weather Conditions
65a19c61,12/24/24,17:47,"Beijing, China",-83.137976,16.361868,Storm,Wet,4,0,Drunk Driving
b95feaaf,7/14/23,7:38,"Paris, France",-34.91222,-123.292395,Snow,Snowy,3,3,Weather Conditions
175866d8,5/19/23,6:52,"London, UK",-15.619683,154.48231,Storm,Wet,2,7,Weather Conditions
b171dfdb,11/5/24,6:10,"Mumbai, India",-18.296207,-154.54968,Fog,Dry,5,3,Speeding
f8c9b0e4,5/11/23,5:32,"Berlin, Germany",41.052334,-118.443163,Fog,Gravel,1,2,Distracted Driving
01413ee8,10/21/23,18:52,"Paris, France",-17.153611,96.161576,Fog,Dry,1,9,Distracted Driving
d3db9d80,4/28/23,20:54,"Sydney, Australia",33.882226,-117.194202,Storm,Wet,4,7,Distracted Driving
01b0f1a9,3/3/24,21:35,"Toronto, Canada",-54.737039,177.509333,Fog,Gravel,1,2,Mechanical Failure
9511c5fb,5/16/23,13:47,"New York, USA",-30.701074,157.185046,Fog,Snowy,1,9,Speeding
d74d214b,2/7/23,13:35,"Paris, France",86.988657,35.132561,Clear,Wet,5,2,Drunk Driving
f67252ff,6/27/24,14:54,"Beijing, China",19.337186,-5.86908,Clear,Dry,4,4,Weather Conditions
2dca593f,5/24/23,16:46,"New York, USA",50.670264,-135.061592,Hail,Icy,5,0,Mechanical Failure
836bca3e,1/22/24,6:02,"Toronto, Canada",-3.20392,-60.164037,Clear,Dry,1,4,Mechanical Failure
1c16498e,1/27/24,16:40,"Beijing, China",19.712749,-151.346343,Rain,Under Construction,1,4,Speeding
fed27cdc,5/23/23,0:06,"New York, USA",-80.076112,-52.791497,Hail,Wet,3,2,Speeding
ecc29042,12/10/23,19:48,"Toronto, Canada",22.423206,-50.79823,Fog,Dry,1,3,Weather Conditions
a207355b,8/2/24,22:52,"Paris, France",6.474235,135.779843,Clear,Gravel,4,9,Speeding
e99e883f,12/29/23,5:42,"Toronto, Canada",86.167006,54.432389,Hail,Snowy,1,5,Drunk Driving
11f29b87,9/22/24,1:13,"New York, USA",69.235592,-126.873471,Hail,Snowy,5,3,Speeding
c06af02c,9/25/24,6:27,"Toronto, Canada",75.28003,116.563931,Rain,Wet,5,2,Drunk Driving
c0d4cad1,1/28/24,12:54,"Sydney, Australia",-40.425439,153.286258,Fog,Wet,1,2,Distracted Driving
5e54ed61,3/22/23,16:19,"Toronto, Canada",82.668439,14.370371,Storm,Snowy,5,6,Drunk Driving
90f621fb,3/31/23,20:54,"Berlin, Germany",-5.583785,-5.692105,Fog,Under Construction,5,5,Mechanical Failure
71e992c0,7/20/23,2:02,"Toronto, Canada",-75.49155,124.312901,Snow,Dry,2,0,Reckless Driving
9d64f18a,7/5/24,12:09,"Mumbai, India",23.476387,-163.416884,Snow,Icy,5,8,Mechanical Failure
be9727e2,5/17/23,23:39,"Sydney, Australia",-21.019797,-50.745271,Clear,Gravel,1,2,Weather Conditions
d5007353,12/28/24,0:37,"Mumbai, India",-64.430564,2.432568,Snow,Snowy,1,7,Distracted Driving
687bda59,4/27/23,13:06,"New York, USA",-44.502133,-81.216808,Rain,Icy,3,10,Speeding
a238d825,8/17/24,5:57,"Mumbai, India",-61.070346,-59.346748,Clear,Gravel,4,7,Reckless Driving
6b8bdc52,11/19/23,1:30,"Beijing, China",-28.659599,2.660972,Fog,Dry,5,3,Distracted Driving
d213278d,1/27/23,15:38,"Mumbai, India",73.240553,75.67716,Snow,Under Construction,2,10,Drunk Driving
65e04b23,1/21/23,16:37,"Sydney, Australia",-20.388926,13.085283,Rain,Icy,1,10,Speeding
f64f3166,6/23/23,3:23,"Paris, France",87.425821,75.698552,Storm,Under Construction,5,9,Speeding
b5319052,10/22/24,16:01,"Sydney, Australia",-51.541123,109.673507,Snow,Gravel,4,10,Speeding
6b9c7f41,5/11/23,1:01,"New York, USA",79.290956,22.466548,Fog,Snowy,3,0,Reckless Driving
79729153,11/27/23,13:40,"Paris, France",-37.241856,32.859789,Hail,Icy,4,9,Distracted Driving
a808c122,12/7/23,17:22,"Mumbai, India",68.067868,-11.579428,Fog,Under Construction,1,1,Drunk Driving
069a8f03,5/8/23,16:32,"New York, USA",-84.873021,39.228898,Fog,Under Construction,2,0,Drunk Driving
c620e356,5/7/23,19:56,"Sydney, Australia",-52.182336,-12.425471,Rain,Icy,2,2,Distracted Driving
18814fba,3/2/23,22:23,"Paris, France",27.487865,103.605922,Clear,Snowy,2,4,Weather Conditions
7ac78572,11/30/23,18:53,"Tokyo, Japan",-46.737603,85.313148,Rain,Wet,2,8,Weather Conditions
a7647a08,8/14/24,23:57,"Berlin, Germany",24.073272,-118.85988,Rain,Under Construction,1,8,Distracted Driving
71ead5a5,10/18/23,9:24,"Tokyo, Japan",24.083283,91.366909,Clear,Gravel,4,0,Drunk Driving
72c9bf85,2/4/23,9:10,"New York, USA",-40.274602,-155.9028,Hail,Wet,4,1,Mechanical Failure
9e8a734b,6/30/23,3:39,"Paris, France",-42.69476,-48.157367,Snow,Snowy,5,9,Mechanical Failure
709170d6,4/27/24,23:00,"Mumbai, India",52.217524,-177.644858,Snow,Snowy,5,4,Drunk Driving
78fee46b,2/15/23,7:33,"Beijing, China",81.107383,-96.375473,Rain,Snowy,2,9,Drunk Driving
80575023,12/27/24,9:36,"London, UK",0.619895,-104.566376,Hail,Under Construction,1,7,Drunk Driving
fffbe5ff,1/14/23,18:22,"London, UK",-3.750173,5.08609,Hail,Snowy,1,7,Distracted Driving
c603b7b1,3/28/24,18:37,"Berlin, Germany",-44.569007,-144.213306,Clear,Snowy,5,3,Mechanical Failure
f2ec0930,3/13/24,1:21,"London, UK",3.920904,70.820619,Fog,Under Construction,5,6,Mechanical Failure
501770cc,3/4/23,22:37,"Tokyo, Japan",2.562802,-39.594765,Hail,Gravel,2,8,Speeding
a648962a,1/7/23,22:43,"Berlin, Germany",-88.967804,-55.877903,Clear,Icy,2,6,Reckless Driving
2d902298,8/24/24,5:41,"Beijing, China",-79.475473,171.288943,Fog,Snowy,3,10,Reckless Driving
dcc75a3e,9/30/24,18:06,"Sydney, Australia",-54.020845,121.36719,Hail,Under Construction,5,7,Distracted Driving
957f76d5,11/24/23,23:20,"Sydney, Australia",-71.19632,30.582659,Hail,Under Construction,2,4,Mechanical Failure
a2a55bd2,4/7/23,12:58,"Sydney, Australia",73.06006,-164.354377,Rain,Snowy,1,0,Mechanical Failure
1025d5a2,6/29/23,16:10,"Sydney, Australia",-28.101718,124.757628,Snow,Snowy,1,5,Distracted Driving
c37152f6,5/19/24,16:57,"London, UK",-28.920246,86.937548,Clear,Under Construction,5,2,Reckless Driving
d7a7c46e,1/2/23,13:10,"Beijing, China",-64.069762,-147.371068,Snow,Dry,3,7,Mechanical Failure
0fd08090,6/8/24,16:16,"Sydney, Australia",34.1697,-16.383916,Storm,Snowy,1,5,Mechanical Failure
6e6b14d7,5/31/24,11:40,"Mumbai, India",-63.858626,-41.32978,Hail,Under Construction,4,5,Reckless Driving
a0c883c1,6/9/24,11:01,"London, UK",-22.705291,13.791572,Hail,Dry,5,0,Distracted Driving
042d9471,3/7/24,11:34,"Tokyo, Japan",6.109671,170.548239,Clear,Under Construction,5,6,Mechanical Failure
47f1f1a1,11/1/23,18:57,"Berlin, Germany",-2.278384,19.945615,Snow,Wet,5,3,Reckless Driving
a7322191,9/17/24,21:43,"Paris, France",-83.592855,62.099437,Fog,Icy,4,3,Speeding
a596067e,10/14/24,3:30,"Sydney, Australia",18.860347,75.836555,Rain,Gravel,3,8,Speeding
eab67247,2/1/23,7:51,"Paris, France",-10.523795,16.743171,Fog,Wet,2,9,Weather Conditions
585fe794,12/24/23,18:47,"Berlin, Germany",89.285344,140.495635,Storm,Snowy,4,1,Weather Conditions
28507cca,6/1/23,8:19,"Sydney, Australia",37.228384,56.485129,Clear,Wet,3,9,Weather Conditions
a6035482,4/6/24,15:29,"Toronto, Canada",80.05574,-35.581838,Fog,Under Construction,1,4,Reckless Driving
29df9eb5,1/10/23,23:44,"Beijing, China",85.42276,-21.881266,Clear,Gravel,4,3,Reckless Driving
559bcdc4,11/19/23,20:49,"Mumbai, India",-44.79596,155.798813,Storm,Dry,4,1,Weather Conditions
a6578abc,2/5/23,3:18,"New York, USA",2.158274,-106.886013,Rain,Gravel,4,9,Mechanical Failure
00332c5a,1/16/23,18:15,"Toronto, Canada",-14.536961,141.60511,Hail,Icy,4,4,Distracted Driving
209470d1,12/16/24,9:53,"Tokyo, Japan",-38.867741,32.117159,Fog,Snowy,1,6,Weather Conditions
dbcacd51,6/6/24,18:28,"New York, USA",88.840843,135.650175,Clear,Dry,1,5,Weather Conditions
6dafb1be,4/26/23,15:02,"Mumbai, India",-57.691427,116.652513,Fog,Dry,4,6,Speeding
4a78f5ad,4/11/24,14:02,"Paris, France",-11.496054,-52.452335,Hail,Dry,5,1,Mechanical Failure
c456a647,10/9/24,23:10,"Beijing, China",11.153624,-77.063588,Storm,Snowy,1,2,Weather Conditions
ccbad7cf,5/22/23,10:33,"Tokyo, Japan",43.720748,108.921338,Hail,Dry,2,5,Mechanical Failure
d2fd17da,10/5/24,10:17,"London, UK",-40.463201,-79.154233,Hail,Wet,5,4,Speeding
3eb1386d,9/29/24,3:32,"Beijing, China",48.185987,134.188538,Clear,Gravel,4,3,Distracted Driving
158e12ed,2/24/23,5:06,"Tokyo, Japan",-71.581627,-44.769792,Clear,Gravel,3,8,Distracted Driving
3c06d3eb,7/12/24,0:15,"Berlin, Germany",-9.471952,117.287287,Snow,Dry,3,6,Weather Conditions
dcdeac2b,7/12/24,15:38,"New York, USA",-6.155838,98.384137,Storm,Snowy,5,4,Speeding
17cecf63,6/27/23,14:46,"Mumbai, India",59.887881,172.898349,Clear,Under Construction,1,9,Speeding
9ed96d09,2/12/24,23:56,"London, UK",-87.987544,-82.175761,Snow,Dry,3,4,Mechanical Failure
5e3eec1d,12/11/23,20:04,"Beijing, China",-8.893741,3.497614,Storm,Icy,2,3,Mechanical Failure
c26b5e05,2/12/24,16:55,"Toronto, Canada",9.143923,-59.184674,Hail,Dry,2,2,Reckless Driving
63d18fcc,3/14/24,0:37,"Berlin, Germany",-68.10124,-55.887223,Clear,Under Construction,3,4,Reckless Driving
65f5b82c,1/27/23,2:01,"London, UK",-31.925804,-169.644462,Hail,Under Construction,1,5,Mechanical Failure
b16f8e7e,6/22/23,1:54,"Beijing, China",48.7595,-13.151358,Clear,Snowy,2,0,Distracted Driving
bdf0b17e,1/11/23,13:18,"New York, USA",55.177615,-37.381916,Hail,Under Construction,2,10,Mechanical Failure
136443df,2/6/24,2:18,"Tokyo, Japan",43.250609,-16.805983,Storm,Wet,2,1,Drunk Driving
7d521cf4,10/22/24,19:23,"Tokyo, Japan",21.560188,-152.008524,Hail,Gravel,1,10,Weather Conditions
fa8c83f7,7/27/24,18:00,"Sydney, Australia",26.513615,153.248718,Fog,Under Construction,5,7,Weather Conditions
9fa8c271,7/7/24,5:32,"Mumbai, India",-75.823521,-42.844888,Fog,Dry,3,8,Drunk Driving
20182510,9/5/23,0:44,"Berlin, Germany",21.418586,30.533117,Storm,Snowy,5,7,Drunk Driving
0b4b7c7f,11/26/23,15:54,"Beijing, China",-14.28809,46.25532,Rain,Wet,5,2,Drunk Driving
f822f510,9/12/23,6:49,"Paris, France",-60.300471,130.69639,Clear,Wet,4,10,Distracted Driving
8367ad5f,11/24/23,5:19,"Berlin, Germany",73.447507,-107.852774,Rain,Dry,2,9,Weather Conditions
be884250,8/10/24,20:06,"Berlin, Germany",-79.482911,36.984467,Clear,Wet,4,7,Drunk Driving
998375ee,1/29/24,1:51,"Tokyo, Japan",-23.578536,94.950291,Storm,Dry,2,4,Speeding
6f61c4fc,5/29/23,5:38,"Sydney, Australia",-24.308234,-131.480399,Rain,Gravel,2,5,Reckless Driving
e792aaf9,4/27/23,11:04,"Mumbai, India",5.832432,-90.319234,Hail,Gravel,1,1,Weather Conditions
52d028b5,12/20/23,9:14,"Beijing, China",-86.366496,86.670747,Clear,Icy,4,9,Distracted Driving
fd050317,6/9/23,17:09,"Mumbai, India",-33.264114,-162.072272,Hail,Gravel,4,3,Reckless Driving
fa65383d,4/13/24,1:59,"Toronto, Canada",-16.763778,140.13056,Storm,Under Construction,1,6,Distracted Driving
4d554d46,6/6/23,1:39,"Mumbai, India",80.68323,-44.986363,Clear,Under Construction,3,0,Drunk Driving
0264f0b3,12/8/24,2:05,"Sydney, Australia",9.166539,-0.288851,Storm,Under Construction,3,7,Speeding
b6419abe,3/1/23,19:09,"Toronto, Canada",-37.959605,-22.371555,Rain,Wet,3,6,Distracted Driving
f5d2c5e8,11/14/23,3:22,"Paris, France",-80.27793,-150.292825,Storm,Wet,1,4,Weather Conditions
34db4aec,7/20/23,12:39,"New York, USA",17.462684,7.590672,Fog,Gravel,3,5,Mechanical Failure
323bca90,4/9/23,19:38,"Mumbai, India",8.762266,119.438177,Storm,Icy,4,10,Drunk Driving
5fdd997c,12/26/23,20:19,"New York, USA",1.917533,62.181159,Hail,Dry,1,4,Speeding
ffb5e456,1/17/23,8:06,"Berlin, Germany",19.583873,149.240689,Clear,Icy,3,5,Distracted Driving
94ffbd84,6/20/24,4:47,"Mumbai, India",-65.37899,-25.87312,Rain,Snowy,3,2,Weather Conditions
528a5529,11/11/24,19:46,"New York, USA",-88.357846,177.677853,Clear,Under Construction,3,4,Mechanical Failure
8e6bdeea,1/7/23,23:23,"New York, USA",0.810309,-10.084823,Clear,Wet,3,8,Drunk Driving
05105f39,1/31/24,10:17,"Tokyo, Japan",-23.578215,100.392337,Rain,Gravel,2,8,Distracted Driving
3cd6f892,9/13/24,12:47,"London, UK",-28.665464,72.874686,Fog,Snowy,4,9,Mechanical Failure
584ecf6e,1/8/23,16:39,"New York, USA",-20.310083,137.667918,Storm,Wet,4,0,Reckless Driving
816011b6,4/2/23,0:02,"Beijing, China",-35.319661,-142.836426,Rain,Gravel,1,4,Mechanical Failure
c4dde692,1/13/24,5:27,"Toronto, Canada",70.615633,-116.840316,Clear,Dry,1,4,Speeding
e25629a7,5/27/24,14:27,"London, UK",-57.279552,-121.994694,Hail,Icy,5,6,Speeding
8d566b19,4/16/23,6:02,"Sydney, Australia",84.155727,-144.849598,Rain,Icy,2,1,Speeding
3341e03a,12/27/23,15:39,"Mumbai, India",89.756529,160.475904,Clear,Gravel,5,10,Speeding
39952017,4/30/23,22:50,"Mumbai, India",-32.428697,169.47491,Clear,Snowy,4,2,Drunk Driving
f76c83d7,4/4/24,0:21,"Mumbai, India",14.250419,133.106449,Fog,Icy,3,3,Mechanical Failure
11c1e4a0,5/1/24,2:40,"Berlin, Germany",85.717071,30.700665,Snow,Under Construction,5,7,Distracted Driving
fabc24f5,11/11/24,16:48,"New York, USA",51.768033,172.948077,Storm,Gravel,2,10,Mechanical Failure
07ebaf03,10/29/24,7:35,"New York, USA",76.626769,71.309311,Storm,Dry,1,0,Speeding
03d76a05,2/5/24,14:49,"Toronto, Canada",1.307476,-125.104502,Snow,Under Construction,1,10,Drunk Driving
6313b76e,7/4/23,20:09,"Berlin, Germany",-19.244353,-64.74051,Hail,Under Construction,4,6,Reckless Driving
339bf216,7/8/23,2:22,"New York, USA",62.675588,-14.502433,Snow,Icy,5,3,Distracted Driving
0e26a4b0,10/15/24,17:40,"Berlin, Germany",43.206805,-159.416418,Clear,Snowy,4,8,Distracted Driving
e1369d8b,11/21/23,17:30,"Toronto, Canada",-0.970392,-32.177501,Clear,Under Construction,3,10,Speeding
9e0124ad,1/1/23,20:01,"Beijing, China",-55.778751,-131.004269,Snow,Icy,5,0,Reckless Driving
b8a53cc6,8/25/23,23:12,"New York, USA",40.624562,-129.328224,Hail,Under Construction,4,0,Weather Conditions
a7ac64f2,3/7/24,16:30,"Beijing, China",73.031599,-110.622875,Storm,Wet,5,6,Distracted Driving
8cf4d673,1/12/24,4:59,"Mumbai, India",53.407429,-6.520786,Clear,Icy,2,5,Drunk Driving
a3f4deeb,1/21/23,6:04,"Toronto, Canada",-70.291628,6.842402,Snow,Wet,2,5,Distracted Driving
1c871887,12/17/23,1:49,"Sydney, Australia",32.047013,160.262263,Storm,Icy,2,0,Speeding
e75a718d,8/10/24,11:35,"Toronto, Canada",-15.543837,-36.902069,Snow,Icy,1,5,Weather Conditions
9d515bfa,8/6/23,22:12,"Paris, France",75.67877,20.506501,Clear,Under Construction,2,9,Drunk Driving
22566cb3,2/20/24,14:55,"Toronto, Canada",68.946066,60.284674,Storm,Gravel,4,9,Speeding
b008d58a,4/11/23,1:14,"Sydney, Australia",-60.74092,155.548302,Clear,Dry,1,10,Drunk Driving
688208b0,9/18/24,13:22,"Paris, France",27.892739,111.043459,Hail,Under Construction,2,0,Reckless Driving
3af93679,2/4/24,1:41,"Sydney, Australia",-33.623029,12.063348,Clear,Wet,2,7,Mechanical Failure
42b85109,2/26/24,23:31,"Paris, France",61.311547,11.349452,Clear,Gravel,5,4,Weather Conditions
c954cb80,6/14/23,22:45,"London, UK",44.969696,112.947996,Fog,Snowy,3,1,Drunk Driving
8f02b997,11/26/24,2:45,"Mumbai, India",40.634542,-61.688411,Hail,Gravel,1,5,Distracted Driving
5c72e08e,9/13/24,7:18,"New York, USA",-45.915754,51.873917,Hail,Icy,4,8,Mechanical Failure
07ceb12a,9/23/23,21:01,"Toronto, Canada",-5.403234,2.828133,Hail,Dry,4,3,Mechanical Failure
676e68a2,11/3/24,13:39,"Sydney, Australia",-27.905507,-76.140772,Clear,Snowy,4,2,Mechanical Failure
f7ef556f,5/1/23,8:31,"New York, USA",14.103152,142.72717,Rain,Wet,2,0,Drunk Driving
0be39046,8/25/23,11:22,"Tokyo, Japan",37.074507,22.838249,Fog,Under Construction,1,8,Drunk Driving
7630d0e5,5/15/24,7:44,"Paris, France",70.404558,75.211807,Fog,Gravel,5,7,Distracted Driving
912aec85,9/5/23,15:29,"Berlin, Germany",-54.970427,46.886958,Clear,Snowy,1,7,Reckless Driving
56ca98fa,1/20/24,8:29,"Sydney, Australia",-70.287733,-53.466628,Hail,Gravel,5,0,Reckless Driving
dc88f90f,2/22/23,20:52,"New York, USA",36.891887,135.362424,Clear,Gravel,3,5,Speeding
d720f996,3/29/24,14:26,"Toronto, Canada",18.491536,-172.217775,Snow,Dry,3,0,Drunk Driving
8725ea6e,1/2/23,10:59,"Paris, France",85.210243,39.846224,Hail,Wet,3,7,Drunk Driving
0cb5bb92,1/19/23,1:30,"Paris, France",46.425326,14.737194,Rain,Icy,5,1,Speeding
2194fd8d,9/15/23,14:08,"Toronto, Canada",29.313997,157.921679,Storm,Under Construction,5,2,Reckless Driving
9334f1d0,10/7/24,0:51,"Paris, France",75.223157,-83.013464,Rain,Wet,2,7,Distracted Driving
63172b59,10/23/24,10:30,"Beijing, China",-75.775825,-52.600766,Storm,Under Construction,1,1,Mechanical Failure
c37a6928,8/4/24,1:56,"Mumbai, India",-70.072099,-31.108497,Fog,Icy,1,7,Distracted Driving
a8bdc9dc,2/20/23,10:30,"Tokyo, Japan",10.638108,99.344349,Storm,Dry,5,4,Reckless Driving
b0bdf204,8/30/23,14:03,"Beijing, China",-18.398957,-36.914143,Rain,Gravel,3,5,Distracted Driving
a3f7eea6,3/9/23,6:55,"Berlin, Germany",-5.586796,31.552444,Clear,Gravel,4,4,Mechanical Failure
7244bf93,4/3/24,17:17,"Paris, France",86.161715,9.058276,Snow,Gravel,2,1,Weather Conditions
fa37dc8b,8/28/23,0:03,"New York, USA",61.660105,49.522964,Snow,Wet,1,2,Weather Conditions
2bb2a69f,5/28/23,10:59,"Mumbai, India",83.085372,93.380455,Snow,Under Construction,3,3,Mechanical Failure
5e748fa1,9/21/24,4:44,"London, UK",80.262248,171.968417,Fog,Dry,4,4,Reckless Driving
c144c4ad,4/25/24,3:53,"Beijing, China",78.64441,-129.137114,Hail,Gravel,2,8,Mechanical Failure
90d9a82f,7/23/23,12:25,"New York, USA",-70.28657,5.541065,Clear,Wet,4,6,Mechanical Failure
f8270d7d,12/29/24,4:04,"Tokyo, Japan",-41.002246,35.696362,Snow,Under Construction,3,10,Weather Conditions
6500a0b5,9/25/24,8:34,"Mumbai, India",-26.628645,94.915591,Storm,Under Construction,5,3,Speeding
4d7bab8e,4/8/23,4:22,"Tokyo, Japan",42.968077,-176.157753,Rain,Under Construction,1,5,Reckless Driving
69bd8fed,8/17/23,10:11,"Mumbai, India",80.038188,125.732514,Hail,Under Construction,3,1,Drunk Driving
8d1acfd1,10/26/23,12:34,"London, UK",-72.622152,170.052584,Hail,Under Construction,4,0,Mechanical Failure
72946860,5/18/23,13:15,"Tokyo, Japan",-63.965281,-158.021413,Rain,Gravel,5,2,Distracted Driving
595de65f,2/24/23,15:57,"Tokyo, Japan",-46.075292,-154.193133,Snow,Dry,5,10,Drunk Driving
80b65b7d,1/4/23,5:10,"Mumbai, India",22.927846,60.887944,Snow,Snowy,3,6,Distracted Driving
a7625301,11/10/24,0:23,"Toronto, Canada",47.380763,115.363346,Rain,Snowy,2,8,Weather Conditions
4068b9a4,5/4/24,12:46,"Paris, France",-51.335499,178.88549,Storm,Snowy,4,7,Mechanical Failure
27040393,5/30/24,5:34,"Toronto, Canada",-7.544244,-16.97116,Hail,Wet,1,7,Mechanical Failure
ff594419,4/26/23,8:01,"Sydney, Australia",-54.100257,-54.977619,Storm,Gravel,5,1,Speeding
704ef8d7,7/9/24,11:11,"Beijing, China",62.354141,45.55104,Fog,Snowy,5,9,Distracted Driving
cfeeca86,7/28/24,22:09,"Paris, France",-33.325389,138.691706,Hail,Gravel,2,8,Weather Conditions
dcaa4c77,1/7/23,6:45,"London, UK",-67.225288,-27.231016,Hail,Wet,3,3,Speeding
b34de79e,3/10/24,12:34,"Paris, France",-66.56159,-90.427183,Rain,Wet,5,0,Drunk Driving
57beff87,8/31/24,20:03,"Sydney, Australia",-26.744506,-138.833234,Storm,Under Construction,1,3,Weather Conditions
95114640,12/6/23,17:16,"Beijing, China",-4.326055,-68.739617,Rain,Snowy,5,2,Mechanical Failure
cce9be83,6/12/24,6:18,"Mumbai, India",-43.998501,-113.488683,Rain,Icy,3,4,Reckless Driving
c6e87116,6/22/24,8:36,"London, UK",10.857599,156.482431,Storm,Under Construction,4,1,Mechanical Failure
12cadcde,8/30/24,12:38,"Sydney, Australia",39.326901,19.584027,Hail,Dry,3,0,Drunk Driving
2355803f,3/7/23,6:01,"Toronto, Canada",34.154676,58.139537,Rain,Dry,1,1,Distracted Driving
b8f46f49,12/24/24,3:21,"Berlin, Germany",10.849214,-55.272941,Snow,Under Construction,3,5,Distracted Driving
1cb8a753,10/19/24,18:04,"Tokyo, Japan",15.25247,105.867395,Storm,Snowy,4,7,Weather Conditions
8b5b4e9a,7/2/24,4:21,"Tokyo, Japan",-58.135013,-101.427657,Rain,Under Construction,1,1,Drunk Driving
09a9ab36,3/23/24,0:54,"Sydney, Australia",-68.408952,-42.168474,Clear,Gravel,2,3,Mechanical Failure
1310ce75,3/25/24,8:04,"Sydney, Australia",15.802215,116.959749,Fog,Gravel,4,8,Reckless Driving
1cfbad02,3/26/23,11:47,"Tokyo, Japan",-6.578823,-59.060699,Hail,Under Construction,2,10,Mechanical Failure
4fa0f4e9,4/24/24,6:09,"Mumbai, India",88.306708,-161.763333,Snow,Gravel,5,2,Speeding
3fa8aa49,5/16/24,13:33,"Sydney, Australia",40.4822,-16.577375,Snow,Icy,5,5,Speeding
26eb0a59,2/3/24,3:14,"Berlin, Germany",-1.087548,37.788696,Storm,Icy,3,5,Mechanical Failure
bd4c3e07,5/12/24,17:47,"New York, USA",57.02175,36.263821,Storm,Gravel,5,1,Speeding
215346d5,12/7/24,19:46,"Sydney, Australia",-72.487343,32.840596,Clear,Wet,3,4,Distracted Driving
9d774946,3/14/24,3:46,"Berlin, Germany",5.119203,83.03048,Snow,Dry,5,9,Drunk Driving
96d6ba96,7/13/24,10:56,"Sydney, Australia",-51.009675,-104.075547,Storm,Wet,1,2,Reckless Driving
59ff3497,7/3/24,0:01,"Paris, France",65.66156,-5.364747,Fog,Gravel,3,8,Mechanical Failure
456f909b,4/24/23,6:12,"London, UK",-16.680537,-77.520005,Fog,Gravel,3,8,Speeding
3301f291,2/15/24,0:17,"Toronto, Canada",-16.092916,-3.669723,Hail,Dry,4,0,Drunk Driving
9f1785a4,5/16/23,14:26,"Sydney, Australia",-62.227141,105.047046,Snow,Icy,3,1,Weather Conditions
9f951e8c,7/31/23,11:34,"Mumbai, India",57.94136,100.621642,Fog,Icy,3,1,Mechanical Failure
2f756261,5/24/24,7:21,"Toronto, Canada",-88.11945,3.764511,Storm,Icy,1,0,Distracted Driving
736cf655,1/11/23,7:00,"Tokyo, Japan",-40.056824,-91.535387,Snow,Icy,3,5,Reckless Driving
c91f3197,9/30/24,12:26,"Mumbai, India",-58.395755,91.947837,Snow,Dry,4,6,Distracted Driving
490c720e,2/22/24,6:28,"Toronto, Canada",-29.140422,77.223071,Hail,Icy,2,4,Weather Conditions
0f05bd9c,6/9/23,16:29,"London, UK",71.221286,9.443915,Snow,Under Construction,3,3,Distracted Driving
44ac7627,5/11/23,6:14,"Tokyo, Japan",-70.297799,-72.407171,Fog,Dry,4,7,Weather Conditions
a54f63f2,4/15/24,5:40,"Berlin, Germany",68.15861,-173.729942,Hail,Gravel,3,7,Reckless Driving
70930baf,9/20/23,21:19,"Sydney, Australia",21.321051,-75.800631,Snow,Gravel,1,8,Drunk Driving
c3cc2756,1/10/24,9:03,"London, UK",86.316934,178.179184,Fog,Under Construction,1,8,Distracted Driving
fa2e7eb0,9/26/23,11:32,"Toronto, Canada",71.690641,-152.282837,Hail,Under Construction,1,1,Drunk Driving
e713fe41,5/31/23,19:22,"Paris, France",-86.564859,-122.138939,Storm,Gravel,3,8,Reckless Driving
811741b5,5/9/23,15:03,"Toronto, Canada",-63.483469,16.609947,Snow,Snowy,2,9,Mechanical Failure
66c2e576,10/17/23,22:06,"Toronto, Canada",38.836194,16.650383,Hail,Icy,5,5,Reckless Driving
b71a624c,12/29/23,2:37,"Tokyo, Japan",53.52957,129.276769,Snow,Icy,1,1,Drunk Driving
fb35f79e,5/6/23,20:05,"Mumbai, India",43.442549,-3.912448,Fog,Icy,3,0,Distracted Driving
f23eef1d,8/12/23,1:46,"Sydney, Australia",-59.380774,121.982819,Snow,Snowy,5,0,Speeding
954cb680,3/19/23,11:36,"Paris, France",77.104014,130.691768,Hail,Snowy,5,8,Speeding
2.72E+26,6/20/24,21:43,"Sydney, Australia",43.256317,95.041091,Snow,Icy,2,10,Distracted Driving
a3d799df,7/20/24,3:10,"Mumbai, India",36.95156,155.053571,Hail,Gravel,1,3,Reckless Driving
65d9671e,4/18/23,0:23,"Berlin, Germany",15.421081,38.209517,Hail,Under Construction,5,3,Drunk Driving
4b32e2d3,10/25/24,13:08,"New York, USA",80.698556,-28.645022,Hail,Dry,4,6,Speeding
bea1520f,10/15/24,23:42,"Tokyo, Japan",31.896613,-168.403333,Rain,Wet,3,5,Weather Conditions
8a5b2e8f,5/18/24,3:20,"Paris, France",-80.715844,37.010456,Fog,Under Construction,4,9,Speeding
8d761881,1/17/24,21:42,"Mumbai, India",52.084064,61.180973,Snow,Gravel,5,2,Reckless Driving
399a9549,6/8/24,4:47,"Berlin, Germany",-6.221136,17.841985,Hail,Icy,2,10,Mechanical Failure
fb2bcc14,4/18/24,16:39,"New York, USA",-88.683396,-172.832964,Snow,Icy,4,4,Weather Conditions
b9727310,10/9/23,7:15,"New York, USA",-79.280997,122.46461,Fog,Icy,3,1,Speeding
d0c26a53,9/14/24,20:17,"Tokyo, Japan",65.811371,94.047018,Clear,Wet,4,8,Weather Conditions
b41542f6,2/17/23,18:20,"London, UK",-7.004368,16.454137,Fog,Gravel,2,2,Drunk Driving
8ad4ed52,11/1/23,3:22,"Paris, France",-26.86002,-137.287343,Clear,Wet,4,0,Speeding
edb6b582,12/14/23,16:49,"Berlin, Germany",1.765595,-174.930017,Rain,Under Construction,4,7,Speeding
29a9bab8,3/30/24,12:37,"Berlin, Germany",-43.68801,77.84773,Storm,Under Construction,1,1,Mechanical Failure
8d40a22f,12/21/23,16:17,"Beijing, China",64.113914,113.839485,Clear,Dry,4,6,Reckless Driving
264fe810,1/8/23,7:53,"London, UK",-52.151558,132.380559,Storm,Wet,4,2,Drunk Driving
532b94f4,10/28/24,14:05,"Toronto, Canada",0.186554,-159.808806,Snow,Gravel,3,9,Weather Conditions
2e7dd56c,4/10/24,4:24,"Mumbai, India",-70.589071,-42.304257,Rain,Snowy,2,9,Reckless Driving
a9512906,11/3/24,19:45,"Paris, France",-53.816998,122.763453,Fog,Snowy,3,1,Drunk Driving
0fe0054c,12/4/24,23:48,"New York, USA",-35.426475,-120.120947,Rain,Gravel,1,8,Speeding
76bb3ff9,6/8/24,9:24,"Toronto, Canada",-12.951056,131.17939,Snow,Icy,4,3,Weather Conditions
69b4a48a,6/7/23,5:29,"Toronto, Canada",-38.371235,141.442728,Clear,Wet,5,0,Reckless Driving
8c3575df,2/26/24,13:46,"Berlin, Germany",9.187036,69.547408,Clear,Icy,2,9,Mechanical Failure
418d5d84,2/20/23,7:14,"Sydney, Australia",28.853719,-139.8673,Storm,Icy,1,3,Weather Conditions
b1d6d6d0,12/23/24,7:48,"Paris, France",39.923833,-178.855331,Hail,Under Construction,2,3,Weather Conditions
0db34ea3,1/7/24,22:11,"Sydney, Australia",43.970329,167.2549,Rain,Snowy,3,0,Distracted Driving
0961c5bf,10/13/24,14:53,"Berlin, Germany",25.630846,46.127717,Rain,Wet,5,1,Drunk Driving
2ec85d79,12/17/24,0:31,"London, UK",-33.970993,70.934392,Snow,Dry,4,7,Drunk Driving
a64ee46c,5/14/24,8:32,"Beijing, China",-11.490959,98.040835,Snow,Dry,4,9,Speeding
de0922d2,2/16/24,4:03,"New York, USA",13.108188,-176.677878,Hail,Dry,4,9,Weather Conditions
976bc753,4/19/23,11:03,"London, UK",-55.704368,4.795916,Storm,Wet,5,4,Reckless Driving
3a5b849f,5/13/24,11:56,"Berlin, Germany",6.850253,137.715976,Hail,Under Construction,5,2,Drunk Driving
403e6398,3/29/24,8:49,"Tokyo, Japan",-86.087793,-117.561811,Rain,Dry,3,4,Drunk Driving
f3c1aa1d,7/29/23,14:15,"Sydney, Australia",9.737259,148.408831,Fog,Under Construction,5,2,Reckless Driving
4b5ccd3c,5/19/23,13:54,"Berlin, Germany",-17.427926,118.20147,Rain,Dry,4,5,Speeding
98f45b9c,10/20/24,5:10,"Beijing, China",57.534073,73.673922,Storm,Under Construction,4,6,Mechanical Failure
2f634581,12/24/24,22:08,"Tokyo, Japan",-16.71606,-96.532301,Clear,Under Construction,2,10,Speeding
3c1de60d,12/26/23,7:27,"Berlin, Germany",5.998239,1.998101,Rain,Icy,1,3,Mechanical Failure
54e6a360,1/3/24,0:23,"Sydney, Australia",-2.945416,138.90277,Hail,Dry,4,9,Mechanical Failure
9f54d96d,10/26/24,16:10,"New York, USA",40.114783,-92.494744,Hail,Gravel,5,0,Distracted Driving
2beff629,10/5/24,21:35,"Paris, France",-17.488569,113.183026,Fog,Gravel,4,3,Distracted Driving
2e34aa81,6/21/24,7:17,"New York, USA",87.037002,135.771061,Rain,Under Construction,4,2,Weather Conditions
eda03097,9/4/24,9:02,"Beijing, China",75.467032,-160.377815,Clear,Snowy,2,0,Weather Conditions
6c1b4b7b,11/29/24,0:30,"Tokyo, Japan",-16.764963,104.156105,Rain,Snowy,2,0,Distracted Driving
6890093b,3/26/24,3:52,"Tokyo, Japan",9.88684,-58.655061,Snow,Under Construction,5,9,Distracted Driving
5fe2aac3,2/5/23,11:34,"Beijing, China",23.045101,116.907801,Rain,Gravel,3,5,Reckless Driving
f54451e0,7/31/24,12:08,"Sydney, Australia",63.569835,-93.049526,Snow,Icy,1,9,Reckless Driving
7d2d8d1c,3/20/24,18:52,"Tokyo, Japan",40.353214,95.379203,Snow,Dry,2,6,Mechanical Failure
d3f7ac4e,6/8/23,9:24,"Toronto, Canada",-35.697326,-162.473354,Storm,Wet,2,6,Weather Conditions
e5147b22,10/6/23,11:17,"Mumbai, India",-18.139385,-41.207391,Rain,Under Construction,5,5,Reckless Driving
f3548784,6/8/23,15:57,"Mumbai, India",-43.526876,26.821378,Rain,Under Construction,4,1,Distracted Driving
182a9d84,8/29/24,11:26,"Sydney, Australia",-2.957867,163.177479,Storm,Gravel,3,8,Weather Conditions
fcec51cd,3/19/24,4:38,"New York, USA",-78.271748,72.194795,Fog,Gravel,5,6,Drunk Driving
76a04907,10/12/24,4:50,"New York, USA",-58.223642,175.636824,Fog,Wet,2,3,Distracted Driving
14a026e2,6/9/24,5:56,"Beijing, China",43.1419,139.491548,Rain,Under Construction,2,4,Speeding
116639b3,5/30/24,12:51,"Tokyo, Japan",87.783413,11.107813,Hail,Dry,3,10,Speeding
29c566c5,5/2/23,6:31,"Mumbai, India",19.547143,-136.962743,Fog,Gravel,4,1,Distracted Driving
63fd03ef,8/26/24,12:21,"Sydney, Australia",-69.204874,141.01718,Clear,Gravel,5,10,Reckless Driving
9b54ca5f,11/18/23,3:22,"Sydney, Australia",-85.216822,178.121493,Clear,Dry,4,7,Drunk Driving
3579857,12/2/24,7:23,"Paris, France",43.979771,-49.047265,Fog,Icy,5,9,Mechanical Failure
e1ff1099,2/9/23,11:39,"Toronto, Canada",16.088124,64.416941,Storm,Snowy,2,7,Distracted Driving
1c727440,8/28/23,9:16,"Sydney, Australia",88.035957,149.808362,Snow,Gravel,2,2,Drunk Driving
4e57567c,12/13/24,18:53,"Tokyo, Japan",-34.133941,139.199664,Fog,Icy,2,4,Drunk Driving
6fbae06b,3/21/24,9:48,"Toronto, Canada",8.935234,-139.932932,Snow,Gravel,5,0,Weather Conditions
58878e8b,2/9/24,23:55,"London, UK",-1.782182,-120.080548,Rain,Gravel,4,4,Distracted Driving
50ec6fe4,9/15/23,6:46,"Paris, France",-56.152048,75.869911,Fog,Icy,3,8,Weather Conditions
8303dabb,9/24/24,17:54,"Beijing, China",-58.153761,130.974442,Snow,Gravel,2,6,Distracted Driving
6ea4a29c,2/28/23,17:00,"Tokyo, Japan",-42.545154,-40.10175,Fog,Wet,2,1,Weather Conditions
dbe3eacd,11/25/24,10:34,"Toronto, Canada",-20.686742,70.018224,Fog,Wet,1,6,Reckless Driving
4d2acbce,8/22/24,1:49,"Tokyo, Japan",-82.905801,179.371393,Snow,Wet,5,2,Reckless Driving
34f59fb7,7/9/24,21:18,"Beijing, China",-81.389519,-32.844041,Snow,Dry,1,6,Drunk Driving
2ae92763,6/10/23,11:57,"Tokyo, Japan",41.112903,126.17292,Clear,Snowy,3,6,Drunk Driving
d5ffcba6,7/19/24,22:21,"Toronto, Canada",-77.678067,154.032937,Fog,Dry,4,5,Speeding
0bad9bf2,8/23/24,5:43,"Sydney, Australia",38.862366,48.791446,Rain,Wet,1,7,Speeding
67b54701,4/15/24,16:19,"Paris, France",-48.776259,34.301307,Rain,Under Construction,1,10,Reckless Driving
bba3e007,11/18/24,3:02,"New York, USA",42.315115,9.634155,Hail,Snowy,3,1,Weather Conditions
847b0d41,3/1/23,6:49,"Tokyo, Japan",58.256445,-109.91496,Rain,Wet,5,4,Mechanical Failure
31ab4fa0,8/27/23,13:29,"Paris, France",70.087322,109.189126,Fog,Icy,3,9,Distracted Driving
07c28ca4,3/9/24,3:33,"New York, USA",26.284819,-113.943596,Snow,Wet,2,6,Weather Conditions
992e2c47,10/15/23,3:34,"Mumbai, India",2.564317,-108.300224,Storm,Wet,2,9,Drunk Driving
9cc19114,1/8/24,3:51,"Tokyo, Japan",27.043398,84.378643,Storm,Wet,5,1,Reckless Driving
409aff24,3/5/24,15:49,"London, UK",51.910406,-102.394688,Snow,Under Construction,3,4,Distracted Driving
2c841ae1,11/13/23,23:48,"London, UK",-45.977353,-22.610493,Clear,Dry,4,0,Mechanical Failure
f88a1a03,1/8/24,8:34,"Beijing, China",1.584593,120.227406,Storm,Icy,5,2,Distracted Driving
72246382,11/2/23,17:28,"Mumbai, India",-31.329359,-45.6207,Storm,Snowy,2,9,Mechanical Failure
66bac444,4/8/23,22:15,"Mumbai, India",-12.195531,-131.831728,Hail,Snowy,5,9,Reckless Driving
e2b3f9a0,11/26/24,7:16,"Paris, France",88.119254,130.167765,Storm,Snowy,5,2,Drunk Driving
ec40df19,2/23/24,1:27,"London, UK",23.865292,13.686495,Storm,Icy,3,5,Mechanical Failure
c74edeaf,3/5/23,17:24,"Beijing, China",-30.240437,144.813784,Snow,Dry,5,9,Weather Conditions
50d96e11,11/12/24,12:53,"Paris, France",-26.933003,-118.213411,Storm,Wet,5,2,Mechanical Failure
dd28d595,11/22/24,23:47,"Mumbai, India",30.995232,56.737444,Hail,Icy,2,5,Speeding
d7565ec8,6/8/24,14:43,"Toronto, Canada",-21.815075,23.984925,Clear,Wet,2,6,Distracted Driving
9bd893da,2/16/23,13:45,"Paris, France",73.435921,101.528973,Clear,Snowy,5,5,Distracted Driving
304c5d3b,6/11/23,13:33,"Berlin, Germany",42.857163,121.749528,Snow,Wet,5,5,Speeding
a8400760,10/26/24,14:00,"Toronto, Canada",-50.81316,36.015471,Rain,Icy,1,2,Drunk Driving
8890f2e8,9/24/23,8:38,"New York, USA",-48.407422,-100.184321,Storm,Gravel,3,9,Reckless Driving
2da811fd,10/26/23,14:57,"Paris, France",40.307721,129.742695,Hail,Snowy,4,0,Mechanical Failure
edd1f7fd,2/22/23,19:39,"Paris, France",-48.51257,113.523272,Fog,Dry,2,9,Weather Conditions
f2a0c83e,2/12/23,21:20,"Toronto, Canada",25.929707,146.348972,Snow,Wet,4,4,Weather Conditions
2.69E+51,2/9/24,3:01,"London, UK",-70.832431,-9.464888,Snow,Dry,1,5,Drunk Driving
eb7e4429,6/30/23,5:01,"London, UK",41.520326,-31.677726,Hail,Wet,3,7,Weather Conditions
38fe4279,10/5/24,22:54,"London, UK",17.649401,108.575765,Clear,Wet,2,5,Speeding
f11ebadf,7/11/24,11:42,"Beijing, China",70.813911,-100.2181,Rain,Icy,3,0,Drunk Driving
24e534e0,2/9/23,4:40,"Tokyo, Japan",-36.18644,93.509603,Hail,Snowy,1,0,Drunk Driving
e23f295f,10/26/24,5:33,"London, UK",-84.663745,-69.10472,Snow,Dry,5,6,Mechanical Failure
4844ca6d,10/9/23,1:23,"Sydney, Australia",-33.463257,-64.581715,Clear,Dry,1,2,Distracted Driving
d9e07e6a,11/29/23,17:44,"Sydney, Australia",-46.975743,-76.326545,Snow,Under Construction,5,3,Mechanical Failure
601368aa,9/12/24,5:58,"New York, USA",55.448334,109.370501,Hail,Dry,2,9,Drunk Driving
6140982b,3/17/23,9:13,"Sydney, Australia",-20.01787,92.526831,Storm,Gravel,1,7,Weather Conditions
60b73b79,3/27/23,10:05,"Paris, France",-39.156038,174.762067,Storm,Dry,4,10,Weather Conditions
bf22cd99,12/9/23,19:41,"Mumbai, India",-30.969138,164.186858,Rain,Wet,1,10,Drunk Driving
b623cd2b,2/13/23,0:15,"New York, USA",39.48595,-51.158524,Storm,Icy,3,4,Speeding
8ca53f67,8/6/23,5:38,"Beijing, China",79.048607,15.394739,Snow,Under Construction,4,6,Drunk Driving
6e555c9c,9/19/24,4:07,"Toronto, Canada",-69.921755,-12.670602,Rain,Snowy,4,2,Reckless Driving
28f0e933,4/23/24,17:15,"Tokyo, Japan",73.270002,60.690647,Rain,Gravel,4,3,Distracted Driving
6fa82fc3,9/17/24,18:40,"Sydney, Australia",49.916725,-143.332611,Clear,Wet,5,7,Weather Conditions
dc922621,2/14/23,20:50,"New York, USA",-4.808599,121.017181,Fog,Gravel,2,0,Reckless Driving
9fb2eeac,3/1/24,8:20,"Sydney, Australia",-83.033254,123.448549,Snow,Gravel,4,8,Weather Conditions
2121706,2/22/23,18:20,"Berlin, Germany",-66.373251,27.292858,Fog,Wet,2,8,Speeding
cf9e30ce,10/29/24,13:28,"Sydney, Australia",-11.717673,-134.070881,Clear,Gravel,4,8,Drunk Driving
60918d72,7/29/23,9:37,"Tokyo, Japan",21.942944,120.647269,Storm,Icy,4,7,Distracted Driving
22224fa1,12/13/24,5:18,"Berlin, Germany",66.322901,-116.946168,Rain,Gravel,2,4,Drunk Driving
c20375ab,1/23/23,18:07,"London, UK",-46.109671,-56.371666,Snow,Gravel,4,4,Drunk Driving
7852399,9/17/23,4:22,"Beijing, China",61.84286,-95.345872,Storm,Icy,3,6,Distracted Driving
a515c6d7,10/24/23,16:04,"Mumbai, India",76.496027,37.371241,Hail,Dry,3,3,Speeding
838d4e8e,8/8/24,17:40,"Sydney, Australia",9.52235,-167.85964,Fog,Wet,2,5,Distracted Driving
176862cb,6/9/24,15:28,"Beijing, China",-50.459447,-24.849171,Snow,Snowy,4,8,Reckless Driving
0d6f017f,9/30/23,21:44,"Tokyo, Japan",-18.221065,-128.228767,Hail,Gravel,5,9,Mechanical Failure
a1b7cf39,7/24/23,0:59,"Mumbai, India",70.14582,165.340802,Clear,Dry,5,0,Reckless Driving
2ddab44c,8/14/24,10:09,"Tokyo, Japan",-4.333678,9.746652,Rain,Gravel,2,5,Speeding
2e10c721,12/16/24,17:32,"New York, USA",34.297118,19.587098,Hail,Under Construction,3,1,Speeding
9053b0da,1/4/24,15:02,"Paris, France",10.406157,-86.110458,Rain,Gravel,3,4,Speeding
53f69c6d,8/24/23,0:13,"Toronto, Canada",-34.292838,-138.663187,Fog,Dry,5,8,Reckless Driving
bade926f,1/13/24,22:44,"Berlin, Germany",17.916349,-166.329937,Rain,Icy,4,4,Drunk Driving
442e5807,8/14/23,6:35,"Mumbai, India",-11.428346,38.613361,Hail,Icy,2,8,Weather Conditions
d6a2dffd,11/13/23,15:04,"Tokyo, Japan",45.475351,90.708239,Rain,Snowy,2,8,Reckless Driving
2973c0e0,12/26/24,19:10,"Paris, France",42.290749,-150.956762,Rain,Wet,3,10,Weather Conditions
e4545e40,12/20/24,13:50,"Sydney, Australia",22.808144,92.960411,Clear,Icy,5,2,Reckless Driving
aae5e5f0,10/28/23,17:02,"New York, USA",64.27604,-52.445107,Fog,Gravel,5,0,Mechanical Failure
30399640,11/5/24,8:38,"Paris, France",-78.691571,87.457367,Hail,Icy,1,9,Weather Conditions
0c0041a7,1/31/23,12:01,"Beijing, China",-4.798913,-64.803474,Fog,Wet,4,3,Weather Conditions
9a759791,7/13/24,13:54,"Sydney, Australia",84.578992,9.240888,Storm,Icy,4,9,Weather Conditions
9fc2ffa6,7/27/24,12:35,"Toronto, Canada",-22.938631,-60.344755,Clear,Dry,4,1,Speeding
2e4ea46c,5/12/23,4:03,"Paris, France",68.90881,-35.721536,Clear,Gravel,2,0,Weather Conditions
69a8c67c,4/9/23,16:11,"Tokyo, Japan",20.654639,175.722279,Clear,Icy,5,6,Mechanical Failure
ddf2d768,3/11/23,12:13,"Toronto, Canada",-15.185281,-48.641851,Rain,Dry,5,4,Mechanical Failure
37b00979,11/7/23,16:47,"Toronto, Canada",-3.273933,-39.6455,Storm,Gravel,1,6,Reckless Driving
d509b124,6/8/23,17:03,"Sydney, Australia",82.854868,-27.675449,Snow,Gravel,4,10,Drunk Driving
483a40ec,12/20/24,21:17,"Tokyo, Japan",65.891713,-71.193815,Hail,Dry,1,8,Mechanical Failure
304f7ec8,3/3/23,19:30,"Sydney, Australia",0.813654,164.995209,Fog,Under Construction,5,5,Drunk Driving
592dae9f,9/22/23,1:57,"Sydney, Australia",-28.596991,-156.391159,Clear,Under Construction,2,10,Speeding
c6a1f441,5/10/23,7:49,"Tokyo, Japan",0.522679,147.401273,Clear,Icy,5,5,Weather Conditions
050ac882,4/23/24,16:05,"Sydney, Australia",-82.148365,106.205589,Clear,Gravel,3,6,Reckless Driving
951cb3c1,2/3/24,23:32,"New York, USA",0.042725,90.628129,Storm,Gravel,3,5,Reckless Driving
ec3908bb,7/18/23,12:42,"London, UK",-52.260547,12.313349,Hail,Gravel,1,8,Distracted Driving
76d164b3,6/26/23,5:22,"Berlin, Germany",68.65827,-166.797453,Snow,Dry,3,0,Drunk Driving
3972edc5,5/21/23,3:48,"Tokyo, Japan",-80.762404,-100.407103,Hail,Wet,4,6,Distracted Driving
7a768c35,1/25/23,17:57,"London, UK",-19.601636,-32.927203,Snow,Gravel,3,3,Reckless Driving
f1ea6faf,10/10/24,18:40,"Toronto, Canada",55.361592,-82.758591,Rain,Snowy,1,8,Weather Conditions
fdae181f,7/5/24,15:02,"London, UK",-10.893668,154.980859,Snow,Icy,5,9,Reckless Driving
90128bcf,4/25/23,9:33,"Toronto, Canada",-3.658837,-117.159005,Hail,Gravel,5,10,Drunk Driving
163b377e,1/3/24,16:40,"Mumbai, India",33.008439,70.893918,Fog,Gravel,4,5,Mechanical Failure
a83af109,5/5/23,9:20,"Beijing, China",-51.14253,-21.773424,Fog,Wet,5,10,Drunk Driving
3be1c675,12/16/23,13:23,"Toronto, Canada",-88.942784,-30.800421,Fog,Snowy,3,5,Mechanical Failure
d20e05c4,9/14/24,7:22,"Paris, France",6.921978,24.910834,Storm,Icy,5,6,Drunk Driving
d63840a2,4/17/24,1:31,"Berlin, Germany",-5.390429,-152.515675,Fog,Snowy,3,4,Speeding
1b0d030f,10/5/24,17:37,"New York, USA",-5.724871,-64.768301,Rain,Icy,3,8,Speeding
efd4d07a,9/4/24,22:53,"Sydney, Australia",17.968626,96.206304,Storm,Dry,4,6,Mechanical Failure
3b04ce24,7/29/23,4:41,"Beijing, China",37.52412,-56.758936,Storm,Under Construction,5,6,Mechanical Failure
97dc307c,6/3/23,8:14,"Mumbai, India",63.821725,116.360779,Hail,Snowy,4,0,Drunk Driving
ad4fb23f,8/12/24,8:10,"Berlin, Germany",27.121107,-119.092023,Rain,Wet,2,7,Drunk Driving
95e2e9eb,10/10/23,9:08,"Berlin, Germany",68.632747,35.165455,Fog,Wet,3,7,Weather Conditions
bc71c80a,1/10/23,20:29,"Mumbai, India",-80.063172,-44.369269,Rain,Snowy,3,2,Mechanical Failure
62c39168,5/19/23,18:23,"Beijing, China",-40.074707,-73.195971,Storm,Wet,3,1,Weather Conditions
3b8f6855,2/28/23,18:36,"New York, USA",8.097806,-121.044409,Snow,Dry,5,1,Mechanical Failure
53b5839f,12/27/24,9:08,"Sydney, Australia",53.869595,-124.940249,Hail,Wet,5,5,Weather Conditions
c56a09e5,3/13/24,17:12,"Berlin, Germany",-20.099949,57.764549,Storm,Dry,4,3,Mechanical Failure
c1ab8cd5,8/30/24,23:09,"Berlin, Germany",-64.97509,29.077937,Hail,Under Construction,2,0,Reckless Driving
0dc8af4a,11/24/24,20:19,"Beijing, China",-26.757497,18.127402,Snow,Under Construction,3,8,Reckless Driving
783878b9,6/20/24,13:39,"Tokyo, Japan",25.631918,110.076937,Clear,Wet,3,1,Mechanical Failure
48b47384,2/1/24,10:21,"London, UK",-21.750212,-122.86643,Rain,Icy,3,10,Mechanical Failure
b3c1be71,3/22/24,1:17,"Paris, France",17.219545,-136.410993,Hail,Wet,4,7,Drunk Driving
6d028ff1,11/13/23,17:16,"Toronto, Canada",80.814276,-118.875498,Storm,Dry,3,1,Reckless Driving
0d6195af,6/12/23,16:35,"Paris, France",64.625756,-41.83103,Fog,Icy,4,4,Reckless Driving
a0082b2f,6/1/23,2:57,"Berlin, Germany",-49.503928,-87.39487,Fog,Icy,1,1,Weather Conditions
63542b57,2/22/23,15:11,"Beijing, China",81.836085,132.41367,Snow,Gravel,4,3,Weather Conditions
77ae49c3,9/12/23,20:50,"Beijing, China",-32.044726,-91.967819,Storm,Under Construction,4,8,Speeding
56ed4f3e,9/21/24,7:54,"New York, USA",79.620735,86.599811,Snow,Gravel,3,4,Reckless Driving
773373ff,12/1/23,0:37,"New York, USA",-44.186308,-164.759393,Snow,Dry,5,1,Weather Conditions
05b21cc1,2/2/23,6:12,"Sydney, Australia",72.227816,-35.654976,Fog,Snowy,3,9,Mechanical Failure
4475711b,8/28/23,12:12,"Paris, France",35.841486,-128.735691,Clear,Wet,5,0,Mechanical Failure
a741b441,1/7/23,22:21,"Paris, France",4.9231,-110.2313,Rain,Icy,4,10,Weather Conditions
de525473,5/19/24,2:20,"Paris, France",27.954909,-108.901883,Hail,Under Construction,2,10,Mechanical Failure
2a2e709c,6/22/24,18:39,"Mumbai, India",21.47513,-38.090051,Storm,Dry,5,0,Weather Conditions
8488f48b,12/1/24,4:11,"New York, USA",27.9196,-71.593911,Storm,Gravel,3,6,Distracted Driving
9a58baeb,8/14/24,8:03,"Mumbai, India",32.702015,120.259656,Rain,Gravel,1,5,Drunk Driving
3b4161cc,3/1/24,19:14,"New York, USA",38.535432,-84.47231,Rain,Under Construction,4,4,Distracted Driving
b6d687cd,5/16/23,0:41,"Mumbai, India",-16.967753,173.94913,Snow,Gravel,5,9,Distracted Driving
fcb42b50,5/17/24,19:53,"New York, USA",-75.218001,4.284832,Hail,Under Construction,1,6,Reckless Driving
fab48115,5/12/24,23:47,"Toronto, Canada",2.095118,-99.057274,Hail,Wet,2,2,Drunk Driving
0424fefb,1/15/23,18:00,"Sydney, Australia",-81.920961,20.927371,Rain,Dry,5,4,Drunk Driving
40f2cd67,3/19/23,17:18,"Beijing, China",14.756809,-100.579586,Snow,Wet,3,0,Drunk Driving
4cb5a03b,8/17/23,21:23,"Sydney, Australia",-21.057414,17.232232,Storm,Icy,3,7,Speeding
72f8cfe1,11/16/23,11:43,"London, UK",-45.328267,177.501898,Storm,Gravel,3,5,Speeding
c009c586,9/13/23,3:55,"Berlin, Germany",86.824839,143.126872,Rain,Snowy,3,1,Reckless Driving
7f10b814,10/1/24,8:51,"Paris, France",-63.948614,-18.405157,Rain,Dry,1,6,Mechanical Failure
4273d6ba,7/12/24,16:54,"Beijing, China",9.72969,165.296901,Clear,Under Construction,5,1,Mechanical Failure
e160b21c,7/18/23,3:59,"Paris, France",17.03662,-46.190821,Rain,Snowy,5,5,Speeding
69fa528f,11/20/24,18:41,"Mumbai, India",-5.099777,-138.897027,Fog,Wet,2,1,Speeding
72ff558d,6/13/24,22:15,"Paris, France",-83.396895,-11.313617,Rain,Dry,5,7,Drunk Driving
909c746d,4/14/23,22:06,"Sydney, Australia",-10.424972,-43.770162,Storm,Gravel,1,3,Speeding
46a8d2e8,4/14/23,1:55,"Sydney, Australia",83.262532,-130.227529,Rain,Icy,5,9,Mechanical Failure
5044d84c,7/6/24,3:40,"London, UK",-75.197424,-71.025888,Hail,Dry,1,8,Drunk Driving
17d48809,2/20/23,8:19,"Tokyo, Japan",11.262819,-105.772156,Storm,Wet,4,10,Reckless Driving
818e19c3,5/20/24,12:14,"Sydney, Australia",-63.401755,-0.157813,Rain,Dry,4,6,Speeding
7cf4c097,9/30/23,13:56,"Beijing, China",-3.389612,-102.490962,Clear,Dry,5,0,Weather Conditions
0b5e5e2f,3/24/24,17:02,"Sydney, Australia",-38.935009,-118.754943,Clear,Icy,5,7,Drunk Driving
77ab0f83,7/20/23,6:49,"Mumbai, India",-35.808745,-127.647014,Storm,Dry,1,6,Mechanical Failure
f1cae406,5/24/24,12:31,"Berlin, Germany",-21.998223,-137.167416,Snow,Dry,5,8,Reckless Driving
fb5aded5,7/10/24,9:19,"London, UK",86.809361,149.394818,Snow,Under Construction,3,0,Reckless Driving
81178b42,8/21/24,0:05,"Paris, France",18.887064,-154.349163,Storm,Dry,5,4,Distracted Driving
45b2c1d0,4/16/24,11:16,"New York, USA",-39.26567,-59.649574,Clear,Gravel,2,10,Weather Conditions
1b2c1f97,9/8/23,12:01,"Mumbai, India",80.846117,-28.332003,Rain,Under Construction,4,0,Speeding
aae2f095,11/19/23,4:24,"Toronto, Canada",-66.947431,-153.954942,Snow,Under Construction,1,2,Speeding
5f6174aa,9/11/24,19:14,"Berlin, Germany",50.326059,-83.616242,Clear,Gravel,5,8,Reckless Driving
9fc787da,3/9/23,16:30,"Sydney, Australia",85.663589,-136.238724,Fog,Gravel,4,0,Reckless Driving
96ce8f85,11/17/24,21:48,"Toronto, Canada",47.445578,40.955092,Fog,Under Construction,4,1,Drunk Driving
eb1a4299,7/6/24,7:30,"Mumbai, India",-68.625403,39.432133,Clear,Under Construction,5,3,Reckless Driving
6242a968,1/20/23,3:35,"Berlin, Germany",-67.382418,68.847946,Snow,Wet,3,9,Mechanical Failure
30811881,2/22/24,11:49,"Toronto, Canada",32.80533,-72.534843,Storm,Dry,1,10,Drunk Driving
fa261ba9,2/28/23,11:12,"Toronto, Canada",40.852191,-61.31799,Snow,Under Construction,2,3,Weather Conditions
602716f0,1/25/23,16:26,"Tokyo, Japan",89.299354,-130.41845,Snow,Snowy,2,4,Distracted Driving
2828c97e,2/22/23,21:22,"Beijing, China",-40.608063,-54.633081,Storm,Dry,4,5,Distracted Driving
114c2188,6/14/24,7:21,"Sydney, Australia",43.789786,132.555961,Clear,Dry,4,8,Weather Conditions
9288a699,3/11/24,13:19,"Toronto, Canada",-44.771405,-107.949594,Clear,Wet,5,10,Reckless Driving
7ac77570,8/13/23,11:40,"London, UK",-4.544936,166.764343,Storm,Dry,4,6,Distracted Driving
3f1dd313,6/13/24,12:03,"Mumbai, India",-14.19613,112.272843,Fog,Gravel,2,2,Reckless Driving
4c4630b1,11/18/23,16:34,"New York, USA",-79.976111,9.122584,Storm,Gravel,1,4,Weather Conditions
92370751,3/7/23,21:42,"Tokyo, Japan",-65.367071,-62.588366,Snow,Snowy,2,4,Mechanical Failure
204c93c6,8/22/23,20:10,"New York, USA",-62.695587,145.430115,Clear,Dry,2,4,Distracted Driving
9d34c694,4/21/23,7:30,"Beijing, China",15.324029,142.58694,Storm,Under Construction,1,5,Drunk Driving
7a75e1ae,4/2/23,16:04,"London, UK",-17.875058,-168.712839,Clear,Gravel,3,8,Reckless Driving
66059d3e,1/28/23,3:33,"Beijing, China",14.627485,51.185004,Clear,Icy,3,9,Drunk Driving
b9b10d97,1/12/23,16:18,"London, UK",-48.053151,85.83043,Hail,Snowy,2,7,Mechanical Failure
dc4c25c0,11/2/23,11:05,"New York, USA",58.05827,-17.553426,Rain,Wet,1,4,Speeding
c9bb968e,2/27/24,21:41,"Tokyo, Japan",-21.624375,80.188429,Rain,Wet,4,3,Weather Conditions
de3f53bd,6/24/24,22:53,"Beijing, China",71.727915,-10.370093,Storm,Snowy,4,2,Reckless Driving
5e17d9cf,8/12/23,3:34,"Berlin, Germany",-82.178061,-95.339309,Storm,Dry,3,9,Speeding
d66c794f,6/26/24,7:40,"Toronto, Canada",-50.49546,66.521111,Snow,Dry,1,8,Distracted Driving
33bd3b32,4/15/24,2:21,"Toronto, Canada",67.768872,120.494631,Rain,Under Construction,2,0,Weather Conditions
b8f6f35c,3/2/23,22:02,"Beijing, China",-72.230473,-2.934981,Storm,Wet,2,2,Reckless Driving
e27fd03e,7/11/24,16:47,"London, UK",-12.015595,-135.012008,Snow,Dry,2,3,Mechanical Failure
5dd938ac,9/28/23,20:49,"Mumbai, India",-29.350122,111.881667,Snow,Snowy,1,1,Weather Conditions
916bb48c,11/27/24,17:34,"Berlin, Germany",15.482334,-41.990439,Rain,Icy,5,0,Drunk Driving
aa1d8ce6,7/26/23,19:48,"New York, USA",10.660387,5.964981,Rain,Wet,1,5,Mechanical Failure
fb71380e,2/25/24,19:57,"Mumbai, India",12.230654,-89.298677,Fog,Wet,4,3,Weather Conditions
3750900a,12/13/24,19:03,"Toronto, Canada",-11.712905,95.399032,Hail,Snowy,5,3,Drunk Driving
7355305e,4/29/23,15:36,"Mumbai, India",-41.888039,124.810095,Rain,Snowy,2,3,Speeding
ec3751f2,5/21/24,1:36,"Tokyo, Japan",46.113736,-15.232922,Clear,Icy,2,9,Speeding
300bc5e3,1/4/24,15:10,"Toronto, Canada",-25.828757,-43.228398,Rain,Dry,2,7,Distracted Driving
4d6fcfab,11/18/23,22:00,"Paris, France",5.001853,110.654742,Storm,Icy,4,4,Speeding
efadf8b3,6/30/23,18:44,"Tokyo, Japan",-52.886692,161.063964,Storm,Snowy,3,5,Mechanical Failure
d038898c,6/27/23,17:18,"New York, USA",61.732941,116.219285,Fog,Dry,4,4,Speeding
9380bbea,5/10/23,20:24,"Mumbai, India",-79.946505,9.995674,Snow,Gravel,5,0,Speeding
e8250728,4/19/23,11:48,"Sydney, Australia",-29.53618,-108.856547,Clear,Icy,1,9,Drunk Driving
d653c202,4/17/24,1:12,"London, UK",89.138075,100.135353,Storm,Icy,4,2,Weather Conditions
2b18643b,3/28/23,9:22,"Sydney, Australia",1.842916,-1.308785,Storm,Wet,3,8,Reckless Driving
6da55ce7,11/27/24,15:08,"Beijing, China",-6.802656,179.930109,Snow,Icy,4,5,Drunk Driving
50ed725f,3/2/24,12:54,"Sydney, Australia",50.489235,-110.146036,Hail,Wet,3,8,Mechanical Failure
4eadd79c,2/18/24,11:56,"Mumbai, India",5.179035,-166.857904,Hail,Gravel,3,8,Weather Conditions
60fadb0f,8/24/24,6:31,"Berlin, Germany",46.324568,39.611132,Fog,Dry,2,3,Weather Conditions
c41181d2,10/10/24,13:54,"Berlin, Germany",-63.194198,179.494717,Snow,Wet,5,8,Reckless Driving
73eb23eb,10/12/23,3:39,"Beijing, China",4.747937,6.990693,Snow,Under Construction,4,0,Mechanical Failure
a40373df,4/18/24,7:34,"Berlin, Germany",-58.956361,-117.471609,Clear,Under Construction,4,5,Reckless Driving
f81681c4,6/26/23,8:45,"Beijing, China",47.885024,22.440126,Storm,Under Construction,2,10,Drunk Driving
efdd7fdd,12/24/24,18:30,"Berlin, Germany",26.58286,85.249195,Clear,Gravel,1,8,Speeding
7b411550,6/12/24,9:02,"Toronto, Canada",43.369558,-112.999764,Fog,Dry,3,2,Weather Conditions
80651087,11/13/23,9:44,"London, UK",40.285769,-25.244073,Snow,Icy,5,4,Weather Conditions
c2632c56,11/27/24,21:27,"New York, USA",72.192375,79.229132,Hail,Snowy,5,9,Drunk Driving
2daa58c0,4/2/23,12:09,"Berlin, Germany",-49.439969,105.609366,Rain,Wet,4,8,Distracted Driving
e4b132c3,12/4/24,6:19,"Sydney, Australia",-26.390381,117.203042,Snow,Under Construction,4,4,Drunk Driving
b4282f26,8/8/23,23:40,"Toronto, Canada",-36.770621,-157.21428,Clear,Dry,2,7,Distracted Driving
729cfe56,4/20/23,6:44,"Berlin, Germany",-70.508972,88.556561,Rain,Dry,3,1,Weather Conditions
da3259e3,8/18/24,20:27,"Sydney, Australia",11.109921,-65.512727,Clear,Icy,4,3,Reckless Driving
a0e8dc8f,3/4/24,4:16,"Paris, France",44.125927,-165.064514,Clear,Icy,5,4,Mechanical Failure
a5ee21f0,1/3/24,10:50,"Beijing, China",5.667436,-11.085338,Hail,Dry,5,4,Reckless Driving
e711e602,7/10/24,2:44,"Berlin, Germany",-15.039743,174.37062,Fog,Under Construction,4,3,Weather Conditions
552be07c,6/23/23,6:00,"Sydney, Australia",-70.085772,-175.533629,Hail,Snowy,2,1,Mechanical Failure
724a6912,10/5/24,20:07,"New York, USA",-32.548799,115.79836,Rain,Snowy,1,0,Weather Conditions
3ac090a2,11/8/23,22:42,"Beijing, China",-10.111283,113.782184,Snow,Wet,2,10,Speeding
783aae07,12/27/23,17:16,"New York, USA",-5.575011,-83.927102,Fog,Dry,3,2,Drunk Driving
9c2c21bd,10/21/24,11:52,"London, UK",46.746451,-111.07348,Storm,Dry,4,9,Weather Conditions
8e4c04ec,11/13/24,6:12,"Beijing, China",-36.415552,-71.200499,Hail,Wet,4,3,Weather Conditions
217d5b88,10/24/23,3:15,"Berlin, Germany",-30.757007,-118.140908,Storm,Snowy,3,8,Speeding
a49aaef5,11/28/23,11:17,"Paris, France",70.111536,-62.656019,Snow,Dry,1,7,Reckless Driving
786231df,3/3/24,13:54,"Mumbai, India",-28.734642,-146.846716,Storm,Under Construction,5,1,Speeding
bb716a94,2/15/23,9:18,"Sydney, Australia",2.31677,-63.069468,Rain,Under Construction,4,7,Weather Conditions
cdac76cd,3/8/23,14:50,"Tokyo, Japan",-35.445088,56.596809,Storm,Icy,3,10,Mechanical Failure
faadf4de,8/13/24,9:20,"Beijing, China",23.159683,5.503141,Hail,Icy,3,8,Distracted Driving
9fc92d6f,12/4/23,23:27,"Toronto, Canada",-11.260634,76.635414,Fog,Gravel,3,3,Mechanical Failure
47021d69,6/23/24,20:30,"Beijing, China",-13.883812,-116.79273,Clear,Dry,4,8,Mechanical Failure
3b6f2f76,11/27/24,7:55,"Berlin, Germany",-66.498843,33.565616,Snow,Dry,4,6,Mechanical Failure
fac469bd,7/28/24,13:48,"Berlin, Germany",44.698709,107.437156,Hail,Gravel,5,7,Mechanical Failure
0970565a,9/24/23,12:52,"Toronto, Canada",-7.802168,145.950167,Storm,Wet,2,3,Drunk Driving
0c9944d1,3/5/24,22:42,"New York, USA",0.682113,-5.616939,Hail,Dry,5,8,Drunk Driving
b7c65148,8/27/24,2:07,"Berlin, Germany",-69.03477,118.453179,Fog,Dry,2,3,Mechanical Failure
388625bd,8/4/24,15:42,"Toronto, Canada",-32.850279,18.99383,Clear,Gravel,1,2,Mechanical Failure
178e6868,7/12/23,20:59,"London, UK",57.552025,73.159955,Rain,Dry,2,2,Weather Conditions
294937aa,12/13/24,6:04,"Beijing, China",-70.851905,117.815729,Rain,Gravel,4,8,Weather Conditions
f0f20e92,3/9/24,2:56,"London, UK",-50.385283,-83.089479,Snow,Wet,3,1,Drunk Driving
c7f9146b,6/12/23,13:28,"Toronto, Canada",-22.267144,-168.737363,Hail,Snowy,4,6,Distracted Driving
191b691d,1/20/23,15:53,"Tokyo, Japan",-63.314874,83.707024,Fog,Under Construction,4,9,Mechanical Failure
acc2f7fa,5/8/24,18:04,"London, UK",5.773495,167.113733,Storm,Dry,5,3,Speeding
7c310fb3,12/29/24,18:34,"Tokyo, Japan",62.250533,-49.846205,Snow,Under Construction,2,6,Speeding
e3fcd7ad,6/11/23,9:39,"Mumbai, India",45.717956,105.99571,Fog,Gravel,3,2,Reckless Driving
ccf9f218,9/14/23,11:51,"New York, USA",-17.411427,9.119404,Storm,Dry,3,6,Weather Conditions
5c898862,5/1/23,21:22,"New York, USA",65.387206,-136.635059,Snow,Wet,1,2,Drunk Driving
7724779d,12/15/23,3:05,"Tokyo, Japan",27.51261,-97.720982,Fog,Icy,4,1,Drunk Driving
99d5cb59,4/20/23,23:32,"Mumbai, India",48.868684,4.867756,Fog,Snowy,5,6,Distracted Driving
c7c2431e,7/14/23,5:10,"New York, USA",69.814895,19.985013,Rain,Dry,5,5,Mechanical Failure
e6b9c647,10/12/24,17:05,"Beijing, China",11.52791,-55.11658,Fog,Dry,2,9,Drunk Driving
04c90853,12/28/23,13:32,"Paris, France",81.023587,177.110975,Rain,Snowy,2,3,Reckless Driving
3d0d94da,11/7/24,0:54,"Toronto, Canada",-84.696192,-58.483557,Clear,Snowy,1,0,Reckless Driving
f6e1f94c,10/14/24,13:35,"Mumbai, India",-82.311564,-159.336793,Fog,Icy,4,3,Weather Conditions
e9c1195a,7/18/24,16:48,"Paris, France",-75.599364,57.238065,Rain,Dry,3,5,Drunk Driving
c88cfecd,10/16/23,20:59,"Toronto, Canada",66.796241,81.060092,Fog,Icy,3,9,Mechanical Failure
313673f0,3/28/23,4:56,"Sydney, Australia",-60.161456,-37.797686,Fog,Snowy,3,9,Speeding
b5eb4a6f,7/28/23,17:00,"Paris, France",-58.825346,56.895959,Snow,Gravel,2,6,Distracted Driving
98a83469,1/20/24,13:23,"Sydney, Australia",41.049632,53.294241,Storm,Dry,5,4,Weather Conditions
d635898f,11/20/24,17:42,"Berlin, Germany",-51.194137,-15.438272,Hail,Under Construction,5,2,Weather Conditions
3838def0,1/21/23,6:25,"Berlin, Germany",79.704842,81.916257,Hail,Dry,5,5,Distracted Driving
9629cbe1,1/31/23,7:15,"New York, USA",85.748798,126.775132,Snow,Snowy,5,0,Drunk Driving
6bb93947,3/24/23,2:47,"Paris, France",51.791843,-141.777702,Hail,Icy,5,6,Reckless Driving
2bd5c5dd,1/6/23,23:55,"New York, USA",85.591021,-150.901436,Clear,Dry,2,5,Mechanical Failure
ce31fd5d,11/23/24,7:49,"Tokyo, Japan",70.349236,-98.769074,Fog,Icy,4,8,Speeding
2d331063,10/29/24,17:27,"Toronto, Canada",-74.12741,-41.443869,Storm,Gravel,2,2,Drunk Driving
e337cff2,2/5/24,8:33,"Mumbai, India",41.793041,-128.528623,Snow,Snowy,5,8,Weather Conditions
93dc87fb,11/24/24,7:03,"London, UK",10.261373,-115.320398,Fog,Gravel,5,0,Distracted Driving
2f75ea41,6/4/24,11:08,"Toronto, Canada",-82.365348,-155.739327,Hail,Dry,2,9,Reckless Driving
280aaa29,9/5/24,1:39,"Tokyo, Japan",62.445455,-150.74756,Clear,Wet,4,4,Mechanical Failure
1359b8de,7/19/24,6:57,"New York, USA",-41.784343,-120.810804,Fog,Wet,3,2,Drunk Driving
34968e7a,12/6/23,11:03,"Paris, France",46.584144,-2.990218,Hail,Dry,2,1,Reckless Driving
3077b2a8,2/11/24,11:59,"Tokyo, Japan",78.91852,-93.881524,Hail,Dry,2,5,Reckless Driving
06c5033f,11/27/24,21:25,"Berlin, Germany",-77.319067,64.847667,Clear,Icy,3,10,Distracted Driving
8e74c760,7/15/23,6:33,"Paris, France",71.947755,-130.329147,Clear,Dry,1,9,Distracted Driving
63b81f7c,10/19/24,1:10,"Paris, France",-18.906482,17.226516,Snow,Wet,3,10,Weather Conditions
fcc87a68,4/1/24,15:38,"Paris, France",-49.249463,178.180017,Snow,Snowy,1,10,Mechanical Failure
56bae3e8,7/19/24,4:38,"Sydney, Australia",21.380901,-136.95491,Rain,Gravel,2,1,Distracted Driving
6e8575ce,7/24/24,8:09,"New York, USA",33.119078,-173.948898,Fog,Snowy,3,10,Reckless Driving
601c806e,5/27/23,18:40,"Toronto, Canada",22.782997,58.894758,Snow,Wet,5,4,Weather Conditions
af227789,4/5/24,5:33,"Berlin, Germany",45.162705,-142.517824,Fog,Gravel,3,2,Distracted Driving
068152ef,3/17/23,4:47,"Tokyo, Japan",-83.832051,37.176544,Fog,Wet,4,4,Weather Conditions
366a8400,11/9/24,18:16,"Tokyo, Japan",-22.201845,24.933432,Hail,Under Construction,1,7,Drunk Driving
46eddaa1,6/16/23,6:16,"New York, USA",58.234675,22.403683,Rain,Dry,5,2,Mechanical Failure
c71d3058,3/25/23,10:17,"New York, USA",-87.903015,172.419162,Snow,Snowy,1,0,Reckless Driving
a0308b50,6/21/24,19:08,"New York, USA",-29.235689,-1.481557,Rain,Wet,4,7,Speeding
7bf7a760,7/17/24,21:58,"Tokyo, Japan",-81.50208,-133.525775,Hail,Wet,2,7,Weather Conditions
cfaaaf01,10/9/23,20:34,"London, UK",22.092705,67.937808,Hail,Icy,3,4,Drunk Driving
c15bfade,12/1/24,9:35,"Toronto, Canada",-29.501036,174.344063,Fog,Wet,1,10,Mechanical Failure
e28bbc62,2/25/24,7:18,"Tokyo, Japan",-5.830071,92.414441,Fog,Wet,5,10,Mechanical Failure
f99dfde6,7/12/24,21:25,"Beijing, China",54.645487,-168.559241,Fog,Icy,5,6,Reckless Driving
42d66bc5,6/24/23,12:38,"Beijing, China",52.011262,57.13075,Hail,Wet,5,7,Distracted Driving
9de31ea8,5/3/23,14:44,"Toronto, Canada",-43.58597,-6.066471,Storm,Icy,2,3,Speeding
9742362,3/17/24,14:32,"London, UK",-77.629698,81.453814,Rain,Wet,3,8,Distracted Driving
426c1faf,3/25/24,16:59,"Toronto, Canada",12.028985,-120.98246,Clear,Dry,1,2,Reckless Driving
cc9f47df,10/16/24,13:02,"Berlin, Germany",44.980156,27.473115,Fog,Under Construction,2,8,Distracted Driving
fb305a3f,4/30/23,18:13,"Sydney, Australia",18.741402,-79.028884,Hail,Dry,5,4,Weather Conditions
4d2ca118,1/11/24,6:11,"Beijing, China",76.41391,79.227291,Fog,Wet,2,1,Speeding
9f15a435,9/1/23,5:04,"Sydney, Australia",69.236708,-100.995554,Fog,Under Construction,1,1,Drunk Driving
a6301f56,10/23/23,14:54,"Sydney, Australia",-70.775839,131.631199,Storm,Wet,1,3,Reckless Driving
f7777b7c,2/9/23,2:42,"Toronto, Canada",-72.03261,-45.139131,Snow,Gravel,1,7,Reckless Driving
67781562,6/12/23,5:18,"Tokyo, Japan",-36.313672,-130.892308,Hail,Gravel,3,8,Weather Conditions
d45d7cf4,12/7/23,21:29,"Berlin, Germany",-58.226837,-160.767719,Snow,Dry,2,6,Drunk Driving
4.94E+13,3/4/24,7:49,"Beijing, China",-39.260215,-158.981348,Fog,Under Construction,4,7,Reckless Driving
bff8e1a5,2/10/23,0:00,"Toronto, Canada",-36.833726,-3.415956,Storm,Icy,5,10,Speeding
77d1d2b7,10/2/24,21:05,"Tokyo, Japan",-25.821908,41.286057,Clear,Dry,5,9,Mechanical Failure
ccf72a20,5/13/23,9:18,"London, UK",-68.222427,-98.711702,Storm,Wet,4,4,Distracted Driving
a81e0d15,12/12/24,15:34,"Beijing, China",-44.931045,-100.889526,Clear,Gravel,3,2,Mechanical Failure
670bb653,9/19/23,9:05,"Berlin, Germany",0.570504,-17.073008,Rain,Wet,1,8,Distracted Driving
b21647cc,6/17/23,18:36,"Beijing, China",6.154661,-122.83288,Fog,Under Construction,1,10,Drunk Driving
a899d680,5/26/23,8:59,"New York, USA",-38.431347,88.961197,Snow,Dry,1,1,Drunk Driving
f35cedad,6/25/23,13:44,"London, UK",-47.891249,43.525687,Hail,Dry,4,7,Mechanical Failure
06ceb291,7/15/23,10:32,"London, UK",-73.828093,136.479015,Hail,Dry,1,9,Reckless Driving
a9fc3200,10/17/24,18:43,"Sydney, Australia",35.940194,174.075135,Clear,Gravel,3,2,Weather Conditions
41a5cae2,8/20/23,13:04,"Paris, France",33.203375,-37.295368,Hail,Wet,1,3,Reckless Driving
07a18373,7/5/24,0:17,"London, UK",54.374658,-53.879069,Snow,Gravel,1,9,Weather Conditions
6dc3e176,9/18/24,4:46,"Tokyo, Japan",-55.036947,103.024422,Rain,Snowy,4,4,Reckless Driving
1ab6ebfd,4/26/23,21:40,"Paris, France",-4.304544,-27.624128,Clear,Under Construction,2,5,Distracted Driving
b39d8d82,5/22/23,7:17,"Berlin, Germany",24.178026,1.028456,Hail,Gravel,3,3,Drunk Driving
3a8aeb03,5/23/24,10:51,"Tokyo, Japan",-82.131554,154.372922,Storm,Wet,5,5,Mechanical Failure
3b776a86,7/19/24,4:55,"Sydney, Australia",32.747133,-39.277612,Clear,Dry,5,3,Distracted Driving
47de3ba4,9/3/23,21:19,"Beijing, China",22.467347,36.076016,Snow,Gravel,4,2,Reckless Driving
6d2726c6,1/9/23,19:37,"London, UK",-36.097787,7.001279,Clear,Wet,4,8,Speeding
45f8d11b,3/5/23,17:12,"Sydney, Australia",-51.794248,-163.928304,Clear,Dry,1,10,Distracted Driving
84810ac6,9/19/24,22:14,"London, UK",31.053969,150.70796,Hail,Gravel,5,2,Drunk Driving
437bbefb,6/8/24,5:55,"Tokyo, Japan",36.105219,-55.111473,Storm,Gravel,2,6,Distracted Driving
cca1ad0f,3/28/24,3:03,"Berlin, Germany",-45.388298,-77.65047,Snow,Icy,2,1,Reckless Driving
fab21e7c,9/24/24,20:29,"London, UK",-64.002397,-57.730991,Fog,Icy,1,5,Speeding
47a5e9af,10/25/24,1:52,"Paris, France",-62.940848,-53.967412,Snow,Icy,4,8,Weather Conditions
bd863dda,12/5/24,6:59,"Beijing, China",51.58131,139.61694,Fog,Under Construction,3,1,Mechanical Failure
0e6273ca,2/18/23,8:24,"Toronto, Canada",25.618742,57.207449,Fog,Wet,4,1,Mechanical Failure
ff51fc42,2/8/24,19:12,"Beijing, China",51.732931,-165.285287,Rain,Gravel,4,1,Distracted Driving
b775405b,6/6/23,14:00,"Sydney, Australia",65.64294,-112.942883,Hail,Dry,2,1,Speeding
359d6b1f,1/21/24,6:43,"Mumbai, India",85.472846,-146.787048,Snow,Dry,4,2,Distracted Driving
4574f716,11/27/23,0:38,"London, UK",74.402589,-90.731309,Rain,Under Construction,1,0,Distracted Driving
74abcd4c,9/6/24,15:50,"Mumbai, India",6.348433,21.92891,Storm,Icy,5,9,Drunk Driving
85482837,10/26/23,19:18,"Tokyo, Japan",53.88887,32.548055,Fog,Icy,4,7,Drunk Driving
7367c940,2/20/24,6:32,"New York, USA",-22.397521,132.436226,Rain,Icy,1,2,Distracted Driving
a0992293,5/10/23,14:47,"Paris, France",86.506472,-72.563087,Rain,Gravel,4,4,Speeding
3a002902,9/5/24,21:42,"Berlin, Germany",77.962818,136.465831,Snow,Snowy,5,0,Drunk Driving
f7331457,9/22/23,11:37,"Tokyo, Japan",-46.377908,-17.429855,Clear,Icy,5,7,Weather Conditions
defec7f1,9/1/24,3:37,"Paris, France",-56.083282,-114.094001,Clear,Gravel,4,4,Reckless Driving
d6715d98,1/4/24,23:54,"Mumbai, India",-40.685503,-45.19103,Fog,Wet,1,10,Distracted Driving
934cc772,1/13/24,0:47,"London, UK",-16.744557,81.880727,Storm,Wet,3,7,Drunk Driving
73b5e06b,3/5/23,6:15,"Berlin, Germany",-83.751252,-17.411159,Storm,Gravel,4,7,Reckless Driving
e75d1643,4/2/24,14:37,"Tokyo, Japan",-30.118533,111.932904,Storm,Under Construction,1,2,Mechanical Failure
3e9864ba,4/18/23,0:15,"London, UK",81.704169,-32.773923,Hail,Snowy,1,8,Speeding
8731657,2/2/24,21:42,"Sydney, Australia",-84.910408,-107.205127,Snow,Under Construction,3,8,Mechanical Failure
20d9da80,10/28/23,22:33,"London, UK",12.953069,66.630894,Snow,Under Construction,3,1,Drunk Driving
6b1c6279,9/19/23,10:29,"Beijing, China",-41.412955,164.586265,Storm,Icy,4,1,Distracted Driving
7639c04c,2/27/24,5:17,"New York, USA",-32.382072,-113.662592,Fog,Snowy,2,7,Drunk Driving
080f37b1,9/19/23,0:02,"Toronto, Canada",-64.719602,82.700229,Fog,Dry,5,10,Reckless Driving
43a73ae7,3/16/23,4:55,"Paris, France",81.570005,170.352148,Fog,Icy,4,8,Mechanical Failure
ac98048f,6/15/24,20:42,"Berlin, Germany",-89.099079,143.434545,Clear,Under Construction,1,10,Speeding
54b3a1cc,10/31/23,11:06,"New York, USA",61.460271,159.005329,Hail,Under Construction,4,10,Weather Conditions
34ac3d61,3/17/24,18:27,"Tokyo, Japan",-63.097583,-139.423652,Clear,Wet,5,9,Mechanical Failure
579b918f,9/18/24,14:52,"New York, USA",67.562659,-113.893025,Snow,Gravel,1,5,Drunk Driving
2de217b6,2/24/23,23:51,"New York, USA",22.197612,172.588911,Hail,Gravel,4,6,Distracted Driving
5b7418cb,1/26/24,16:01,"Toronto, Canada",-60.833355,-108.454054,Fog,Snowy,1,9,Reckless Driving
28d58cba,3/9/24,1:15,"London, UK",-13.801967,-61.747343,Snow,Gravel,3,6,Speeding
340ea152,4/21/24,7:50,"Tokyo, Japan",11.809662,159.241446,Hail,Wet,3,6,Weather Conditions
98560d9a,7/3/24,21:21,"Mumbai, India",-51.644542,113.807376,Storm,Icy,5,0,Mechanical Failure
bd9e9c5f,2/20/24,9:12,"Paris, France",66.496857,-100.186104,Rain,Dry,3,10,Speeding
16b3ebbf,7/25/23,15:21,"Toronto, Canada",-84.268917,-44.086894,Rain,Wet,2,7,Distracted Driving
7ac9e206,10/20/24,16:27,"Tokyo, Japan",-16.464335,95.117678,Storm,Gravel,2,2,Distracted Driving
eb336b9e,1/18/24,18:19,"Tokyo, Japan",31.431043,164.649654,Fog,Gravel,3,4,Speeding
ecb83671,7/9/23,9:12,"London, UK",34.133968,-78.074174,Snow,Dry,2,3,Reckless Driving
548fba68,2/22/23,9:45,"Beijing, China",18.520864,58.209023,Snow,Icy,4,9,Weather Conditions
1fe360e0,12/24/23,16:28,"Mumbai, India",34.685238,-5.348563,Storm,Dry,2,5,Drunk Driving
52e561ac,12/28/24,22:08,"Toronto, Canada",84.216842,13.249449,Clear,Snowy,1,0,Drunk Driving
da474d28,9/10/24,7:26,"London, UK",-27.800688,19.025567,Hail,Gravel,2,10,Weather Conditions
124f7d1c,12/21/24,10:03,"Mumbai, India",-16.941512,-114.590299,Hail,Under Construction,4,8,Speeding
bdaf697a,2/4/24,3:49,"Sydney, Australia",-45.134987,-111.36963,Hail,Icy,1,2,Mechanical Failure
69bd12af,11/13/23,7:16,"New York, USA",75.519432,-6.643733,Rain,Snowy,2,0,Distracted Driving
d2a986a9,6/3/24,8:46,"Mumbai, India",-53.573066,-80.976854,Fog,Dry,3,7,Distracted Driving
fb77bb39,11/9/23,18:08,"London, UK",11.974413,-142.306864,Clear,Icy,4,10,Reckless Driving
4816dec9,2/19/24,10:34,"New York, USA",-76.509382,-177.972418,Rain,Icy,4,1,Mechanical Failure
b7854c60,5/14/23,9:56,"Toronto, Canada",86.836289,40.832234,Rain,Snowy,2,9,Weather Conditions
e8fd6e19,10/7/24,5:43,"London, UK",76.468645,6.476633,Clear,Gravel,5,3,Reckless Driving
eafd6434,3/8/24,21:28,"New York, USA",81.294564,-84.051955,Rain,Dry,5,10,Drunk Driving
ba4d2b56,8/5/24,21:45,"Berlin, Germany",71.565553,175.231356,Snow,Snowy,4,7,Distracted Driving
a432770e,3/13/24,5:30,"Sydney, Australia",-76.842765,30.982792,Snow,Snowy,4,10,Reckless Driving
763ed349,2/2/24,17:21,"London, UK",-55.749291,131.685549,Clear,Snowy,2,10,Reckless Driving
a05b8cd8,11/1/24,3:06,"New York, USA",-72.35158,-50.08144,Clear,Dry,5,4,Drunk Driving
6d4d500d,11/3/23,18:51,"Berlin, Germany",-69.157917,69.133716,Fog,Icy,5,5,Distracted Driving
eb80ca4c,11/26/24,11:21,"Toronto, Canada",-14.238646,-82.733525,Clear,Snowy,2,0,Mechanical Failure
d35e81ba,10/3/24,0:35,"Toronto, Canada",-12.889734,-87.955374,Storm,Icy,5,10,Mechanical Failure
6d275f8b,7/1/23,8:09,"Beijing, China",-52.245387,-175.779205,Hail,Snowy,4,4,Distracted Driving
596d7dae,11/11/24,22:55,"Mumbai, India",68.211701,-59.789664,Storm,Icy,2,0,Speeding
03637bb6,9/19/24,14:13,"Beijing, China",64.494142,79.431849,Snow,Dry,5,6,Drunk Driving
73d61c66,6/11/24,16:08,"Toronto, Canada",53.850764,-96.969409,Hail,Under Construction,2,3,Mechanical Failure
2e657ccd,1/20/24,17:14,"Toronto, Canada",50.054874,-4.838141,Snow,Under Construction,1,9,Speeding
6424c88f,6/20/24,7:16,"London, UK",-85.445887,8.63825,Rain,Wet,3,2,Drunk Driving
5172c533,7/19/24,20:10,"Tokyo, Japan",14.079347,-43.007859,Clear,Icy,1,2,Mechanical Failure
d2315555,1/17/24,10:04,"London, UK",-68.818401,154.699745,Rain,Icy,4,1,Weather Conditions
dce4594a,6/11/23,20:43,"Tokyo, Japan",-41.048874,-120.776131,Snow,Icy,3,3,Distracted Driving
aa34e2f8,1/1/23,18:28,"Beijing, China",-78.568603,93.213096,Clear,Under Construction,2,7,Drunk Driving
5bef0f41,9/24/24,7:14,"London, UK",-0.999909,-33.58777,Snow,Wet,4,1,Speeding
2e6a9f7a,12/8/23,9:38,"Berlin, Germany",68.769624,-44.809502,Fog,Icy,1,9,Drunk Driving
bd120912,5/24/24,0:13,"London, UK",-13.913464,66.949461,Rain,Snowy,1,0,Speeding
735dadc1,11/14/23,0:16,"London, UK",24.663998,92.719393,Clear,Gravel,1,4,Drunk Driving
6759b709,8/28/23,8:31,"Paris, France",-31.14635,141.277385,Snow,Icy,1,2,Distracted Driving
2b560246,1/13/23,7:53,"Tokyo, Japan",-74.660139,155.373189,Hail,Wet,4,3,Speeding
8a0b5263,5/2/24,22:00,"Mumbai, India",83.319852,-69.273432,Storm,Under Construction,3,10,Mechanical Failure
82644b58,6/26/24,23:23,"Tokyo, Japan",-27.077312,-55.077285,Snow,Snowy,2,7,Drunk Driving
bc8055fa,10/28/24,15:04,"New York, USA",26.33732,-42.542664,Clear,Gravel,1,8,Reckless Driving
be6cccfb,9/18/23,13:12,"Berlin, Germany",-10.243842,-40.04081,Storm,Under Construction,2,2,Drunk Driving
0cda44bb,1/15/23,11:52,"London, UK",85.965532,68.595157,Clear,Under Construction,1,0,Speeding
1722b1d1,5/2/24,10:35,"Berlin, Germany",53.00795,55.461465,Storm,Under Construction,3,5,Weather Conditions
8daed473,6/12/24,16:26,"London, UK",24.014203,60.817408,Clear,Icy,5,9,Reckless Driving
5997afe3,2/9/24,11:53,"Tokyo, Japan",44.171252,-55.3576,Hail,Under Construction,3,1,Reckless Driving
9db34f32,2/21/24,15:22,"Sydney, Australia",63.931587,116.65182,Snow,Dry,2,10,Weather Conditions
d8863ff5,1/7/24,3:23,"Berlin, Germany",-43.502067,68.56532,Hail,Snowy,4,3,Speeding
85b633b1,6/18/23,8:15,"Paris, France",30.618212,-111.801724,Clear,Snowy,2,2,Speeding
749dbc52,6/28/23,6:49,"London, UK",37.714802,-52.675191,Fog,Under Construction,4,0,Drunk Driving
5755d4f3,12/14/24,21:33,"Beijing, China",-28.269324,69.156219,Snow,Icy,1,9,Distracted Driving
cf8e0c26,10/4/24,11:03,"Mumbai, India",78.592428,132.815357,Storm,Icy,4,9,Speeding
58543359,1/15/23,18:22,"Toronto, Canada",-0.326816,-97.464622,Storm,Icy,2,3,Distracted Driving
63d54702,2/12/23,0:42,"Beijing, China",82.499219,-87.86367,Hail,Icy,2,6,Reckless Driving
a8e6742b,3/8/24,4:28,"London, UK",41.948702,-179.718428,Rain,Wet,4,10,Mechanical Failure
569426db,5/19/24,2:47,"Berlin, Germany",-6.097114,160.245966,Rain,Wet,5,9,Speeding
bc106bf0,5/16/23,13:05,"Tokyo, Japan",23.649294,-115.99896,Hail,Gravel,3,4,Mechanical Failure
34b78044,10/8/23,22:48,"Beijing, China",78.673871,120.419099,Fog,Icy,3,9,Drunk Driving
f1c0837a,5/27/23,13:26,"Toronto, Canada",-59.761506,-161.714638,Snow,Icy,2,2,Speeding
80897dcf,4/16/24,7:49,"Mumbai, India",-32.283598,34.656576,Clear,Snowy,1,4,Distracted Driving
1fcef1db,7/23/23,2:36,"New York, USA",-82.218008,-111.106859,Storm,Snowy,2,0,Weather Conditions
3c9691f6,8/22/24,18:53,"Sydney, Australia",0.085917,-140.652686,Fog,Gravel,2,7,Speeding
e4681d47,1/1/24,3:57,"Beijing, China",-13.241016,-16.599237,Fog,Icy,3,3,Drunk Driving
aa97106c,12/6/24,21:34,"Sydney, Australia",66.201686,74.120925,Rain,Snowy,4,0,Speeding
e7ac6e18,3/23/23,19:26,"Tokyo, Japan",-76.059855,51.603753,Clear,Dry,5,1,Drunk Driving
18ca09e5,11/3/24,2:40,"New York, USA",-61.258989,-39.34334,Hail,Dry,2,9,Speeding
7f121bdb,5/31/24,21:45,"Berlin, Germany",-87.80898,130.492083,Rain,Gravel,1,0,Speeding
e016e0fb,11/17/23,19:20,"Beijing, China",-9.426256,176.646665,Fog,Under Construction,1,10,Drunk Driving
44f7d6d4,8/14/24,7:38,"Paris, France",-84.562959,21.212958,Rain,Wet,1,9,Speeding
b00f7c85,12/6/23,21:31,"Paris, France",-10.131224,95.733032,Fog,Dry,5,7,Distracted Driving
8b7fc1ae,1/6/23,6:15,"London, UK",50.041251,-70.141084,Snow,Gravel,4,0,Mechanical Failure
9e701828,11/14/23,4:07,"Toronto, Canada",-83.482668,-32.845949,Hail,Dry,2,2,Mechanical Failure
cf02e6f4,4/7/24,1:25,"Sydney, Australia",78.987006,-76.650088,Storm,Dry,3,0,Mechanical Failure
0074691e,9/25/24,11:31,"Beijing, China",68.880198,92.040159,Rain,Wet,5,2,Speeding
ae13dd24,6/22/23,11:42,"Paris, France",-81.315442,-31.058011,Snow,Gravel,3,7,Mechanical Failure
c7d2b9b7,11/8/23,18:55,"Sydney, Australia",-18.545309,-34.409299,Rain,Dry,1,8,Drunk Driving
767e0d66,10/23/24,17:42,"Beijing, China",-2.398883,-161.481592,Snow,Snowy,1,1,Weather Conditions
b9358172,2/4/24,3:35,"Toronto, Canada",-63.755237,110.659595,Clear,Snowy,2,0,Distracted Driving
593d661f,7/25/23,22:02,"Berlin, Germany",44.173718,27.954431,Rain,Under Construction,4,0,Speeding
1e86f5ff,8/6/23,9:58,"Beijing, China",-50.377047,62.284249,Fog,Snowy,2,6,Weather Conditions
1c507c70,11/7/23,12:05,"Berlin, Germany",75.851424,-127.700899,Clear,Snowy,4,7,Mechanical Failure
dd48c07c,10/18/23,8:57,"Mumbai, India",59.044254,122.532293,Fog,Icy,4,3,Reckless Driving
bdb6f243,8/16/24,14:25,"Toronto, Canada",-62.408446,123.867997,Fog,Gravel,3,1,Reckless Driving
97f092cc,8/22/24,9:25,"Berlin, Germany",18.540723,115.581542,Clear,Wet,4,1,Mechanical Failure
6721774,7/22/24,8:19,"Berlin, Germany",-66.974456,70.26022,Storm,Dry,2,7,Reckless Driving
cd37957a,6/10/23,0:57,"London, UK",22.958163,141.003509,Fog,Icy,5,2,Mechanical Failure
6488742f,7/16/24,7:38,"Mumbai, India",52.306205,98.996989,Snow,Wet,1,1,Distracted Driving
ef15e95c,11/21/24,11:43,"Sydney, Australia",75.822337,140.691131,Snow,Icy,2,0,Mechanical Failure
56ad518e,10/28/23,17:55,"Tokyo, Japan",9.915063,177.788557,Fog,Wet,5,1,Weather Conditions
32289d80,2/21/24,11:41,"London, UK",-5.77016,81.516355,Hail,Under Construction,2,9,Reckless Driving
7069fa7b,10/1/23,13:09,"Beijing, China",59.520317,-125.61936,Hail,Dry,1,4,Reckless Driving
47266f35,2/26/23,21:12,"Toronto, Canada",59.108071,32.420458,Fog,Icy,3,4,Drunk Driving
0ccdfc18,8/8/23,15:18,"New York, USA",85.164511,96.751093,Snow,Wet,2,3,Distracted Driving
dad25895,11/22/24,5:56,"Toronto, Canada",29.940182,171.452172,Snow,Dry,5,0,Mechanical Failure
0a3f8128,11/18/23,13:26,"Sydney, Australia",38.779701,128.849232,Fog,Snowy,4,9,Speeding
4bb3acbf,4/11/23,19:37,"Paris, France",-31.646716,-125.939089,Snow,Icy,5,8,Reckless Driving
42857d87,6/6/23,23:30,"Paris, France",44.774924,-133.935777,Storm,Dry,5,1,Speeding
d72f977f,12/29/23,12:16,"London, UK",-41.67326,164.212936,Storm,Under Construction,5,10,Weather Conditions
f93dbf7c,3/10/23,7:03,"London, UK",-32.630439,16.757648,Fog,Wet,3,9,Reckless Driving
f3f84d2f,5/30/24,23:24,"Toronto, Canada",4.564796,92.119375,Fog,Wet,3,0,Drunk Driving
bc35eb3d,9/17/23,5:27,"New York, USA",-51.20625,40.730592,Storm,Icy,5,8,Mechanical Failure
954634f6,5/18/23,19:26,"Tokyo, Japan",-85.207356,-29.543952,Storm,Snowy,3,6,Speeding
05f116e0,1/28/24,10:04,"Tokyo, Japan",29.002923,42.006733,Hail,Under Construction,4,6,Distracted Driving
c495ab20,6/8/23,18:11,"Mumbai, India",16.125807,95.275184,Rain,Icy,3,1,Distracted Driving
3258f547,9/13/23,16:03,"Berlin, Germany",89.926394,-96.618998,Rain,Wet,2,1,Weather Conditions
4c90f51c,10/29/23,1:30,"Beijing, China",-49.127267,-34.378582,Snow,Snowy,1,8,Distracted Driving
dfe9289a,11/3/23,4:52,"Berlin, Germany",8.462953,-0.079316,Storm,Dry,4,4,Mechanical Failure
6556732a,6/6/23,8:47,"Tokyo, Japan",-71.972684,-97.254172,Hail,Wet,3,4,Weather Conditions
d96c3060,7/1/24,13:43,"Toronto, Canada",-24.234685,-56.384008,Fog,Under Construction,1,6,Mechanical Failure
65d98fb9,7/7/24,19:55,"Paris, France",-62.817594,-125.107538,Storm,Gravel,2,6,Drunk Driving
7fb7af97,9/16/24,15:37,"New York, USA",33.815569,-29.631723,Fog,Icy,2,7,Weather Conditions
aa349c85,11/6/23,4:40,"Beijing, China",-18.080716,102.808755,Snow,Snowy,2,2,Drunk Driving
8d3ef358,7/1/24,16:49,"Berlin, Germany",79.497257,-52.657702,Hail,Dry,4,4,Speeding
ed1a8e6f,10/9/24,12:29,"Toronto, Canada",-45.214759,-141.21472,Snow,Icy,1,8,Mechanical Failure
6b7b4582,5/15/24,7:07,"Beijing, China",-17.572257,179.951949,Clear,Under Construction,2,8,Drunk Driving
ac33c268,3/5/24,10:03,"London, UK",-12.175166,160.357134,Fog,Gravel,5,2,Drunk Driving
79112a53,4/5/24,15:24,"Paris, France",-28.643639,-41.150511,Hail,Gravel,3,1,Drunk Driving
f83fc9b7,10/16/24,19:05,"Toronto, Canada",-84.093239,80.017128,Snow,Under Construction,2,2,Speeding
c71a2e00,7/17/24,0:40,"Paris, France",-42.134812,-82.571114,Rain,Under Construction,2,9,Speeding
bfcbfff5,5/9/23,21:14,"Sydney, Australia",-86.760614,-6.699666,Snow,Icy,4,1,Reckless Driving
8b832351,7/24/23,0:45,"New York, USA",-84.298714,-49.122005,Hail,Gravel,1,3,Weather Conditions
b70513aa,4/6/24,18:17,"Paris, France",-35.819818,19.347537,Storm,Gravel,5,8,Mechanical Failure
6b5e3ab1,8/29/23,15:08,"Sydney, Australia",81.195634,-3.889526,Storm,Dry,1,2,Distracted Driving
c80b5468,12/9/24,14:28,"New York, USA",-19.219086,141.109212,Snow,Under Construction,1,5,Reckless Driving
22c9139e,1/12/23,19:53,"Mumbai, India",-73.708634,105.010928,Hail,Dry,1,4,Mechanical Failure
6dda0508,10/30/23,10:05,"Sydney, Australia",23.748502,23.446764,Clear,Gravel,4,10,Reckless Driving
110358fe,4/14/24,1:46,"London, UK",-10.208961,110.551789,Snow,Gravel,2,10,Drunk Driving
3ba11a96,2/18/24,5:34,"Mumbai, India",7.773683,2.565514,Clear,Under Construction,3,3,Mechanical Failure
5766e368,10/15/24,14:22,"Tokyo, Japan",65.353242,21.985105,Rain,Gravel,4,4,Speeding
9da1271e,11/17/23,14:07,"Tokyo, Japan",17.836871,-78.725074,Fog,Dry,3,10,Drunk Driving
b74d9be1,10/21/24,1:58,"New York, USA",-71.083084,171.504247,Fog,Snowy,3,4,Distracted Driving
8ce7764e,2/11/24,19:48,"New York, USA",14.412296,-15.731984,Storm,Wet,4,1,Reckless Driving
386c6825,3/24/24,22:53,"Toronto, Canada",-20.730317,-81.312106,Hail,Snowy,1,3,Drunk Driving
0b05d4a8,11/15/23,2:08,"Berlin, Germany",-39.294677,110.368023,Clear,Snowy,1,5,Speeding
cd8473d9,12/18/24,2:59,"London, UK",84.529147,73.495122,Snow,Under Construction,4,9,Distracted Driving
f9a38e29,8/13/23,0:03,"Beijing, China",-84.633395,-127.978784,Snow,Under Construction,1,0,Speeding
03a544d2,11/21/23,11:09,"Tokyo, Japan",-76.097958,-74.043218,Snow,Wet,1,0,Mechanical Failure
794151b4,5/30/24,1:31,"Berlin, Germany",-15.879539,-24.949368,Fog,Snowy,1,7,Distracted Driving
a7b2b433,7/15/23,4:51,"New York, USA",-23.993704,126.025775,Storm,Snowy,4,3,Mechanical Failure
8ef85f85,1/19/23,22:43,"Beijing, China",-86.810999,141.147207,Clear,Under Construction,2,0,Speeding
0d58ada7,7/26/24,21:00,"Mumbai, India",-87.135794,63.043846,Snow,Under Construction,2,5,Distracted Driving
414a95fa,6/25/23,4:50,"Berlin, Germany",74.324456,-128.673212,Snow,Dry,4,10,Drunk Driving
831e1a79,5/28/24,17:25,"London, UK",39.388734,112.160459,Snow,Icy,4,3,Weather Conditions
fd485b99,4/19/24,0:59,"New York, USA",-16.628319,136.715502,Fog,Snowy,1,2,Distracted Driving
044788be,9/19/23,23:36,"Berlin, Germany",-53.424081,-143.099523,Clear,Gravel,2,3,Speeding
ad123d5e,10/27/24,10:47,"Beijing, China",-0.664899,-132.647824,Clear,Icy,5,4,Distracted Driving
58274737,4/10/24,11:09,"Mumbai, India",-5.588873,82.040478,Hail,Wet,3,3,Distracted Driving
8.11E+26,4/10/24,7:06,"Sydney, Australia",-51.193166,97.874286,Hail,Under Construction,4,4,Drunk Driving
bba1f0d8,12/9/24,18:10,"New York, USA",59.527251,30.201094,Hail,Wet,2,10,Speeding
3773c4d4,11/22/23,23:45,"Tokyo, Japan",-65.593539,7.651578,Clear,Icy,4,0,Weather Conditions
bc1642b5,9/1/23,17:20,"London, UK",-15.338231,61.73708,Snow,Gravel,5,1,Drunk Driving
ec2d4050,12/6/24,15:04,"Toronto, Canada",-74.465055,-15.443122,Storm,Snowy,2,5,Reckless Driving
795fc395,5/1/23,4:21,"Berlin, Germany",49.220795,-146.018302,Clear,Under Construction,4,8,Reckless Driving
d9e97f15,6/26/24,20:41,"London, UK",-11.595396,-18.097671,Rain,Gravel,4,3,Speeding
44fe230a,12/25/23,8:50,"Beijing, China",-82.120436,34.593347,Clear,Dry,2,9,Distracted Driving
e4434fdf,10/4/24,11:35,"Tokyo, Japan",-46.169917,-158.183663,Storm,Under Construction,5,5,Mechanical Failure
7274fe5d,8/31/23,17:52,"Berlin, Germany",68.53703,-77.493063,Hail,Icy,5,0,Distracted Driving
e4045b2a,8/20/23,21:21,"Toronto, Canada",15.92948,-124.227909,Fog,Under Construction,3,9,Drunk Driving
58af6930,3/24/24,18:07,"Mumbai, India",-9.0253,-98.649955,Hail,Icy,1,9,Reckless Driving
3828c3b5,1/3/24,4:04,"Berlin, Germany",29.806124,-146.497148,Fog,Dry,5,8,Reckless Driving
79d23b13,7/18/24,18:55,"Beijing, China",-40.652746,34.879038,Storm,Under Construction,5,5,Reckless Driving
2422109c,7/23/23,0:24,"Paris, France",29.775545,-72.1978,Hail,Dry,1,8,Reckless Driving
4f3a0fff,11/12/24,11:31,"Berlin, Germany",-51.229067,-164.951178,Snow,Gravel,4,1,Distracted Driving
cc8e1a4e,6/19/23,18:41,"Beijing, China",-59.162115,60.587824,Snow,Gravel,3,4,Mechanical Failure
2f8e9eca,10/14/24,7:01,"Paris, France",-14.662209,-176.417552,Clear,Gravel,1,1,Reckless Driving
64727824,8/22/24,6:20,"Beijing, China",75.358095,12.253879,Fog,Wet,4,7,Distracted Driving
7b98b828,8/16/23,14:23,"Mumbai, India",-10.998277,16.877542,Storm,Wet,2,6,Reckless Driving
d61abec6,10/1/23,20:28,"Paris, France",-56.306909,-80.574875,Storm,Gravel,2,9,Mechanical Failure
4bef7796,9/20/24,16:15,"Berlin, Germany",-44.242703,1.405757,Fog,Snowy,3,3,Speeding
99b0112c,7/29/23,0:33,"London, UK",51.241875,-165.623413,Fog,Wet,3,2,Speeding
f60e1cf9,9/22/23,6:47,"Paris, France",-65.213197,172.699064,Hail,Gravel,4,1,Speeding
d3569c58,4/6/24,5:36,"Toronto, Canada",17.086075,20.208749,Hail,Gravel,3,2,Reckless Driving
82169d4e,7/17/23,17:05,"London, UK",-10.155185,27.870995,Rain,Gravel,3,9,Distracted Driving
4402a3fa,4/11/24,23:56,"Beijing, China",70.037935,86.403769,Rain,Gravel,5,5,Distracted Driving
eac940d2,7/16/23,6:13,"London, UK",-36.202854,-137.036755,Clear,Snowy,5,1,Mechanical Failure
eaf21264,5/31/23,18:01,"Sydney, Australia",-81.952921,-124.946154,Storm,Dry,3,8,Drunk Driving
fbce3bb2,4/7/23,12:37,"Paris, France",11.719632,-11.016034,Fog,Dry,4,10,Reckless Driving
37563113,10/9/24,22:07,"London, UK",-35.511504,8.89694,Clear,Wet,2,1,Speeding
5700c076,12/12/23,22:37,"Paris, France",4.571227,-52.670846,Rain,Gravel,5,3,Reckless Driving
e3a4d0e7,7/11/23,19:19,"New York, USA",62.711557,-60.860945,Clear,Wet,1,9,Distracted Driving
75e1711b,9/1/23,11:55,"Mumbai, India",-60.492898,-14.372923,Rain,Dry,4,6,Distracted Driving
427b3e9c,12/24/24,6:39,"Mumbai, India",-83.311154,-123.563759,Rain,Under Construction,4,9,Mechanical Failure
0ab368cd,12/13/23,15:54,"Paris, France",74.627482,71.537867,Clear,Snowy,2,10,Reckless Driving
3c360c2f,2/19/23,3:39,"Mumbai, India",-24.237986,80.946004,Snow,Gravel,1,3,Speeding
053a5626,8/21/24,6:57,"London, UK",28.892361,-165.198506,Hail,Icy,2,4,Drunk Driving
43d591de,3/8/23,14:14,"Berlin, Germany",23.810823,-7.763135,Snow,Gravel,5,0,Weather Conditions
1c431995,4/2/24,9:03,"London, UK",-38.869004,52.50071,Hail,Icy,2,6,Reckless Driving
cb0bf9cc,4/26/23,3:02,"Mumbai, India",-42.391628,-32.309507,Fog,Snowy,5,4,Mechanical Failure
a046f500,11/3/24,8:27,"Beijing, China",-46.504852,-139.81164,Fog,Under Construction,2,2,Distracted Driving
93efce0a,6/13/23,1:39,"New York, USA",-71.519013,178.283543,Hail,Gravel,4,8,Distracted Driving
cd681d20,7/15/24,6:22,"New York, USA",-6.676394,163.555315,Fog,Wet,4,3,Mechanical Failure
56176fae,5/3/23,19:12,"Mumbai, India",0.889949,1.938311,Fog,Icy,4,5,Weather Conditions
b8eb476b,3/5/23,19:53,"Sydney, Australia",27.914857,-13.740847,Snow,Dry,4,3,Mechanical Failure
79743f46,7/7/24,13:39,"Mumbai, India",-51.521312,60.998941,Storm,Snowy,2,0,Reckless Driving
ae6b2604,12/28/23,11:43,"Toronto, Canada",-48.163656,-134.460792,Snow,Dry,2,7,Distracted Driving
36630fc7,12/26/24,22:58,"Tokyo, Japan",77.83286,-179.669283,Fog,Dry,3,10,Reckless Driving
9aad4995,4/8/23,7:24,"Paris, France",-13.340902,-107.254212,Hail,Wet,2,10,Mechanical Failure
7d9dc8c8,2/8/23,1:51,"Mumbai, India",54.264687,-40.974949,Storm,Dry,1,8,Speeding
bbad6f4e,3/16/24,0:35,"Paris, France",16.788159,-6.534934,Clear,Dry,1,10,Reckless Driving
50d43617,6/25/23,22:16,"Berlin, Germany",-36.376914,-165.708248,Clear,Wet,1,9,Speeding
77962f2b,4/29/23,8:45,"Berlin, Germany",31.170613,-109.867005,Storm,Icy,5,4,Distracted Driving
35e88efd,7/7/23,21:48,"Tokyo, Japan",-41.65694,25.143462,Hail,Gravel,5,4,Weather Conditions
9b66b19e,12/15/24,17:07,"Mumbai, India",-33.789887,3.435683,Rain,Under Construction,5,7,Distracted Driving
a5461b7d,9/21/23,16:25,"London, UK",14.366225,-68.080887,Clear,Dry,2,4,Speeding
17fe5652,12/21/23,14:11,"London, UK",54.909236,107.198227,Clear,Gravel,2,6,Reckless Driving
cf170427,12/2/23,7:10,"Berlin, Germany",-36.051505,-88.388953,Hail,Under Construction,4,0,Speeding
863d99f0,1/19/24,3:27,"London, UK",-20.809137,-113.550598,Fog,Under Construction,1,0,Speeding
3354fd7d,9/26/24,19:12,"Toronto, Canada",14.991374,119.412151,Clear,Icy,5,8,Reckless Driving
cb930b6f,1/1/23,13:39,"Mumbai, India",13.916147,-103.357174,Snow,Gravel,5,1,Distracted Driving
c321fc66,11/19/23,4:07,"Berlin, Germany",6.124168,-82.738912,Storm,Wet,3,8,Mechanical Failure
be22e970,12/28/23,18:53,"Sydney, Australia",-86.875499,-167.403072,Storm,Gravel,5,3,Speeding
974a6fe6,10/16/24,18:30,"New York, USA",-84.875065,-72.550476,Hail,Under Construction,1,7,Reckless Driving
abe2c708,7/29/24,22:42,"Beijing, China",-21.308024,31.840719,Hail,Gravel,5,9,Distracted Driving
dd7d17ef,11/25/23,22:17,"Toronto, Canada",43.107333,-157.828473,Rain,Gravel,5,2,Drunk Driving
2a5b7639,10/10/23,2:36,"New York, USA",69.288569,110.804412,Rain,Dry,4,6,Drunk Driving
2444b5b1,8/8/24,2:55,"Tokyo, Japan",86.028819,-51.20869,Clear,Wet,5,10,Speeding
8ca384f3,1/31/23,11:50,"Beijing, China",-22.808516,119.387303,Rain,Dry,1,7,Distracted Driving
b912d7d1,2/27/24,8:00,"Beijing, China",-62.508354,0.862882,Hail,Icy,2,5,Speeding
453c4c63,1/19/24,4:35,"Mumbai, India",-53.117955,138.753857,Hail,Dry,3,0,Reckless Driving
2d84b0c7,10/25/24,0:53,"Paris, France",-57.256168,-0.990177,Storm,Under Construction,1,6,Distracted Driving
e7b98cbf,11/8/23,11:27,"Berlin, Germany",-72.282533,46.153037,Hail,Wet,4,1,Reckless Driving
c65e25c2,8/14/23,16:33,"Beijing, China",27.626846,-119.069892,Clear,Snowy,1,8,Speeding
964d0a82,6/28/23,10:20,"New York, USA",44.680793,-85.700921,Rain,Under Construction,3,7,Reckless Driving
27a46766,10/15/24,2:33,"New York, USA",-38.103452,-32.19563,Hail,Icy,1,7,Weather Conditions
638b1e6c,12/25/23,13:03,"New York, USA",82.972305,-84.886482,Rain,Icy,5,1,Reckless Driving
0de08c73,12/1/24,5:28,"Mumbai, India",50.599631,20.755548,Fog,Snowy,4,4,Reckless Driving
6170693b,1/13/24,1:33,"Berlin, Germany",-83.062642,-8.733209,Rain,Gravel,2,8,Mechanical Failure
2b33d318,7/20/23,11:23,"Beijing, China",7.29604,120.383673,Clear,Under Construction,1,6,Speeding
fc1802c6,5/13/24,3:06,"London, UK",76.969319,-148.003222,Hail,Snowy,4,1,Speeding
b0f419ac,9/5/24,22:52,"Toronto, Canada",76.531701,-42.141269,Clear,Snowy,4,8,Reckless Driving
9f942ad5,4/19/23,2:09,"Berlin, Germany",24.035014,-129.752378,Hail,Gravel,2,9,Mechanical Failure
9100f570,6/10/23,2:06,"Tokyo, Japan",-33.008841,30.177494,Hail,Gravel,2,4,Distracted Driving
220a0aff,11/18/23,17:39,"Mumbai, India",-65.33719,-160.582351,Rain,Wet,4,6,Speeding
32229fa6,1/18/24,3:51,"Tokyo, Japan",-52.081169,-69.672374,Storm,Icy,2,8,Mechanical Failure
aa2256c9,11/10/23,2:48,"Sydney, Australia",-5.902961,80.434743,Fog,Icy,1,3,Reckless Driving
e106f25e,12/28/24,18:09,"Toronto, Canada",-27.703413,-52.205966,Storm,Icy,1,0,Distracted Driving
39292d76,2/4/24,4:28,"Toronto, Canada",-37.148984,50.066287,Clear,Icy,3,1,Mechanical Failure
7b952734,8/11/23,2:43,"New York, USA",-60.390494,-82.789176,Snow,Snowy,3,9,Weather Conditions
f12c3978,6/9/24,11:18,"Berlin, Germany",-89.668728,-75.095794,Rain,Icy,5,6,Distracted Driving
098ee58c,12/4/23,23:06,"Tokyo, Japan",-75.375312,144.162374,Fog,Dry,2,7,Drunk Driving
6f0d0d48,12/14/23,21:33,"Toronto, Canada",-4.433849,-79.320256,Clear,Gravel,1,3,Weather Conditions
41350bb8,7/13/24,2:50,"Paris, France",44.304922,96.769587,Snow,Under Construction,1,6,Weather Conditions
7f6ad727,5/14/23,21:19,"London, UK",-61.876702,134.29895,Rain,Snowy,5,8,Distracted Driving
19c6d554,6/30/23,3:21,"New York, USA",-23.807519,-139.473904,Clear,Dry,5,6,Distracted Driving
e9a3f2af,8/3/24,22:29,"Mumbai, India",49.461025,-119.51187,Snow,Gravel,4,7,Weather Conditions
79103201,6/3/23,8:45,"Sydney, Australia",74.249063,58.136155,Fog,Gravel,1,7,Reckless Driving
11f10ec1,3/22/24,5:44,"New York, USA",-73.269386,-71.896119,Fog,Icy,2,2,Speeding
3ec41d03,8/25/24,7:42,"Toronto, Canada",-6.960443,-152.24056,Rain,Under Construction,2,2,Distracted Driving
356db2f1,6/10/23,20:06,"Tokyo, Japan",66.618589,-143.622669,Rain,Gravel,1,1,Reckless Driving
41bf422d,11/5/24,2:59,"New York, USA",-21.852418,-17.600879,Snow,Icy,3,7,Distracted Driving
7ea689fa,5/12/23,16:46,"New York, USA",28.007123,126.905495,Fog,Dry,4,3,Distracted Driving
6490a651,12/5/23,19:41,"New York, USA",73.296622,-40.650752,Rain,Snowy,2,3,Distracted Driving
529eac0b,9/26/23,23:18,"Berlin, Germany",-80.747139,-22.941143,Rain,Under Construction,1,5,Weather Conditions
622c78f8,7/19/24,23:07,"Beijing, China",66.711681,165.656259,Rain,Snowy,2,0,Weather Conditions
2112cb03,8/12/23,12:07,"Sydney, Australia",53.162101,-77.358074,Snow,Gravel,2,1,Mechanical Failure
6f3f7c2c,11/27/23,11:22,"London, UK",-48.000034,-129.327197,Clear,Wet,2,3,Drunk Driving
7f13a140,10/8/24,17:20,"Tokyo, Japan",-53.170127,151.216553,Hail,Under Construction,1,3,Mechanical Failure
38615ae7,2/24/23,22:34,"Toronto, Canada",19.920704,54.22441,Clear,Snowy,4,9,Distracted Driving
437b17d3,7/29/24,4:22,"Berlin, Germany",-84.231562,59.751451,Clear,Dry,4,1,Weather Conditions
528d3f7d,1/18/23,12:06,"Toronto, Canada",63.040779,-128.562858,Rain,Gravel,3,0,Mechanical Failure
5ad4778a,5/30/24,18:47,"Toronto, Canada",-70.374533,117.692372,Snow,Dry,3,8,Reckless Driving
47d6fd0b,1/4/23,4:25,"Beijing, China",79.204834,143.696452,Storm,Icy,1,7,Speeding
75a70057,12/5/24,4:30,"Mumbai, India",-9.257403,98.283621,Clear,Wet,4,1,Distracted Driving
1438eded,3/7/24,15:31,"New York, USA",32.060813,112.70848,Fog,Wet,2,3,Reckless Driving
d55af191,1/20/23,22:47,"London, UK",-29.017054,116.312149,Clear,Wet,1,2,Mechanical Failure
96456e6d,5/10/23,15:52,"Toronto, Canada",15.138053,-52.752219,Rain,Gravel,3,1,Mechanical Failure
36cdc47e,5/29/23,14:19,"Beijing, China",-63.596033,156.648501,Storm,Icy,1,1,Reckless Driving
21d27c7b,3/25/24,17:59,"Berlin, Germany",57.333542,56.35477,Hail,Gravel,5,2,Reckless Driving
39eefa2b,3/21/24,3:18,"Sydney, Australia",9.90451,120.419319,Hail,Wet,2,4,Reckless Driving
10feb0e0,8/27/24,8:21,"Tokyo, Japan",9.349503,-66.713974,Hail,Under Construction,3,3,Mechanical Failure
221b5402,5/11/23,8:50,"Beijing, China",18.262618,-16.794974,Snow,Snowy,3,5,Drunk Driving
e91a9623,5/10/24,18:28,"Beijing, China",59.400115,107.206907,Storm,Snowy,2,10,Mechanical Failure
0180bf41,7/29/23,18:47,"Sydney, Australia",-65.609006,55.459476,Snow,Under Construction,5,2,Weather Conditions
f1eba8ae,5/13/24,16:40,"Sydney, Australia",13.353398,-175.418286,Hail,Dry,1,3,Weather Conditions
e5e6130f,12/27/24,13:44,"New York, USA",-82.087116,-57.576505,Clear,Dry,1,6,Reckless Driving
3b3d044a,3/20/24,16:16,"Mumbai, India",-18.756363,136.854848,Fog,Wet,2,9,Reckless Driving
34b4654a,10/20/24,6:40,"New York, USA",29.446707,113.006957,Hail,Under Construction,5,4,Weather Conditions
bdc20fd5,2/5/24,11:14,"Berlin, Germany",75.452347,-155.344562,Rain,Under Construction,5,9,Weather Conditions
bfb07667,2/7/23,23:02,"Beijing, China",14.083164,-137.754124,Snow,Snowy,3,3,Weather Conditions
0e78c4e0,7/5/23,10:13,"Paris, France",39.758148,46.705039,Snow,Gravel,2,3,Weather Conditions
2f060597,2/10/23,9:38,"Berlin, Germany",71.067028,-135.747955,Storm,Snowy,3,1,Speeding
07762b3f,12/18/23,1:52,"Tokyo, Japan",5.647536,127.805249,Rain,Gravel,4,1,Weather Conditions
d7492239,11/14/24,4:40,"Paris, France",-8.055856,145.885026,Storm,Under Construction,4,8,Mechanical Failure
91791955,11/7/24,23:43,"Tokyo, Japan",-13.750361,127.531209,Snow,Snowy,5,0,Speeding
226ac449,5/10/24,4:20,"Beijing, China",-55.545869,-55.861393,Fog,Wet,3,4,Weather Conditions
742c91d6,5/25/23,18:53,"Toronto, Canada",-55.335765,126.591669,Hail,Wet,4,9,Drunk Driving
fbeeebc4,9/9/24,16:33,"London, UK",-0.287043,-26.812657,Clear,Icy,1,5,Distracted Driving
2bd7d8c9,4/30/24,8:41,"Mumbai, India",13.046217,61.480205,Rain,Dry,4,4,Speeding
4dc4ecb8,12/23/23,11:54,"New York, USA",-66.951087,157.325949,Storm,Gravel,4,6,Mechanical Failure
1e5dd9c7,9/6/24,4:36,"Toronto, Canada",4.461477,-116.842118,Storm,Under Construction,3,7,Distracted Driving
c3438099,5/1/23,12:22,"New York, USA",-79.074574,162.034978,Rain,Dry,3,4,Distracted Driving
f38f9663,11/29/23,21:57,"Toronto, Canada",28.816154,128.418232,Hail,Icy,1,7,Distracted Driving
71767a2c,10/28/23,5:35,"Toronto, Canada",84.305817,-76.695775,Fog,Dry,4,9,Speeding
4b56d1ed,9/26/23,23:09,"Tokyo, Japan",-18.180372,92.194131,Snow,Gravel,4,7,Distracted Driving
d8fe23da,12/8/24,7:43,"Sydney, Australia",-21.734396,44.207229,Rain,Dry,4,5,Weather Conditions
400546ba,1/27/24,0:20,"Tokyo, Japan",74.298624,8.559035,Hail,Dry,4,2,Reckless Driving
eed953e9,5/4/23,10:27,"Mumbai, India",-3.870716,107.904062,Hail,Snowy,5,1,Reckless Driving
63ffe796,11/21/23,12:46,"Paris, France",56.424749,-151.948167,Clear,Wet,2,5,Reckless Driving
9b6672cd,9/15/23,14:48,"Sydney, Australia",-68.740145,-99.76966,Clear,Icy,1,4,Speeding
591bada5,2/27/24,14:48,"New York, USA",-8.271105,27.635187,Storm,Icy,3,9,Speeding
9029f85b,12/30/23,15:38,"New York, USA",42.338572,-120.578845,Storm,Gravel,1,7,Drunk Driving
9dc0f1c6,6/1/23,16:55,"Berlin, Germany",-88.790893,11.569941,Hail,Wet,3,0,Distracted Driving
72071562,1/15/23,12:43,"Mumbai, India",45.912162,-31.041536,Snow,Wet,3,9,Reckless Driving
06ff1c0f,1/1/24,6:04,"Paris, France",-58.750944,-119.770849,Clear,Dry,4,2,Weather Conditions
c6af66c9,7/31/24,9:29,"New York, USA",25.378167,-68.661562,Clear,Wet,2,7,Speeding
03f32b08,5/19/23,9:04,"London, UK",51.293204,-17.721719,Clear,Icy,4,0,Mechanical Failure
f5b2587b,6/15/23,18:02,"New York, USA",76.301539,151.897406,Rain,Icy,3,8,Reckless Driving
dd95929d,7/11/23,6:13,"Tokyo, Japan",41.482131,115.957218,Clear,Dry,3,6,Distracted Driving
4172e7f6,3/9/23,11:52,"New York, USA",52.836264,-19.759796,Rain,Wet,1,3,Reckless Driving
58504f7a,3/31/24,4:30,"Beijing, China",-7.769326,167.098734,Storm,Icy,3,6,Reckless Driving
3ec3eb2e,9/26/23,1:04,"Toronto, Canada",-48.861921,-149.612243,Fog,Wet,2,6,Reckless Driving
27eee3ac,3/22/23,16:35,"New York, USA",-9.185259,92.876748,Rain,Icy,5,8,Speeding
2ecd4e05,5/9/23,16:43,"Toronto, Canada",-21.846162,117.26563,Snow,Under Construction,2,4,Speeding
7e78c062,10/26/23,11:21,"London, UK",-55.094587,-153.562954,Fog,Gravel,2,3,Speeding
420dc5fb,10/5/24,11:54,"London, UK",65.017782,-150.306571,Hail,Gravel,4,5,Distracted Driving
d3c4b12b,2/28/24,8:38,"Toronto, Canada",-58.052611,-2.296063,Hail,Under Construction,2,7,Mechanical Failure
de0ab2e2,5/20/24,22:21,"Tokyo, Japan",5.163499,-0.17014,Rain,Dry,5,1,Reckless Driving
d55b8aa9,10/24/23,19:07,"Berlin, Germany",32.639395,-84.095446,Rain,Snowy,5,8,Drunk Driving
789fd672,6/20/24,4:56,"New York, USA",87.97577,163.323499,Storm,Gravel,2,4,Distracted Driving
4086f015,9/19/24,10:18,"New York, USA",4.966613,14.811237,Hail,Snowy,4,1,Drunk Driving
b57da759,5/26/23,18:41,"London, UK",5.585697,45.526451,Clear,Snowy,2,7,Mechanical Failure
fc719b90,4/8/23,20:47,"Beijing, China",8.42153,97.327559,Rain,Gravel,3,2,Distracted Driving
d3514065,3/23/23,3:28,"Toronto, Canada",-42.788828,162.362606,Clear,Wet,4,3,Mechanical Failure
e3f7af1a,5/15/23,2:46,"Tokyo, Japan",37.134334,-9.312784,Storm,Dry,5,2,Mechanical Failure
19bc1af3,6/28/23,14:56,"Paris, France",-79.131543,165.394834,Clear,Icy,2,3,Weather Conditions
479f7dc0,1/7/24,19:38,"Paris, France",62.258552,10.864857,Clear,Icy,3,7,Drunk Driving
c797a9aa,9/23/23,23:46,"Sydney, Australia",-40.225202,-80.808597,Hail,Snowy,2,4,Speeding
4e6b2e8a,8/9/24,6:04,"Toronto, Canada",66.034998,-135.39472,Rain,Under Construction,4,3,Drunk Driving
24a90c38,6/15/24,21:56,"Toronto, Canada",-55.211395,36.974239,Hail,Icy,4,9,Reckless Driving
5d0e9fc4,11/10/23,0:10,"Mumbai, India",68.945711,-163.774272,Hail,Snowy,2,0,Distracted Driving
76fb09e6,5/28/23,21:59,"Beijing, China",-85.454207,85.202832,Hail,Wet,4,3,Mechanical Failure
1c37a94e,1/24/23,9:59,"Beijing, China",-81.810914,-84.02212,Rain,Icy,5,10,Speeding
9933c93f,3/10/24,1:29,"Toronto, Canada",-81.90811,74.167765,Clear,Icy,1,9,Speeding
49d92c69,6/27/24,11:48,"Sydney, Australia",31.670039,-171.107414,Rain,Gravel,1,0,Reckless Driving
c8c5a61f,9/21/24,21:43,"Sydney, Australia",-7.000268,69.749556,Rain,Under Construction,2,6,Mechanical Failure
fe4f0d75,6/8/24,22:11,"London, UK",-39.752005,20.444958,Rain,Icy,1,1,Drunk Driving
92af7d3f,12/3/24,1:43,"New York, USA",-54.685433,-71.295304,Hail,Under Construction,5,9,Reckless Driving
ff8e222f,10/9/24,23:03,"Tokyo, Japan",25.112208,-93.606331,Snow,Icy,1,5,Reckless Driving
c801c50c,12/1/24,23:20,"Beijing, China",24.869081,-130.160671,Snow,Gravel,2,9,Speeding
0ef5f847,5/4/23,12:10,"Mumbai, India",43.202975,-137.869643,Fog,Snowy,4,5,Weather Conditions
4a8ba2e4,7/2/24,7:50,"New York, USA",15.402338,-161.01622,Hail,Dry,1,1,Reckless Driving
5093ad54,1/16/23,23:21,"Beijing, China",-85.811262,-67.925475,Storm,Snowy,3,1,Weather Conditions
2cf7aab4,1/16/23,15:23,"Tokyo, Japan",44.991597,79.321389,Fog,Gravel,3,0,Distracted Driving
d0542718,3/14/24,3:53,"Sydney, Australia",13.458788,-138.031995,Rain,Dry,5,2,Speeding
85da1b48,7/24/24,23:28,"Paris, France",82.026099,-13.858519,Rain,Under Construction,5,4,Speeding
e7be8c5f,8/25/23,18:27,"Tokyo, Japan",47.617914,174.527783,Storm,Under Construction,5,6,Weather Conditions
aaca6cac,4/20/23,23:43,"London, UK",62.039931,44.298026,Snow,Gravel,5,3,Speeding
b4c50cff,6/4/24,0:54,"Toronto, Canada",-71.166037,17.501419,Rain,Wet,2,3,Mechanical Failure
0991c763,9/24/24,23:06,"Sydney, Australia",-29.086443,158.180252,Fog,Snowy,2,7,Mechanical Failure
1ef9d780,10/16/23,3:21,"Toronto, Canada",39.433382,72.972553,Fog,Snowy,4,0,Weather Conditions
30764de1,10/16/24,21:11,"Berlin, Germany",-60.58412,-15.419628,Storm,Gravel,3,1,Speeding
418c2df4,7/20/24,14:18,"New York, USA",-32.352127,113.171684,Fog,Under Construction,2,1,Drunk Driving
aed6abfb,8/13/24,22:18,"London, UK",-76.687365,50.690982,Storm,Gravel,2,2,Distracted Driving
98707ff4,1/6/24,14:27,"Paris, France",61.432429,158.48383,Rain,Dry,3,4,Speeding
74725fb8,11/9/23,15:07,"Mumbai, India",-55.701191,114.723745,Hail,Under Construction,5,10,Speeding
7cc2a3cd,5/1/24,17:00,"Sydney, Australia",44.705679,8.012123,Fog,Wet,1,10,Drunk Driving
045cfc90,9/3/23,18:02,"Mumbai, India",9.550537,-116.528702,Snow,Wet,2,4,Reckless Driving
d0eab738,3/22/23,0:30,"Sydney, Australia",47.168858,53.996321,Rain,Wet,2,7,Distracted Driving
4e9c0e63,6/14/24,19:06,"Beijing, China",55.959976,61.718027,Fog,Gravel,1,7,Speeding
67a2b852,6/5/23,13:35,"Mumbai, India",-48.388924,110.915357,Snow,Under Construction,3,6,Reckless Driving
74e43d40,5/5/23,6:23,"New York, USA",58.728799,17.681255,Snow,Icy,5,1,Speeding
23edd872,1/1/24,15:33,"Mumbai, India",-37.158567,153.147337,Clear,Dry,3,3,Mechanical Failure
2a531b4f,7/16/23,20:47,"Mumbai, India",54.568987,-71.616479,Snow,Wet,5,8,Reckless Driving
7066c243,10/12/23,22:06,"Mumbai, India",-55.623783,-135.70576,Fog,Gravel,2,6,Speeding
3044a1d7,3/15/23,17:52,"Mumbai, India",-88.583421,-40.183641,Rain,Gravel,5,0,Drunk Driving
6720d03e,7/16/24,19:01,"Tokyo, Japan",-12.319533,-96.889704,Rain,Under Construction,4,6,Distracted Driving
a5318091,12/8/23,18:04,"Toronto, Canada",-1.630057,-85.72335,Storm,Dry,2,8,Speeding
8f56cf0b,10/13/23,5:46,"Toronto, Canada",-75.128431,-20.645736,Snow,Under Construction,5,5,Speeding
13ed62c1,7/12/23,18:20,"Toronto, Canada",-66.451961,65.199226,Rain,Under Construction,4,0,Reckless Driving
86b88ae3,3/15/24,23:16,"Paris, France",25.875968,31.667776,Clear,Icy,5,3,Reckless Driving
01ba7f31,2/19/23,8:15,"Beijing, China",56.557192,79.179412,Fog,Snowy,1,3,Mechanical Failure
d38d3da7,4/9/23,15:30,"Paris, France",47.339279,166.039833,Rain,Dry,4,1,Mechanical Failure
55463370,11/14/23,1:33,"Paris, France",-27.49275,16.931275,Hail,Snowy,1,5,Drunk Driving
6f004f4d,10/10/23,0:25,"Paris, France",-61.629548,-175.007716,Storm,Wet,3,6,Drunk Driving
d51dafb7,10/18/23,6:57,"Tokyo, Japan",-60.834765,85.881064,Storm,Gravel,3,4,Mechanical Failure
5dac4368,8/15/24,7:16,"Beijing, China",-23.177421,38.842618,Clear,Under Construction,3,6,Reckless Driving
51b4aab8,2/3/23,7:57,"New York, USA",-22.418697,92.59014,Fog,Gravel,3,0,Mechanical Failure
6be198bb,8/25/23,17:14,"Mumbai, India",65.300667,148.857864,Clear,Snowy,4,8,Reckless Driving
d6e49203,12/25/23,11:32,"Paris, France",12.750477,-31.669956,Snow,Under Construction,4,1,Drunk Driving
a155d2dc,2/14/23,12:55,"Paris, France",-28.956333,-42.599449,Hail,Snowy,2,4,Distracted Driving
47409b18,11/23/24,6:29,"Toronto, Canada",85.110891,-100.14334,Snow,Snowy,1,2,Distracted Driving
af564cff,10/19/23,7:40,"Tokyo, Japan",-79.98464,-147.43069,Storm,Snowy,3,8,Drunk Driving
bb3e9cb0,10/21/24,10:28,"Tokyo, Japan",89.77538,-86.934607,Hail,Icy,5,7,Weather Conditions
f61d0f86,4/8/23,0:10,"Sydney, Australia",13.391348,-21.355602,Clear,Dry,3,3,Weather Conditions
f4f0c7bc,5/5/23,4:11,"Mumbai, India",25.452483,179.979662,Storm,Icy,2,8,Reckless Driving
fbb7c2b6,11/10/23,12:47,"Toronto, Canada",-53.335901,-74.171777,Snow,Under Construction,1,4,Drunk Driving
79c5ba31,12/22/24,1:17,"Beijing, China",52.411323,3.865616,Fog,Dry,1,1,Mechanical Failure
dd7b91c9,6/6/23,7:44,"Sydney, Australia",58.411921,-123.27055,Storm,Dry,4,1,Drunk Driving
40df3014,2/3/23,3:18,"Sydney, Australia",39.736541,-108.638867,Rain,Gravel,3,1,Reckless Driving
c64914b1,2/24/23,16:29,"Tokyo, Japan",83.479741,-74.826444,Clear,Wet,5,2,Reckless Driving
58f9d2ba,11/10/24,4:13,"London, UK",-78.187026,-27.386378,Fog,Snowy,5,5,Mechanical Failure
c8e6d32b,3/22/24,10:37,"London, UK",78.620619,42.436342,Fog,Wet,3,2,Speeding
1bba653a,6/18/24,18:45,"Toronto, Canada",50.300127,95.231816,Hail,Wet,5,4,Drunk Driving
e4da7a16,1/15/24,14:19,"Sydney, Australia",27.895193,-178.311139,Snow,Snowy,4,2,Reckless Driving
89beb8fc,1/10/24,7:35,"New York, USA",23.409633,-4.51562,Hail,Under Construction,5,10,Weather Conditions
1e00fefa,5/14/24,18:16,"Sydney, Australia",18.349628,64.147797,Snow,Gravel,5,3,Mechanical Failure
e33f06ea,8/17/23,3:38,"Sydney, Australia",-0.466176,150.628722,Storm,Icy,3,5,Speeding
7653cd1e,6/22/24,1:19,"Berlin, Germany",18.845151,-25.473081,Storm,Icy,4,7,Distracted Driving
e75a00f0,1/11/24,14:38,"Berlin, Germany",-73.397674,24.414833,Hail,Gravel,5,5,Distracted Driving
44d3bda2,11/10/24,2:15,"Paris, France",-82.882851,-62.458416,Hail,Dry,4,10,Weather Conditions
bac1eef6,5/5/23,0:33,"Mumbai, India",-0.340747,-63.063602,Storm,Snowy,5,8,Drunk Driving
3126e788,9/4/23,6:09,"New York, USA",55.288001,126.105631,Storm,Under Construction,2,1,Drunk Driving
4bb42cc0,6/6/24,13:03,"Mumbai, India",36.757638,-147.266541,Clear,Snowy,2,9,Drunk Driving
1017d805,2/15/24,10:42,"Berlin, Germany",80.598604,68.464243,Snow,Wet,5,10,Speeding
27a1b5a5,12/4/23,8:54,"Beijing, China",-13.662934,174.99381,Clear,Under Construction,2,3,Weather Conditions
13ad95bc,6/3/24,8:36,"Paris, France",-18.550685,-57.39316,Rain,Dry,5,6,Speeding
d9cdba3a,7/29/23,1:58,"Berlin, Germany",-57.626638,-89.032983,Snow,Dry,2,4,Drunk Driving
545d5017,10/26/23,8:09,"Paris, France",-46.265902,135.766847,Hail,Gravel,2,0,Distracted Driving
813577bf,6/12/23,23:17,"Beijing, China",-58.473384,4.805539,Snow,Snowy,3,0,Mechanical Failure
d4aaf63f,6/30/23,0:39,"Tokyo, Japan",71.417726,-72.192688,Rain,Dry,2,7,Speeding
cc385729,8/28/24,22:33,"Beijing, China",17.475385,-20.340436,Fog,Under Construction,2,1,Drunk Driving
547791dd,5/4/24,23:12,"New York, USA",79.839482,80.825665,Storm,Snowy,5,7,Reckless Driving
f3f63f64,3/26/23,0:48,"Berlin, Germany",-1.63621,-1.997791,Snow,Snowy,5,2,Speeding
47277f1d,7/8/23,2:09,"New York, USA",-21.474031,160.020572,Rain,Dry,3,6,Mechanical Failure
12a7ce90,10/3/23,21:52,"Toronto, Canada",80.979701,114.985989,Hail,Dry,2,10,Weather Conditions
7b20f2aa,12/16/24,2:28,"Tokyo, Japan",71.569787,-91.387861,Hail,Under Construction,5,2,Drunk Driving
2c2a0d26,10/14/23,4:54,"New York, USA",37.215052,58.751025,Rain,Under Construction,1,9,Weather Conditions
d86237b6,10/29/24,7:26,"London, UK",87.196923,71.105885,Rain,Under Construction,5,8,Drunk Driving
a456ad1c,3/30/23,0:01,"Paris, France",82.220586,-115.728907,Snow,Wet,2,6,Drunk Driving
b8a20a62,5/31/24,21:07,"New York, USA",15.320867,-34.672903,Snow,Under Construction,4,5,Reckless Driving
e44645cc,1/17/23,7:49,"Toronto, Canada",-28.860108,73.368952,Storm,Snowy,1,5,Distracted Driving
2c040ce7,9/9/23,1:56,"Mumbai, India",-45.866653,-27.79955,Storm,Snowy,4,6,Mechanical Failure
56795444,11/19/23,7:46,"New York, USA",12.473921,-0.209333,Storm,Snowy,5,2,Weather Conditions
3516f569,6/27/24,9:50,"Berlin, Germany",48.889082,-86.897207,Hail,Under Construction,3,9,Mechanical Failure
561b9ebc,7/7/24,7:10,"Tokyo, Japan",-21.199964,-157.757286,Hail,Wet,4,4,Mechanical Failure
c6f01819,8/10/23,20:15,"New York, USA",-72.948057,-28.568139,Clear,Snowy,2,6,Reckless Driving
e0998c97,1/12/24,5:02,"Mumbai, India",-11.016246,-118.512186,Fog,Snowy,5,7,Mechanical Failure
771b6533,4/30/23,13:36,"Tokyo, Japan",58.356199,-167.945852,Fog,Snowy,1,5,Weather Conditions
082d2a93,3/27/24,12:16,"Berlin, Germany",-11.374005,50.000266,Rain,Wet,2,0,Weather Conditions
569cdea0,7/20/23,22:46,"Toronto, Canada",47.148336,148.294364,Snow,Gravel,1,5,Mechanical Failure
c65ec346,1/30/24,13:14,"Toronto, Canada",56.837323,-65.478078,Storm,Snowy,5,3,Reckless Driving
8f2a3b5c,12/10/24,19:42,"Berlin, Germany",28.049719,-169.570561,Rain,Snowy,2,8,Mechanical Failure
6a30254a,5/27/24,20:20,"Sydney, Australia",2.035262,-15.881003,Storm,Wet,1,6,Drunk Driving
9ae35134,11/7/23,5:29,"London, UK",-59.269744,-71.431872,Storm,Gravel,5,1,Weather Conditions
532a57b8,11/22/24,14:01,"Mumbai, India",31.792264,149.82326,Clear,Dry,3,6,Mechanical Failure
0edbf137,5/25/24,12:10,"Paris, France",15.470838,39.670851,Fog,Wet,4,10,Reckless Driving
d62c4643,7/29/23,3:11,"Toronto, Canada",69.218405,-155.315659,Clear,Dry,4,8,Reckless Driving
6a89ba33,10/15/23,14:55,"Sydney, Australia",-45.163316,154.47089,Clear,Gravel,2,8,Speeding
e5add12a,9/24/23,22:14,"Beijing, China",43.237608,32.382222,Clear,Wet,2,10,Weather Conditions
afa8d697,8/19/24,23:11,"Sydney, Australia",-75.993981,1.858853,Fog,Under Construction,5,1,Weather Conditions
e4c5e19c,10/30/23,18:29,"Berlin, Germany",37.699341,120.784596,Fog,Icy,1,7,Speeding
5d42aaaf,3/7/23,3:19,"Mumbai, India",51.972477,177.369821,Snow,Snowy,2,4,Speeding
23c0bc18,9/4/23,22:29,"Mumbai, India",4.838437,160.123513,Snow,Icy,5,2,Weather Conditions
f5895875,6/6/24,9:37,"Tokyo, Japan",42.013919,170.250686,Snow,Dry,3,3,Distracted Driving
2bcaf94b,1/23/24,11:55,"Sydney, Australia",-36.786062,13.81744,Rain,Gravel,5,3,Distracted Driving
8928c448,3/23/24,4:51,"Toronto, Canada",73.361454,-11.776026,Snow,Dry,2,3,Reckless Driving
972f6f95,8/13/24,1:54,"Mumbai, India",3.029084,106.610053,Fog,Dry,1,3,Mechanical Failure
1370d7b9,6/30/24,14:42,"Tokyo, Japan",-77.357697,-137.537795,Storm,Icy,5,1,Drunk Driving
54bd9004,10/17/24,18:22,"Mumbai, India",55.187829,-67.459166,Fog,Gravel,1,4,Weather Conditions
43721da8,7/18/23,23:29,"Toronto, Canada",73.205745,-166.615356,Clear,Wet,5,2,Drunk Driving
49830eb5,9/4/23,23:20,"Tokyo, Japan",-1.996347,105.639172,Snow,Under Construction,2,1,Reckless Driving
d34d83ca,6/19/23,21:13,"Sydney, Australia",-78.433804,-150.064368,Snow,Icy,4,7,Distracted Driving
45cf82a0,3/16/24,12:32,"Tokyo, Japan",-2.221769,-52.269633,Rain,Wet,1,2,Speeding
35408c7d,3/23/23,14:03,"London, UK",-85.510681,-91.764988,Hail,Under Construction,2,1,Drunk Driving
81aca761,10/26/24,8:30,"Paris, France",-23.399037,-101.744035,Fog,Dry,5,0,Drunk Driving
060d51f9,2/3/24,1:25,"Paris, France",10.217901,-134.48695,Clear,Dry,5,5,Mechanical Failure
3186fdff,10/12/23,7:52,"Mumbai, India",19.194146,139.463667,Fog,Under Construction,3,1,Drunk Driving
02b535cc,5/17/24,7:14,"Sydney, Australia",15.691768,-113.751203,Snow,Dry,5,6,Speeding
48fdd284,11/4/23,17:16,"New York, USA",8.402758,153.216238,Rain,Icy,1,2,Weather Conditions
125a673a,7/17/23,11:50,"New York, USA",59.193403,63.056919,Fog,Dry,1,6,Drunk Driving
046eeaef,11/29/24,1:07,"Tokyo, Japan",-51.239666,135.330224,Fog,Gravel,1,2,Drunk Driving
4658e503,9/16/24,17:04,"London, UK",-46.938671,99.131962,Hail,Wet,2,5,Mechanical Failure
d4b4d143,4/14/24,14:57,"Berlin, Germany",11.402669,-155.763081,Hail,Under Construction,1,9,Speeding
6e9c221f,2/7/24,20:51,"Sydney, Australia",-81.318101,64.749205,Fog,Wet,2,7,Weather Conditions
83de6080,4/15/24,16:42,"Beijing, China",58.525217,83.257494,Storm,Snowy,5,6,Mechanical Failure
56159271,4/22/24,9:06,"Berlin, Germany",-78.683152,-125.092413,Storm,Under Construction,4,6,Reckless Driving
de73d30e,11/7/24,22:54,"Tokyo, Japan",49.107012,53.50074,Clear,Under Construction,4,8,Speeding
f89d48db,10/2/24,13:41,"Beijing, China",-33.985333,69.283641,Storm,Dry,2,2,Weather Conditions
9dda7d65,3/11/23,22:11,"Tokyo, Japan",-82.831686,107.062157,Rain,Wet,4,6,Weather Conditions
0c454379,8/7/23,6:29,"New York, USA",-69.630585,-18.21197,Fog,Wet,2,9,Distracted Driving
2fdc8882,1/18/23,22:35,"Mumbai, India",55.910768,112.188124,Rain,Dry,2,7,Reckless Driving
cc6cd543,7/20/24,21:13,"Toronto, Canada",-44.259965,88.264496,Rain,Wet,2,8,Mechanical Failure
a672e9c2,8/13/24,21:25,"Sydney, Australia",-29.796825,-16.471806,Storm,Gravel,5,2,Weather Conditions
8faba111,4/14/24,18:04,"Sydney, Australia",84.06807,72.592471,Hail,Under Construction,1,2,Distracted Driving
47cfa39a,9/21/23,18:23,"Beijing, China",48.421411,-49.651871,Rain,Under Construction,3,3,Mechanical Failure
c80b826b,10/31/23,21:39,"Beijing, China",16.512963,-29.603756,Storm,Snowy,1,8,Speeding
3f9f0e7c,6/14/23,7:40,"Berlin, Germany",-61.576157,-98.324164,Rain,Wet,1,4,Drunk Driving
04d874ed,12/27/24,3:05,"Berlin, Germany",61.366042,63.460653,Clear,Gravel,2,10,Reckless Driving
0716847d,7/9/23,18:47,"Mumbai, India",-79.717634,-113.726844,Clear,Icy,1,4,Mechanical Failure
ff179dae,10/5/23,13:48,"Sydney, Australia",19.49366,-124.728176,Snow,Gravel,5,7,Mechanical Failure
c2d2fbc5,10/14/24,4:14,"New York, USA",24.856892,46.408478,Storm,Gravel,4,0,Distracted Driving
e9e0b0b1,4/4/23,23:46,"Sydney, Australia",5.933734,-175.787983,Rain,Wet,1,1,Distracted Driving
3d0513e1,9/2/23,11:29,"London, UK",-70.028469,76.531496,Hail,Gravel,2,6,Distracted Driving
fc92495c,5/22/24,9:24,"Paris, France",-52.385051,93.497123,Clear,Wet,2,8,Weather Conditions
ce2fa4a5,12/29/24,4:25,"Toronto, Canada",55.620512,40.761257,Snow,Under Construction,3,5,Drunk Driving
6491b5c1,2/12/24,14:13,"Mumbai, India",-62.170896,23.094725,Storm,Snowy,1,2,Speeding
d1bd71cf,8/19/24,23:03,"Tokyo, Japan",77.114668,26.535724,Clear,Icy,4,9,Weather Conditions
1dd900d3,11/4/23,20:57,"Berlin, Germany",-59.88022,-38.850746,Storm,Dry,2,10,Distracted Driving
03a27cf1,7/26/23,18:38,"Sydney, Australia",-52.016487,82.838344,Fog,Wet,2,0,Weather Conditions
9cb3bc88,7/30/23,0:54,"Beijing, China",85.272986,-81.998119,Clear,Under Construction,4,7,Speeding
a6c6dd8b,1/15/23,6:36,"Paris, France",37.345532,-46.218437,Hail,Dry,4,4,Reckless Driving
3f5085ab,7/3/24,17:24,"New York, USA",-73.334985,-23.674584,Snow,Wet,3,7,Speeding
7dfb363a,4/9/24,11:59,"Toronto, Canada",-81.079843,-144.507365,Snow,Dry,1,6,Weather Conditions
540ea1c8,5/21/24,8:15,"Berlin, Germany",-19.899373,-155.861232,Clear,Snowy,5,5,Distracted Driving
3f4bc16f,10/9/24,8:01,"New York, USA",18.743278,54.547435,Snow,Icy,5,7,Reckless Driving
8c1ab614,10/2/23,19:24,"Paris, France",-64.304936,8.525468,Storm,Under Construction,4,4,Mechanical Failure
c1e59953,8/7/24,17:36,"Sydney, Australia",-18.844597,13.730677,Fog,Snowy,3,10,Weather Conditions
ffb24e23,6/24/23,22:13,"Paris, France",16.077612,134.815175,Rain,Wet,4,8,Speeding
9af25ae8,1/19/24,15:06,"Sydney, Australia",-47.440568,-67.857673,Storm,Gravel,2,10,Weather Conditions
de6bf586,8/19/23,13:27,"Mumbai, India",-1.017515,-125.789453,Clear,Wet,2,5,Speeding
f8273899,6/23/23,0:59,"New York, USA",71.803894,-124.249639,Fog,Dry,2,9,Speeding
3c7e67c7,12/15/24,12:36,"Paris, France",-64.430905,-105.070603,Storm,Snowy,1,9,Weather Conditions
35b4f8bc,7/23/24,2:15,"Paris, France",24.086445,-20.071676,Hail,Wet,5,9,Speeding
f4843d35,10/20/24,3:18,"Tokyo, Japan",-81.280314,-141.308015,Fog,Dry,3,5,Reckless Driving
83bd81fb,5/30/24,23:01,"Paris, France",-76.173497,128.592628,Clear,Wet,3,6,Mechanical Failure
83fc5531,5/2/24,21:51,"Sydney, Australia",44.319553,84.803343,Storm,Icy,1,4,Drunk Driving
d843d896,11/23/24,20:26,"Toronto, Canada",-42.224881,57.793935,Clear,Dry,5,3,Drunk Driving
7bca52d2,6/13/23,4:55,"Sydney, Australia",8.722273,95.146103,Snow,Gravel,1,2,Speeding
2dc85f10,12/26/23,20:25,"Mumbai, India",-15.86241,58.564902,Storm,Snowy,5,1,Mechanical Failure
c8223d2e,10/26/24,16:38,"Paris, France",-46.70699,61.250601,Clear,Gravel,4,2,Reckless Driving
9fe35f9c,5/1/24,15:49,"Berlin, Germany",-17.576501,-86.768906,Snow,Dry,2,6,Drunk Driving
9db07100,3/31/24,2:55,"Beijing, China",-61.158765,-90.381986,Clear,Under Construction,5,0,Speeding
d2477eeb,7/1/23,2:50,"Sydney, Australia",9.310721,-56.681244,Hail,Snowy,3,2,Drunk Driving
39abe997,9/7/23,2:28,"Sydney, Australia",-19.376699,146.394136,Storm,Under Construction,1,9,Reckless Driving
4fa79a6f,1/29/23,18:29,"Berlin, Germany",19.275466,-93.038433,Fog,Dry,4,2,Speeding
d04ab1ec,6/6/24,13:05,"Tokyo, Japan",-54.545534,172.734596,Snow,Wet,2,8,Drunk Driving
e1af1085,5/9/23,10:05,"Toronto, Canada",74.371235,-44.299862,Fog,Icy,3,5,Weather Conditions
ae96ec47,7/17/24,13:45,"Mumbai, India",17.659952,168.950437,Snow,Wet,5,8,Distracted Driving
154fb0db,12/17/24,11:45,"Sydney, Australia",75.909647,-31.16746,Storm,Wet,2,6,Reckless Driving
5f0d9c9d,1/4/24,21:15,"Toronto, Canada",7.866188,-7.585993,Fog,Gravel,5,4,Weather Conditions
19e2b29f,1/19/23,12:29,"Paris, France",46.575723,-96.391938,Rain,Gravel,3,5,Drunk Driving
af8b3f35,10/26/24,9:45,"Beijing, China",42.680327,-26.286009,Fog,Dry,3,7,Mechanical Failure
95da9eb9,8/14/23,12:46,"New York, USA",31.159506,-94.252637,Storm,Icy,1,0,Weather Conditions
072770df,6/1/23,7:19,"Paris, France",39.923012,104.651044,Clear,Under Construction,3,7,Drunk Driving
d9978ddf,5/20/23,18:44,"Toronto, Canada",-12.030604,-45.001466,Rain,Snowy,1,7,Reckless Driving
42094dc6,3/17/23,13:31,"London, UK",68.557205,52.029674,Snow,Gravel,2,6,Speeding
4e181d3c,10/6/23,14:37,"Berlin, Germany",43.948522,-164.343177,Fog,Wet,1,7,Distracted Driving
deae2882,2/25/24,10:24,"Berlin, Germany",39.813924,137.71709,Clear,Dry,5,4,Speeding
4bdaa262,12/11/24,5:23,"Tokyo, Japan",-38.888443,82.817992,Rain,Dry,2,6,Distracted Driving
68199022,6/5/23,19:41,"Sydney, Australia",-29.370778,144.087531,Snow,Snowy,5,5,Drunk Driving
ec9bb2d4,3/3/23,6:07,"Mumbai, India",18.055975,-124.723705,Hail,Wet,3,2,Reckless Driving
2360be70,7/22/23,19:24,"Mumbai, India",-35.999389,122.357084,Hail,Dry,5,7,Mechanical Failure
a8760a7b,4/20/23,12:22,"London, UK",-20.572133,-52.453533,Hail,Under Construction,4,8,Drunk Driving
9601310b,4/21/23,0:12,"London, UK",1.677301,-91.1567,Rain,Dry,1,10,Drunk Driving
a0f006b5,3/27/24,2:18,"Toronto, Canada",-34.372459,-91.155448,Hail,Snowy,5,2,Speeding
8fde4c9e,7/23/24,2:01,"Mumbai, India",60.767356,-153.056117,Fog,Dry,2,0,Distracted Driving
31d5b5d2,3/19/23,1:43,"New York, USA",-26.059836,-102.13636,Snow,Dry,5,8,Reckless Driving
bf2effdc,3/20/24,13:11,"London, UK",1.030692,68.928867,Hail,Icy,5,3,Reckless Driving
a47e3432,9/22/23,18:56,"Berlin, Germany",86.127346,-163.688354,Storm,Wet,3,10,Distracted Driving
4f5f96dd,12/9/23,11:06,"London, UK",-22.106066,175.511717,Clear,Dry,3,6,Weather Conditions
7fafe5a0,10/22/24,13:31,"New York, USA",86.445017,-103.923968,Storm,Gravel,4,8,Distracted Driving
3eb83c43,6/17/23,20:55,"Berlin, Germany",-39.366969,49.291803,Rain,Gravel,3,2,Drunk Driving
e2f1c9fe,3/19/23,2:05,"Paris, France",-37.100673,-33.238566,Storm,Icy,2,0,Distracted Driving
c256d16a,10/29/23,16:27,"New York, USA",-25.663001,-14.384367,Fog,Wet,4,0,Drunk Driving
928fd6f8,10/22/23,0:18,"London, UK",61.917361,-68.704842,Hail,Under Construction,2,5,Weather Conditions
a104cf15,5/24/23,21:39,"London, UK",20.503381,61.04015,Snow,Dry,2,7,Reckless Driving
a1b227c6,11/7/24,11:02,"Tokyo, Japan",45.25139,162.701281,Hail,Under Construction,1,8,Speeding
8582e8f3,1/16/23,11:23,"Toronto, Canada",76.34606,156.103869,Snow,Icy,1,1,Mechanical Failure
b8e31634,7/11/23,19:21,"Beijing, China",39.27139,142.754392,Snow,Wet,1,7,Distracted Driving
672777ca,8/12/24,1:38,"Toronto, Canada",45.648032,-134.291164,Rain,Snowy,5,1,Drunk Driving
132e35e4,2/2/23,3:29,"Toronto, Canada",42.388857,-63.255448,Hail,Snowy,1,6,Drunk Driving
a63ad1b9,7/14/23,17:37,"Toronto, Canada",-0.916311,-169.961155,Snow,Icy,5,8,Reckless Driving
294a0598,4/10/24,11:55,"Beijing, China",75.794656,142.960727,Fog,Icy,4,10,Reckless Driving
3372d640,5/16/24,18:18,"London, UK",49.869753,-113.902217,Rain,Gravel,4,2,Drunk Driving
fd0771df,3/2/24,18:08,"Beijing, China",86.634498,40.496175,Storm,Wet,3,6,Drunk Driving
3d4fca1f,12/25/23,19:09,"Sydney, Australia",49.995823,45.798068,Storm,Icy,4,7,Drunk Driving
464c40f8,5/9/23,22:06,"New York, USA",-65.053688,-57.996254,Rain,Icy,5,4,Mechanical Failure
91dbdf05,3/19/23,21:16,"Berlin, Germany",-3.038751,179.537643,Storm,Dry,3,9,Reckless Driving
07fd5407,9/25/24,4:01,"New York, USA",39.76666,114.333962,Fog,Snowy,4,4,Reckless Driving
e5c06d23,1/3/24,18:40,"Sydney, Australia",37.78143,-167.777605,Snow,Under Construction,5,10,Weather Conditions
fb7d7ad6,8/27/24,2:44,"Paris, France",42.110409,9.931169,Fog,Snowy,5,9,Weather Conditions
181ac22f,10/30/23,16:31,"New York, USA",-53.37602,-0.898379,Storm,Icy,4,2,Speeding
9403e767,9/21/23,10:22,"Paris, France",-14.629503,84.836724,Storm,Gravel,4,3,Reckless Driving
96e02c45,7/17/24,6:07,"Berlin, Germany",-67.606849,178.349309,Fog,Icy,1,8,Reckless Driving
bce24e10,4/3/23,18:28,"Toronto, Canada",-77.891504,150.041775,Snow,Snowy,1,5,Mechanical Failure
1d2bb4d2,12/10/24,10:19,"Tokyo, Japan",-53.977734,2.635069,Rain,Dry,5,10,Weather Conditions
8902d2de,1/3/24,16:13,"Beijing, China",-74.758654,137.356088,Hail,Gravel,1,3,Drunk Driving
7c83787c,10/10/23,20:13,"Toronto, Canada",79.10403,-4.876454,Rain,Under Construction,2,2,Distracted Driving
c0fc04ab,12/12/24,14:48,"New York, USA",-83.725058,-85.034787,Snow,Gravel,1,7,Weather Conditions
47384067,9/26/24,13:04,"Tokyo, Japan",40.423364,14.054052,Fog,Under Construction,4,3,Weather Conditions
72038467,9/28/23,8:36,"London, UK",-37.296897,144.607753,Storm,Dry,1,6,Drunk Driving
a2f3a33a,2/25/24,11:26,"Berlin, Germany",59.529675,50.491377,Clear,Icy,1,10,Drunk Driving
c9ebd7ab,4/21/24,2:44,"Tokyo, Japan",52.919118,6.695979,Storm,Under Construction,5,4,Speeding
fe9e8a3b,10/16/23,18:09,"Paris, France",-61.10449,-33.776049,Fog,Icy,4,3,Speeding
658c5eef,10/10/23,10:33,"Sydney, Australia",67.345236,-61.828023,Snow,Wet,2,1,Weather Conditions
0fb07fbd,11/19/23,4:30,"Tokyo, Japan",-75.312048,-75.493994,Hail,Gravel,2,9,Speeding
e883f8da,11/1/24,8:37,"Sydney, Australia",1.100779,25.167821,Fog,Gravel,5,1,Reckless Driving
669b60fe,8/21/24,6:53,"Toronto, Canada",-27.016033,-140.662211,Fog,Gravel,3,10,Weather Conditions
0d5c09df,8/29/23,17:12,"New York, USA",81.528875,69.764275,Snow,Dry,3,6,Reckless Driving
4e607f86,7/27/24,17:41,"London, UK",-40.858041,-16.259481,Snow,Snowy,3,2,Drunk Driving
62a1d956,1/13/24,15:58,"London, UK",-39.189678,77.812069,Snow,Gravel,3,2,Mechanical Failure
fefdcc67,10/26/23,8:58,"Tokyo, Japan",58.825467,78.919229,Storm,Dry,3,1,Weather Conditions
a1d4c26e,10/24/24,16:06,"Mumbai, India",84.015307,70.854543,Rain,Snowy,1,6,Speeding
163b68c1,11/20/23,19:06,"Paris, France",-11.457282,130.682528,Clear,Wet,2,9,Weather Conditions
f0a12b44,4/27/23,14:33,"Mumbai, India",81.457227,0.653187,Snow,Snowy,3,9,Mechanical Failure
8e656386,1/18/23,18:28,"Toronto, Canada",-29.857877,-128.905257,Storm,Dry,2,7,Distracted Driving
2a03cd15,10/11/24,13:05,"Tokyo, Japan",30.397373,64.710044,Hail,Dry,4,10,Distracted Driving
5d64cf36,2/15/23,10:15,"New York, USA",61.899384,-110.514407,Storm,Dry,2,8,Speeding
0aecc7f0,7/25/23,13:40,"New York, USA",-83.722324,-177.588684,Rain,Gravel,4,10,Distracted Driving
8b6b9cbe,8/12/23,1:41,"Tokyo, Japan",61.835492,-155.3502,Rain,Icy,3,0,Weather Conditions
d5b022bd,7/2/23,15:45,"Berlin, Germany",-29.680533,-36.404721,Rain,Gravel,3,2,Mechanical Failure
891ef46a,8/8/24,3:47,"Sydney, Australia",60.165954,-70.710161,Fog,Icy,3,6,Weather Conditions
b7d32739,3/13/23,20:49,"Paris, France",0.894029,-156.354014,Storm,Dry,1,4,Reckless Driving
e26c667b,4/29/24,12:22,"Paris, France",-29.759812,-12.621602,Fog,Icy,5,3,Reckless Driving
ba5d2c54,2/21/24,4:13,"London, UK",-37.755991,-39.560617,Snow,Wet,5,1,Speeding
f37ef57e,8/3/24,2:27,"London, UK",80.930856,160.452843,Clear,Icy,4,3,Mechanical Failure
cee493f5,12/19/24,3:47,"New York, USA",-36.955829,-154.022349,Rain,Wet,3,0,Speeding
bce793ae,4/7/23,1:28,"Toronto, Canada",45.751955,126.215458,Rain,Dry,4,4,Reckless Driving
31cd902c,8/28/24,21:44,"Tokyo, Japan",-69.47321,-65.510406,Clear,Icy,3,3,Distracted Driving
ae864252,4/5/23,17:11,"Berlin, Germany",11.313196,-52.672637,Hail,Dry,5,3,Drunk Driving
56b759c4,11/22/24,1:30,"Mumbai, India",82.585683,41.085081,Rain,Snowy,4,7,Reckless Driving
09f79880,2/4/24,8:30,"Mumbai, India",29.312272,5.461292,Rain,Dry,1,10,Weather Conditions
e8803832,2/4/23,10:45,"New York, USA",88.879393,-45.353138,Snow,Under Construction,2,4,Mechanical Failure
19adca73,2/17/24,22:41,"Paris, France",69.46786,-86.590094,Clear,Wet,3,10,Distracted Driving
d8d140a7,11/8/24,16:32,"New York, USA",-20.276385,-158.748331,Snow,Under Construction,2,5,Distracted Driving
84e67286,12/27/24,3:44,"Mumbai, India",51.064895,-97.436131,Fog,Snowy,5,8,Weather Conditions
3290bd3d,6/22/23,21:47,"London, UK",7.082888,-56.194741,Rain,Wet,4,8,Reckless Driving
9bd42339,12/25/23,19:25,"Toronto, Canada",78.481976,107.944516,Hail,Wet,2,8,Distracted Driving
18d49e2d,1/15/24,5:36,"Toronto, Canada",-76.511055,-114.968154,Fog,Dry,2,5,Distracted Driving
d892eeeb,5/29/23,22:27,"Beijing, China",87.130902,-29.991634,Snow,Dry,2,1,Reckless Driving
269fad6c,7/6/23,2:04,"Paris, France",60.852563,-98.134824,Rain,Gravel,3,5,Drunk Driving
11f91122,10/3/23,3:02,"Toronto, Canada",-40.860584,-105.401308,Fog,Gravel,3,5,Drunk Driving
9ad766ce,9/28/24,23:04,"Tokyo, Japan",48.761648,-89.697591,Clear,Snowy,2,1,Reckless Driving
3a8d2006,3/12/24,4:23,"Paris, France",-47.730164,102.166406,Clear,Gravel,5,3,Drunk Driving
a9b826ea,9/21/24,9:58,"Tokyo, Japan",-6.150068,-13.27549,Snow,Dry,1,7,Speeding
45ae1a24,6/23/24,11:55,"Paris, France",73.763645,-128.928209,Rain,Snowy,4,10,Drunk Driving
b4f4231b,1/16/24,22:03,"Mumbai, India",-15.095694,-62.995776,Hail,Wet,2,0,Drunk Driving
fadb9061,5/9/24,20:09,"Sydney, Australia",-88.340352,56.128709,Hail,Gravel,3,0,Distracted Driving
18d6059b,5/30/23,1:04,"Beijing, China",-23.270965,-144.241488,Snow,Gravel,4,8,Reckless Driving
7eb468e4,6/14/24,19:30,"Sydney, Australia",-49.559986,5.773619,Fog,Under Construction,3,5,Distracted Driving
9686f227,5/19/24,0:08,"Paris, France",13.305895,85.266138,Clear,Gravel,1,3,Reckless Driving
38a91267,4/17/24,9:40,"New York, USA",6.650437,137.588872,Rain,Snowy,1,7,Weather Conditions
1b072203,3/20/24,10:38,"Paris, France",66.837642,152.684757,Hail,Snowy,5,1,Reckless Driving
ab45dd2b,1/20/24,6:45,"Sydney, Australia",-33.056353,-140.869962,Clear,Wet,5,8,Speeding
65ed16b7,4/4/23,3:51,"London, UK",-55.218328,-66.192307,Fog,Under Construction,2,1,Reckless Driving
70455bc0,2/22/24,7:38,"Paris, France",86.436451,119.709489,Hail,Dry,3,7,Mechanical Failure
88023930,2/10/24,16:21,"London, UK",-34.125921,121.819331,Fog,Snowy,3,3,Drunk Driving
175f6deb,5/5/24,6:30,"New York, USA",26.335828,69.042183,Rain,Wet,5,8,Distracted Driving
c97d7fc4,9/10/23,6:52,"Beijing, China",35.186229,109.907407,Hail,Dry,1,6,Speeding
d4f11b8e,12/20/23,1:49,"Berlin, Germany",-85.256335,-116.741342,Rain,Icy,2,1,Speeding
4de55401,2/4/24,18:22,"London, UK",-39.589575,108.659771,Clear,Wet,4,6,Distracted Driving
67f44572,1/18/24,22:23,"Beijing, China",-69.572663,7.259939,Rain,Icy,4,8,Drunk Driving
3e36d546,5/6/23,14:10,"Tokyo, Japan",-62.29464,-52.113019,Fog,Icy,4,5,Weather Conditions
2b55cca7,10/6/24,7:09,"Beijing, China",-15.844541,-10.604543,Snow,Under Construction,3,9,Weather Conditions
6f1adc70,7/23/24,17:54,"Toronto, Canada",61.814814,177.532733,Hail,Dry,3,5,Drunk Driving
46b0dbf2,3/16/24,17:40,"Beijing, China",-71.819164,157.580712,Hail,Wet,2,2,Drunk Driving
b175155c,11/10/23,2:56,"Toronto, Canada",25.204235,-32.928074,Clear,Under Construction,1,6,Reckless Driving
0a24e436,3/26/24,19:31,"Beijing, China",-63.397838,144.377193,Clear,Icy,5,6,Distracted Driving
57341dde,11/19/24,22:38,"New York, USA",4.04623,18.065917,Clear,Icy,4,3,Weather Conditions
1aaf59ff,8/4/24,12:52,"Mumbai, India",52.586752,37.458144,Snow,Dry,4,8,Drunk Driving
ca13babf,11/28/23,3:39,"Sydney, Australia",-24.322986,8.462942,Fog,Dry,2,3,Weather Conditions
2143cf2c,3/31/24,2:13,"Beijing, China",-73.391257,-74.107752,Clear,Wet,2,5,Drunk Driving
18619ed2,2/17/23,3:00,"New York, USA",-38.566506,41.576946,Storm,Icy,5,6,Mechanical Failure
4370bb02,8/16/24,9:27,"Berlin, Germany",-73.74006,163.496286,Hail,Gravel,1,6,Mechanical Failure
71c72515,10/23/24,0:14,"London, UK",45.349414,99.866971,Hail,Gravel,3,2,Distracted Driving
71ae1fe3,7/21/24,0:39,"Paris, France",-40.392813,29.05909,Fog,Icy,4,10,Reckless Driving
e435c389,3/22/23,3:10,"London, UK",86.694451,-89.925006,Rain,Gravel,3,5,Drunk Driving
fec8a8eb,4/14/23,8:54,"Paris, France",-2.639229,101.936671,Clear,Dry,5,0,Reckless Driving
18c2e1c8,12/5/23,5:56,"Berlin, Germany",-7.84379,93.150113,Rain,Under Construction,1,9,Reckless Driving
52e00ccf,11/5/23,5:33,"Beijing, China",-83.837709,98.554767,Storm,Snowy,4,4,Weather Conditions
1986a38a,5/18/24,12:09,"Toronto, Canada",-60.12776,171.298295,Clear,Gravel,2,2,Drunk Driving
fe561053,7/2/23,3:48,"Tokyo, Japan",73.95103,100.059728,Storm,Dry,4,0,Mechanical Failure
6950b7cf,9/30/23,21:26,"Mumbai, India",49.048586,40.859518,Hail,Snowy,3,5,Speeding
1ac89932,4/9/24,6:42,"Toronto, Canada",52.11543,-72.93839,Storm,Gravel,3,8,Weather Conditions
2b4a58f3,8/23/24,23:33,"Tokyo, Japan",44.526972,-56.151075,Hail,Wet,3,10,Reckless Driving
0647d544,8/30/23,13:42,"Mumbai, India",-14.482609,-104.008146,Hail,Wet,5,0,Weather Conditions
0368cbcb,4/21/23,12:36,"Tokyo, Japan",-78.18319,153.243509,Snow,Gravel,1,0,Weather Conditions
5b7cbd3d,5/18/24,6:41,"Beijing, China",28.253931,-5.109069,Clear,Snowy,5,3,Weather Conditions
d29063fa,12/31/24,1:48,"New York, USA",-8.966997,-43.890757,Snow,Snowy,1,5,Speeding
b0be7ef1,8/27/24,0:54,"Sydney, Australia",-85.368679,-168.7262,Fog,Snowy,4,5,Weather Conditions
7c4d8e77,9/19/23,8:50,"New York, USA",-78.529073,172.154049,Clear,Gravel,5,9,Mechanical Failure
1ee51dd5,3/26/24,18:17,"Tokyo, Japan",-15.694378,159.378801,Rain,Under Construction,1,8,Drunk Driving
c82e5ca4,3/13/24,7:02,"New York, USA",37.003553,-172.441469,Rain,Wet,1,3,Drunk Driving
e2b48d50,6/28/23,16:38,"Berlin, Germany",32.513217,30.36567,Rain,Snowy,3,7,Weather Conditions
83fcecdf,11/13/23,6:35,"Sydney, Australia",-57.25642,-86.262036,Clear,Under Construction,3,5,Mechanical Failure
99eaed3f,11/2/24,11:39,"Berlin, Germany",10.13317,24.898164,Rain,Dry,4,3,Drunk Driving
69ab6873,5/17/24,17:06,"New York, USA",29.995352,105.47036,Snow,Wet,3,1,Reckless Driving
cc78deda,3/22/24,22:01,"Toronto, Canada",6.716258,131.781861,Hail,Dry,5,7,Weather Conditions
7df3eaf1,10/9/24,23:47,"New York, USA",54.962894,38.406809,Hail,Wet,5,3,Speeding
35b6841c,6/5/23,8:13,"Paris, France",-42.439868,-89.957826,Snow,Under Construction,4,9,Speeding
b739f645,9/22/23,1:13,"Sydney, Australia",46.500149,53.929606,Fog,Under Construction,1,1,Drunk Driving
775298cb,1/26/24,23:38,"Berlin, Germany",-58.686581,-173.942022,Clear,Snowy,5,3,Distracted Driving
fa047771,3/2/24,0:35,"London, UK",-22.544766,-41.555746,Snow,Gravel,4,8,Distracted Driving
bf5b3de1,9/8/24,5:33,"Berlin, Germany",-82.50768,108.29594,Storm,Snowy,3,10,Drunk Driving
fdf7e73d,3/3/23,7:46,"Beijing, China",-48.369521,-155.189288,Snow,Under Construction,4,3,Reckless Driving
e6792e32,8/18/23,12:25,"Berlin, Germany",-15.173736,-67.34508,Storm,Snowy,5,3,Reckless Driving
324151cb,12/5/24,0:06,"London, UK",-19.297176,74.880115,Rain,Under Construction,2,0,Weather Conditions
f12f3cbd,3/2/23,3:21,"Tokyo, Japan",-68.768661,-89.779672,Rain,Dry,3,1,Drunk Driving
ea758481,2/19/24,9:46,"New York, USA",20.148404,-81.438232,Clear,Icy,2,8,Speeding
8b34c6a5,4/9/23,18:51,"Toronto, Canada",86.956252,-87.249745,Storm,Gravel,1,5,Speeding
9a611ac6,11/13/24,10:25,"Mumbai, India",-18.783828,-57.273781,Snow,Dry,1,5,Speeding
5945b7f4,7/1/24,2:52,"Toronto, Canada",-89.486487,-58.925714,Fog,Dry,1,5,Mechanical Failure
560e3896,12/25/23,21:46,"Mumbai, India",37.138414,-13.941258,Rain,Gravel,3,3,Distracted Driving
84ef6368,8/20/24,18:27,"Mumbai, India",-48.610996,-113.866389,Hail,Gravel,1,2,Weather Conditions
5ae2b1fa,1/12/24,7:56,"Paris, France",83.880821,-70.067119,Clear,Icy,5,4,Distracted Driving
6ad3225d,1/25/24,19:07,"Mumbai, India",-56.599977,-2.100344,Rain,Wet,3,5,Distracted Driving
debd4586,9/2/23,16:33,"Paris, France",52.606849,-87.869947,Storm,Dry,4,4,Weather Conditions
7ec4b3e0,2/3/23,17:15,"London, UK",38.686864,52.295429,Rain,Gravel,2,7,Distracted Driving
d9d0688b,8/24/24,4:04,"Tokyo, Japan",32.0532,-7.867384,Fog,Icy,5,2,Reckless Driving
2174611,7/20/23,23:17,"Beijing, China",-73.034076,137.867158,Rain,Gravel,4,3,Weather Conditions
200dedd7,1/6/24,13:00,"Sydney, Australia",-34.142159,89.15172,Rain,Wet,3,3,Mechanical Failure
3ebe96ee,8/12/23,5:08,"Tokyo, Japan",-89.985688,69.439995,Snow,Icy,3,10,Reckless Driving
7d7eb815,8/9/23,18:46,"Beijing, China",80.456365,70.628606,Rain,Under Construction,5,5,Reckless Driving
0eca08e1,8/10/23,5:04,"Toronto, Canada",76.407187,26.935499,Storm,Under Construction,5,0,Reckless Driving
da7a56c1,1/13/24,0:48,"Berlin, Germany",63.17655,117.021863,Snow,Icy,3,9,Drunk Driving
1e56bfd9,5/11/23,4:44,"Sydney, Australia",76.319042,83.076971,Storm,Snowy,4,8,Weather Conditions
0eb13a42,6/8/24,20:08,"New York, USA",-79.045919,106.678645,Hail,Under Construction,3,4,Speeding
4ea7b8d8,4/9/24,21:57,"London, UK",-39.749725,-151.790938,Snow,Snowy,4,6,Weather Conditions
4866a910,12/3/23,21:06,"Sydney, Australia",-19.773532,138.329269,Hail,Snowy,5,1,Mechanical Failure
1b09a300,1/10/24,19:27,"London, UK",34.827127,-0.680527,Fog,Dry,5,9,Drunk Driving
247cadc1,10/7/23,19:12,"Paris, France",-66.182385,-63.147138,Snow,Snowy,4,4,Drunk Driving
94f98ca6,5/21/24,4:36,"Beijing, China",-77.990368,52.985614,Rain,Dry,1,1,Reckless Driving
bafa75e0,8/29/23,23:10,"Beijing, China",63.757971,-39.631618,Storm,Gravel,1,4,Drunk Driving
f8d4647f,4/20/23,22:55,"Beijing, China",30.537763,92.4581,Fog,Wet,1,1,Drunk Driving
090d684e,10/6/24,17:38,"Mumbai, India",47.090335,-113.152245,Fog,Under Construction,4,9,Drunk Driving
0ed8e4f6,3/14/23,22:31,"Sydney, Australia",-66.849347,-28.797697,Storm,Snowy,4,4,Drunk Driving
21242867,1/13/23,23:53,"London, UK",49.471087,-67.222851,Hail,Wet,2,8,Distracted Driving
8.35E+60,5/26/24,4:14,"New York, USA",-33.595361,159.835615,Fog,Dry,4,5,Weather Conditions
ffc98d39,8/3/23,9:54,"Mumbai, India",11.420962,-59.869452,Snow,Wet,5,10,Mechanical Failure
69520aed,1/18/24,16:07,"Toronto, Canada",16.978087,-24.507226,Fog,Icy,1,7,Drunk Driving
111ae1a2,12/17/24,9:19,"New York, USA",-37.061336,-101.474201,Storm,Wet,5,6,Distracted Driving
729b9838,11/23/24,1:37,"Mumbai, India",-83.949258,-20.728628,Snow,Snowy,1,10,Drunk Driving
c58230dc,4/16/24,7:35,"New York, USA",27.187632,-94.880255,Fog,Under Construction,2,10,Speeding
9fc37330,8/1/24,19:18,"London, UK",-39.562876,-172.136211,Hail,Icy,4,2,Drunk Driving
cd6e5aae,5/12/24,0:30,"Toronto, Canada",5.162197,98.196295,Hail,Icy,3,7,Speeding
20db2c39,1/30/23,3:00,"Mumbai, India",44.477934,-8.447062,Fog,Wet,1,3,Reckless Driving
966fc454,8/7/24,3:29,"Mumbai, India",21.303073,-104.086875,Rain,Gravel,2,8,Mechanical Failure
bcde123f,5/11/23,6:13,"Toronto, Canada",-15.332342,-93.13066,Storm,Snowy,1,8,Drunk Driving
13c1aa16,11/24/23,15:09,"Sydney, Australia",24.876933,-134.529318,Clear,Wet,5,10,Speeding
331b4860,6/14/23,20:36,"Paris, France",-13.023079,135.767208,Fog,Icy,2,1,Distracted Driving
7a966fbf,10/2/24,23:35,"Toronto, Canada",-44.715024,-24.10099,Clear,Wet,1,4,Drunk Driving
8a33c37c,12/30/24,8:30,"London, UK",12.051283,-140.23812,Clear,Icy,4,6,Distracted Driving
e9d0cdde,10/24/23,14:41,"Toronto, Canada",-25.586587,-16.501226,Hail,Icy,3,10,Drunk Driving
a9dff5fa,3/6/24,11:11,"Beijing, China",-1.442305,40.430411,Storm,Gravel,5,7,Weather Conditions
e2f6ba80,3/30/24,15:48,"Toronto, Canada",76.005697,-71.938237,Snow,Icy,5,10,Drunk Driving
9cbaeb74,5/29/23,16:46,"Paris, France",7.548479,35.101938,Rain,Dry,4,0,Weather Conditions
81290e8e,4/12/24,23:28,"Mumbai, India",-9.615411,94.046012,Clear,Wet,3,1,Drunk Driving
26cd24eb,3/6/24,4:36,"Paris, France",-31.724419,-146.098736,Fog,Wet,1,0,Distracted Driving
e4f0b291,9/21/24,18:36,"Mumbai, India",65.112872,145.390214,Rain,Gravel,2,9,Drunk Driving
ad03d7df,7/9/24,23:33,"Tokyo, Japan",24.132675,-33.188626,Hail,Snowy,4,1,Distracted Driving
936e028e,11/7/23,3:42,"Mumbai, India",-69.797932,-123.866285,Clear,Dry,1,2,Drunk Driving
f4ff0a5b,4/7/24,8:06,"Toronto, Canada",82.189485,125.973278,Snow,Icy,5,7,Reckless Driving
37437716,8/22/24,16:06,"Paris, France",6.631369,129.344172,Storm,Wet,5,1,Weather Conditions
3.60E+07,5/22/24,5:46,"Toronto, Canada",70.386657,-111.235178,Snow,Gravel,2,10,Mechanical Failure
e4ca12b1,12/8/23,9:04,"Tokyo, Japan",23.486938,-173.708027,Clear,Gravel,4,2,Speeding
855b8c55,2/4/23,2:28,"London, UK",-0.879442,-61.226132,Rain,Under Construction,3,0,Mechanical Failure
82b718a8,3/21/24,22:26,"Toronto, Canada",-70.535999,156.302759,Storm,Icy,5,2,Distracted Driving
b4e08ca2,8/28/24,0:37,"Toronto, Canada",-34.648093,-110.014042,Storm,Gravel,4,3,Mechanical Failure
f675d732,12/26/23,0:18,"Paris, France",17.399589,-133.261876,Rain,Dry,4,10,Mechanical Failure
cedd42cd,10/29/23,3:54,"Berlin, Germany",8.514693,-129.385825,Fog,Icy,4,10,Drunk Driving
b1788ded,6/5/24,0:19,"Beijing, China",35.365522,18.122766,Snow,Snowy,2,1,Drunk Driving
14ef4d17,12/27/24,23:15,"Beijing, China",72.996342,98.173059,Hail,Snowy,2,3,Drunk Driving
30390231,8/28/24,6:51,"Berlin, Germany",-20.626767,33.549063,Hail,Under Construction,1,3,Reckless Driving
acf4560d,6/30/23,11:42,"Mumbai, India",-6.288297,67.358703,Storm,Under Construction,2,7,Mechanical Failure
160c90e5,1/28/24,2:27,"Mumbai, India",53.593929,-108.366663,Hail,Gravel,5,3,Drunk Driving
2e2d7283,12/1/24,5:00,"New York, USA",34.815763,118.264966,Rain,Icy,1,1,Distracted Driving
7aa27743,11/23/24,10:09,"London, UK",-13.673841,50.939055,Hail,Snowy,3,0,Speeding
cedd823c,6/8/23,16:21,"Mumbai, India",33.738779,10.879933,Clear,Icy,3,1,Distracted Driving
b58a2e21,7/15/24,3:09,"London, UK",-9.850089,53.288867,Rain,Wet,1,5,Speeding
deab5f51,8/12/24,7:39,"Mumbai, India",-19.480043,130.343067,Clear,Under Construction,5,7,Weather Conditions
b91e5d41,1/29/23,14:59,"New York, USA",68.516262,147.274147,Fog,Dry,2,6,Mechanical Failure
5e29e065,12/13/24,2:57,"New York, USA",-75.919256,102.811483,Snow,Wet,2,0,Reckless Driving
659f60f6,2/18/24,20:12,"Mumbai, India",3.951524,81.351566,Fog,Icy,2,2,Reckless Driving
fccfcd0c,3/24/23,21:49,"Mumbai, India",-13.384049,-17.7938,Snow,Icy,3,1,Mechanical Failure
b982e27a,1/22/24,12:38,"Toronto, Canada",8.599841,-18.928171,Snow,Dry,1,6,Weather Conditions
3e84903a,5/5/24,10:34,"Tokyo, Japan",-51.760565,132.349244,Hail,Gravel,2,4,Speeding
dc1cae4c,2/3/23,8:31,"Mumbai, India",-7.723591,-125.295823,Snow,Dry,4,3,Distracted Driving
5cb764e5,7/20/23,9:55,"Berlin, Germany",62.404332,-134.813626,Fog,Under Construction,1,8,Weather Conditions
2c5b6296,11/15/23,0:27,"Toronto, Canada",72.885256,50.786609,Rain,Dry,4,4,Reckless Driving
1228eccb,11/1/23,22:17,"Toronto, Canada",20.507716,12.784359,Storm,Icy,4,2,Reckless Driving
f0a85a11,4/2/23,11:09,"Tokyo, Japan",-19.124165,113.716305,Clear,Wet,5,8,Weather Conditions
9d2010e7,5/25/23,21:31,"London, UK",-31.340218,-9.295957,Clear,Dry,1,5,Mechanical Failure
d1a8b4fa,11/17/24,11:21,"Beijing, China",-39.490119,155.83169,Fog,Under Construction,3,6,Reckless Driving
54e24813,11/30/24,20:54,"Toronto, Canada",67.580416,60.497924,Hail,Gravel,1,2,Weather Conditions
220d03a4,10/4/24,20:20,"London, UK",-65.59386,-30.739272,Clear,Gravel,1,8,Speeding
5c1d7625,7/15/23,18:26,"Berlin, Germany",-62.915989,87.529986,Clear,Snowy,5,3,Reckless Driving
c900a481,6/26/24,8:24,"Toronto, Canada",6.30861,-82.345087,Fog,Snowy,1,8,Drunk Driving
1914ccc4,6/13/24,20:06,"New York, USA",-73.357243,-93.035357,Storm,Gravel,2,7,Drunk Driving
edc25971,3/1/24,11:11,"New York, USA",-25.272471,-118.522213,Fog,Wet,3,5,Speeding
86c18325,3/15/24,13:16,"Toronto, Canada",23.652272,-94.003778,Clear,Wet,2,1,Weather Conditions
051ade3f,10/4/24,13:47,"Mumbai, India",-34.916766,-35.747223,Hail,Icy,3,10,Weather Conditions
cad70fed,10/4/23,1:47,"Beijing, China",-74.984096,38.273805,Rain,Icy,3,6,Mechanical Failure
cd63b594,10/23/23,12:50,"London, UK",46.698394,44.438825,Clear,Icy,4,5,Reckless Driving
2a6afdb7,5/13/24,19:42,"Tokyo, Japan",-66.917992,-113.790586,Rain,Gravel,4,0,Mechanical Failure
799f92dd,9/19/23,18:39,"Tokyo, Japan",-46.954122,172.323461,Rain,Gravel,4,6,Speeding
718b5a2a,6/30/24,9:54,"Toronto, Canada",9.976382,-56.454817,Clear,Snowy,2,10,Speeding
567a9373,3/8/23,9:43,"Tokyo, Japan",-83.783306,-93.79965,Rain,Gravel,5,5,Reckless Driving
c5bcd011,10/30/24,17:22,"Sydney, Australia",14.33831,-163.663844,Storm,Under Construction,3,10,Speeding
e2f195b7,5/6/23,2:03,"Sydney, Australia",-35.077435,-41.503885,Snow,Wet,4,4,Weather Conditions
ff6f2b8f,11/9/23,23:36,"New York, USA",32.757025,-73.463922,Rain,Gravel,5,3,Reckless Driving
221b47fa,6/19/23,18:06,"Paris, France",-9.327606,111.470969,Fog,Icy,3,5,Mechanical Failure
009cd0c3,11/28/24,12:12,"London, UK",-73.188001,5.143897,Rain,Gravel,1,9,Reckless Driving
8666cff7,3/3/23,21:01,"Tokyo, Japan",-43.524137,54.598982,Hail,Under Construction,2,6,Weather Conditions
e1c5b22f,11/30/24,23:55,"Paris, France",-86.890879,144.580804,Fog,Wet,3,2,Speeding
373231f9,11/26/24,1:23,"Tokyo, Japan",23.038523,-60.616879,Snow,Snowy,5,2,Weather Conditions
0b4b2ae1,7/15/24,17:36,"London, UK",-13.524557,-83.447745,Clear,Snowy,4,6,Reckless Driving
340e9863,6/11/23,11:27,"Toronto, Canada",-24.674349,175.880385,Snow,Snowy,1,3,Mechanical Failure
e9f1a2df,12/10/23,4:24,"Mumbai, India",-50.957558,-104.849571,Snow,Dry,3,2,Weather Conditions
cc45ec0f,5/30/23,10:38,"Beijing, China",-5.306059,-82.821378,Storm,Snowy,2,0,Drunk Driving
0256b3b4,7/3/24,19:10,"Beijing, China",4.001872,-137.496253,Snow,Dry,5,9,Mechanical Failure
c6e8353a,7/18/24,18:57,"Tokyo, Japan",75.026735,-119.797338,Storm,Snowy,1,5,Distracted Driving
08b7f8c9,12/7/24,12:59,"Beijing, China",-23.480648,-145.673399,Rain,Under Construction,2,8,Drunk Driving
1a43a91f,11/10/24,9:18,"Tokyo, Japan",79.768194,-48.880619,Fog,Wet,1,9,Mechanical Failure
7a64ff2c,12/22/24,8:15,"New York, USA",-57.230172,-151.102431,Storm,Icy,5,1,Distracted Driving
207af7e3,5/26/24,23:09,"New York, USA",31.08609,107.544519,Snow,Gravel,1,2,Distracted Driving
c01f9188,4/10/23,9:36,"Toronto, Canada",-21.612977,-14.832848,Fog,Dry,3,4,Distracted Driving
515a6f90,10/29/23,8:49,"Mumbai, India",-48.677665,31.253065,Rain,Dry,5,10,Distracted Driving
fd3fdad9,12/29/24,18:22,"London, UK",28.522172,-126.000656,Clear,Dry,2,9,Reckless Driving
8b500f3e,5/7/23,14:31,"Toronto, Canada",-13.748857,179.276926,Storm,Dry,1,10,Mechanical Failure
2a4a0c3a,10/29/24,2:09,"London, UK",-49.655646,-36.838777,Rain,Dry,5,10,Mechanical Failure
0261b621,12/23/23,2:57,"New York, USA",17.954393,21.469085,Fog,Gravel,4,4,Weather Conditions
08cbb4bb,6/26/24,2:37,"London, UK",-26.897806,75.952443,Fog,Gravel,1,9,Speeding
68bbed80,8/24/24,0:05,"Beijing, China",39.924037,-151.777351,Clear,Snowy,2,2,Distracted Driving
631d8f7c,11/19/24,4:37,"Beijing, China",-33.947205,48.15116,Storm,Under Construction,1,6,Distracted Driving
631b4f21,5/29/23,2:52,"New York, USA",-56.241338,-165.681544,Clear,Icy,3,7,Weather Conditions
f5f5f282,11/13/23,2:59,"Paris, France",19.639438,-20.926001,Rain,Wet,4,0,Speeding
ce827b66,6/13/23,22:34,"London, UK",-62.743248,-21.53091,Snow,Icy,2,2,Mechanical Failure
1924dbd0,5/25/23,13:13,"Tokyo, Japan",-16.159923,-1.237115,Rain,Gravel,5,10,Reckless Driving
568c3b51,8/10/24,2:45,"Mumbai, India",-78.890935,-130.863321,Rain,Icy,4,9,Weather Conditions
a6245b15,6/16/23,4:12,"New York, USA",-28.399363,164.305646,Fog,Under Construction,2,6,Mechanical Failure
c76b691e,6/5/24,20:54,"New York, USA",70.731251,18.157484,Fog,Wet,3,5,Speeding
5a7076f2,12/4/23,0:30,"Paris, France",65.889106,145.612243,Rain,Gravel,1,0,Reckless Driving
afa5593f,2/17/24,0:19,"Beijing, China",-54.456423,-165.311742,Snow,Under Construction,1,2,Drunk Driving
b2f221fd,8/23/23,9:21,"Sydney, Australia",56.465116,11.781784,Clear,Wet,1,0,Speeding
6d765579,11/4/23,21:39,"Berlin, Germany",89.384274,102.170467,Fog,Icy,3,1,Mechanical Failure
6bfe5697,12/21/24,10:10,"New York, USA",-75.249407,-146.383697,Fog,Snowy,3,5,Reckless Driving
150a7fce,4/19/23,4:52,"Toronto, Canada",-48.241379,27.657192,Storm,Wet,4,1,Weather Conditions
079c5bda,8/22/24,22:12,"Mumbai, India",-35.730071,91.492128,Hail,Snowy,5,0,Distracted Driving
acf1a69f,5/17/24,11:14,"New York, USA",65.440887,151.472739,Snow,Wet,4,5,Weather Conditions
4c2b0768,8/14/24,9:16,"Berlin, Germany",-68.791397,-133.80762,Fog,Gravel,3,8,Distracted Driving
6be934e5,7/9/23,6:11,"New York, USA",75.558974,108.518796,Snow,Wet,1,1,Mechanical Failure
396cf65b,1/7/24,16:11,"London, UK",-58.114442,-52.978631,Clear,Gravel,4,1,Speeding
fd0bea67,3/1/23,11:20,"London, UK",-24.88293,33.449735,Snow,Wet,5,2,Weather Conditions
d72341cc,2/8/23,15:15,"Mumbai, India",10.623561,-130.664731,Rain,Gravel,4,8,Distracted Driving
a7433962,9/6/24,9:36,"Toronto, Canada",37.716775,20.834008,Hail,Wet,3,6,Weather Conditions
1e1cf296,12/25/23,18:54,"London, UK",73.297962,64.908609,Rain,Dry,5,0,Mechanical Failure
d5d607da,8/27/24,0:40,"Toronto, Canada",15.881209,-151.218856,Snow,Under Construction,3,5,Distracted Driving
d5131103,1/19/23,3:31,"Berlin, Germany",-20.455473,156.775641,Fog,Dry,5,10,Mechanical Failure
bd762608,7/24/23,23:31,"New York, USA",-80.283045,173.830288,Rain,Icy,1,7,Mechanical Failure
294ed6ca,9/6/24,18:57,"Toronto, Canada",24.788487,-172.705057,Snow,Icy,2,8,Mechanical Failure
685d12d0,6/3/24,8:31,"Paris, France",-77.682273,124.538011,Fog,Gravel,1,9,Weather Conditions
1c957985,3/25/24,16:13,"Toronto, Canada",57.38475,88.067046,Rain,Icy,4,10,Mechanical Failure
2.73E+88,8/26/24,5:44,"Tokyo, Japan",-68.02777,51.050667,Snow,Wet,5,2,Distracted Driving
73ccc8df,5/2/23,4:03,"Mumbai, India",4.458607,-25.0917,Hail,Under Construction,2,9,Drunk Driving
37f1683c,11/11/24,12:42,"Tokyo, Japan",77.823901,38.458619,Fog,Dry,2,0,Drunk Driving
1ab2e5f8,2/6/24,9:25,"London, UK",70.431645,110.687143,Rain,Wet,1,10,Mechanical Failure
7575acd2,7/6/24,7:34,"Mumbai, India",9.122947,-67.086248,Fog,Gravel,1,3,Reckless Driving
6d20849b,11/5/24,14:59,"Toronto, Canada",-70.829172,103.23473,Clear,Gravel,3,10,Weather Conditions
95bde4a2,4/16/24,16:25,"Tokyo, Japan",16.911744,29.762936,Rain,Wet,3,10,Weather Conditions
a41cbe81,8/18/23,12:38,"London, UK",49.310481,83.470876,Hail,Wet,2,2,Distracted Driving
6e017408,5/10/24,8:55,"Paris, France",14.489813,-61.111972,Hail,Wet,5,0,Drunk Driving
3f3550f0,6/16/23,2:38,"Paris, France",-10.717699,-53.788624,Clear,Wet,4,4,Speeding
0f0576e0,3/14/23,8:08,"Berlin, Germany",45.475449,0.670532,Snow,Gravel,2,9,Weather Conditions
16bff6a7,4/4/23,12:51,"Beijing, China",82.526976,120.372659,Storm,Gravel,1,10,Drunk Driving
60c3114a,12/11/24,2:28,"London, UK",-18.568549,-168.252792,Rain,Icy,3,7,Drunk Driving
bf2cbc75,9/24/24,21:17,"New York, USA",24.326818,-137.363092,Clear,Under Construction,1,10,Speeding
ed47b798,5/8/24,2:04,"New York, USA",-21.678315,-94.310959,Snow,Under Construction,1,2,Reckless Driving
4b865aa0,9/9/24,23:22,"Toronto, Canada",43.156601,-63.248599,Hail,Dry,3,10,Drunk Driving
e2de6a68,4/3/24,13:44,"Beijing, China",77.65566,-54.952254,Snow,Dry,1,8,Weather Conditions
01157b1d,9/4/24,8:22,"Beijing, China",-17.953364,-137.989912,Hail,Dry,2,7,Mechanical Failure
59062d46,1/28/23,18:03,"Mumbai, India",36.701528,-106.893181,Clear,Under Construction,5,9,Mechanical Failure
2781198d,5/18/24,15:39,"Mumbai, India",49.877514,-115.792487,Clear,Wet,3,9,Drunk Driving
91359659,10/19/24,6:25,"Toronto, Canada",-77.756548,-66.268727,Snow,Gravel,4,4,Drunk Driving
38cf1969,6/28/23,15:54,"Berlin, Germany",-20.011024,-91.572525,Snow,Gravel,5,10,Distracted Driving
43ea8caa,2/23/23,15:40,"London, UK",-25.932763,-67.712783,Fog,Gravel,3,1,Mechanical Failure
2ec081ae,1/10/24,10:45,"Toronto, Canada",82.565445,110.600236,Storm,Dry,2,4,Reckless Driving
cc0b8382,3/19/23,5:17,"Toronto, Canada",22.045644,-40.325879,Storm,Icy,2,9,Mechanical Failure
f4d40eb4,9/9/24,22:21,"Beijing, China",30.945091,146.747288,Hail,Icy,5,1,Weather Conditions
66aea5ea,6/30/24,8:08,"Beijing, China",-8.88995,-104.899974,Fog,Dry,3,1,Weather Conditions
61e44e3d,4/14/23,20:25,"Beijing, China",-16.81044,-88.97178,Clear,Wet,3,4,Drunk Driving
44140381,3/13/23,11:24,"Paris, France",-26.925279,-65.2846,Storm,Icy,4,10,Mechanical Failure
76d890b1,9/6/24,13:07,"Sydney, Australia",-77.550735,89.380869,Hail,Icy,2,3,Weather Conditions
7d973c7d,7/29/23,19:07,"Beijing, China",-50.729078,19.211091,Hail,Dry,1,7,Drunk Driving
dc4afbe7,4/19/23,3:11,"Toronto, Canada",84.649993,-17.108002,Storm,Under Construction,1,10,Distracted Driving
30a83a91,8/22/24,5:07,"Toronto, Canada",-32.805076,78.25624,Hail,Dry,4,3,Weather Conditions
d4e65288,6/19/24,0:34,"Sydney, Australia",-76.120236,136.435328,Fog,Snowy,1,8,Reckless Driving
c040e0d6,3/24/23,18:51,"Toronto, Canada",-31.681853,-136.220193,Rain,Under Construction,2,3,Drunk Driving
82c88f47,11/21/23,20:12,"London, UK",-47.152164,-122.987535,Snow,Snowy,1,0,Weather Conditions
8457cd0a,6/24/24,21:03,"New York, USA",70.701814,103.876499,Hail,Wet,1,3,Reckless Driving
12b17083,6/9/23,11:02,"Mumbai, India",27.905427,-108.634749,Rain,Snowy,4,5,Weather Conditions
38a764f4,7/30/23,13:42,"Sydney, Australia",-44.77273,141.163995,Hail,Dry,1,10,Distracted Driving
8a2c420c,1/17/23,16:20,"Toronto, Canada",19.920832,-39.247517,Hail,Snowy,5,4,Mechanical Failure
5b0e5b02,6/3/24,13:35,"Tokyo, Japan",-82.149804,146.574192,Storm,Under Construction,5,2,Weather Conditions
ee217a69,10/4/24,23:05,"Mumbai, India",56.720883,-88.745909,Hail,Dry,4,0,Speeding
48c8e121,10/25/24,23:38,"New York, USA",-27.579096,-177.902684,Clear,Wet,3,8,Speeding
6365c4d7,2/16/24,4:24,"Beijing, China",-43.456182,143.626494,Snow,Under Construction,5,7,Reckless Driving
9b4d4c4b,12/12/23,15:46,"Tokyo, Japan",23.083036,-117.163172,Storm,Wet,5,0,Reckless Driving
d0d71d13,9/13/24,9:08,"Sydney, Australia",-63.332408,110.606167,Storm,Under Construction,3,8,Drunk Driving
5e3d9f7b,4/10/24,12:28,"Paris, France",81.77213,73.968471,Hail,Dry,4,10,Drunk Driving
70f082fc,1/15/23,22:25,"Tokyo, Japan",-14.111009,152.109977,Fog,Dry,2,10,Distracted Driving
570d7f3e,4/28/24,5:06,"Beijing, China",78.10363,-105.445596,Clear,Snowy,2,0,Weather Conditions
052d1c37,9/6/24,11:36,"Toronto, Canada",67.800128,-148.914489,Hail,Dry,4,4,Drunk Driving
9143b3c2,5/1/24,2:28,"Beijing, China",-80.551461,-87.439097,Storm,Under Construction,4,9,Speeding
cb9ebf18,2/28/24,17:15,"Beijing, China",-17.370049,-132.092353,Fog,Dry,4,8,Distracted Driving
8ced712e,9/11/23,19:00,"Paris, France",-69.759005,-69.071319,Hail,Icy,3,5,Weather Conditions
e45991eb,12/17/24,18:08,"Berlin, Germany",-21.686083,-104.380334,Fog,Wet,1,0,Mechanical Failure
3efc0e1c,1/17/23,8:14,"Tokyo, Japan",3.320524,-6.049384,Storm,Wet,1,1,Distracted Driving
3290eba7,1/28/24,3:36,"Mumbai, India",-21.071213,89.261007,Hail,Under Construction,4,1,Mechanical Failure
a3f51b2a,12/11/23,14:40,"New York, USA",-3.886131,140.706745,Rain,Wet,2,2,Drunk Driving
0b8282a0,5/23/24,17:05,"Tokyo, Japan",-62.842644,172.61472,Clear,Dry,3,8,Weather Conditions
f3594522,3/3/24,9:08,"Sydney, Australia",-55.038065,1.061005,Snow,Gravel,1,9,Distracted Driving
45c30765,5/30/23,0:06,"Paris, France",75.279506,172.287905,Rain,Icy,2,9,Distracted Driving
1e049652,8/7/24,17:04,"Berlin, Germany",-30.791409,168.319256,Rain,Snowy,3,3,Weather Conditions
62c7c6b7,6/12/24,17:26,"Sydney, Australia",35.731374,-153.094322,Hail,Gravel,3,10,Reckless Driving
4ef53e7c,4/9/24,17:07,"London, UK",73.453902,18.708357,Hail,Dry,2,6,Weather Conditions
f6dd1cf6,8/23/24,4:35,"Berlin, Germany",-41.781176,-157.198821,Hail,Under Construction,1,6,Distracted Driving
c8e0027e,2/18/24,8:39,"Beijing, China",-72.508398,28.739862,Fog,Snowy,1,4,Distracted Driving
fe01eaca,12/10/24,2:56,"Sydney, Australia",-27.421897,-125.036743,Storm,Gravel,3,5,Mechanical Failure
9b2a3a56,12/1/23,9:44,"Paris, France",-59.696628,33.105481,Rain,Icy,4,2,Speeding
44a3851c,8/19/23,12:04,"London, UK",-80.080766,22.838078,Hail,Under Construction,5,7,Speeding
e718bd91,3/10/23,0:05,"Tokyo, Japan",-70.621962,99.474701,Fog,Snowy,2,0,Drunk Driving
4652aa12,1/23/24,23:11,"Toronto, Canada",45.822136,-93.532321,Fog,Icy,1,7,Drunk Driving
9945bb54,1/3/23,21:15,"Beijing, China",14.619901,3.671327,Hail,Dry,1,0,Weather Conditions
443f0c48,10/29/24,7:19,"Sydney, Australia",55.83942,59.460513,Rain,Dry,1,9,Drunk Driving
0d9c9201,12/8/23,14:13,"Paris, France",36.337494,35.857011,Storm,Under Construction,3,1,Distracted Driving
e1f69bdd,4/16/24,21:36,"Mumbai, India",45.089145,-148.218183,Fog,Dry,3,2,Drunk Driving
c10f9b23,4/17/24,5:18,"Paris, France",-38.118765,54.57609,Hail,Snowy,3,4,Speeding
6b93601a,10/17/24,22:49,"New York, USA",-20.346545,117.183328,Storm,Snowy,2,8,Mechanical Failure
ad5bac57,9/24/24,0:02,"Mumbai, India",35.636548,-161.288817,Storm,Icy,1,7,Speeding
f17b8a5e,1/13/23,21:46,"Toronto, Canada",29.681392,51.404046,Hail,Wet,1,5,Drunk Driving
26951908,6/16/24,15:47,"Toronto, Canada",-75.044866,-36.049448,Snow,Icy,1,4,Drunk Driving
920f5d85,6/6/24,15:40,"New York, USA",-24.656468,172.807659,Snow,Icy,3,2,Reckless Driving
9d1d57a2,1/10/24,12:30,"Berlin, Germany",16.209037,-122.226602,Storm,Icy,2,3,Distracted Driving
f103d50e,12/21/23,21:24,"London, UK",51.608311,-23.317088,Storm,Dry,1,5,Reckless Driving
e99e266a,6/4/24,7:37,"Mumbai, India",-60.95998,61.20854,Rain,Under Construction,3,6,Weather Conditions
6be2c4f7,10/13/23,23:08,"Sydney, Australia",-7.836444,140.851901,Fog,Snowy,4,0,Drunk Driving
bf1b81ec,11/20/23,22:56,"Sydney, Australia",36.833636,-80.864074,Hail,Dry,5,6,Reckless Driving
da30dcef,1/8/24,22:50,"Sydney, Australia",0.79707,-134.158598,Storm,Gravel,4,5,Reckless Driving
0b522672,9/27/23,14:03,"Mumbai, India",-57.523309,-136.670316,Fog,Icy,4,9,Drunk Driving
0c8edb29,7/4/24,7:30,"Beijing, China",40.359364,59.099207,Snow,Gravel,2,5,Speeding
52dc9c1e,2/10/24,6:20,"New York, USA",72.094069,24.281407,Rain,Under Construction,5,9,Distracted Driving
0f7351e7,10/3/23,19:42,"London, UK",-49.287998,-12.775832,Snow,Dry,1,0,Speeding
f220cbdb,2/18/23,8:41,"Berlin, Germany",30.170347,-152.428625,Fog,Snowy,3,6,Reckless Driving
4781b244,7/5/24,3:53,"Berlin, Germany",-30.992403,-140.253301,Snow,Snowy,5,7,Distracted Driving
616aab6c,6/26/23,12:15,"Paris, France",29.963428,29.365646,Clear,Icy,1,3,Speeding
aafc4c40,5/7/24,19:01,"Tokyo, Japan",31.53162,-11.151494,Hail,Under Construction,4,7,Speeding
6910fdca,9/11/23,7:16,"Berlin, Germany",-22.760916,-159.400953,Hail,Under Construction,5,1,Weather Conditions
7541ecfd,9/22/24,21:23,"Berlin, Germany",-89.790246,56.370864,Rain,Snowy,3,1,Weather Conditions
4653cdea,7/18/23,17:08,"Berlin, Germany",-69.815849,100.429843,Rain,Snowy,1,7,Speeding
59f0622a,10/22/23,23:04,"Tokyo, Japan",47.721113,164.42425,Fog,Dry,4,4,Speeding
e1c91cea,8/30/24,7:18,"New York, USA",-65.405522,110.584597,Fog,Gravel,4,1,Mechanical Failure
8aaee008,9/14/24,3:48,"New York, USA",-45.572533,61.647955,Rain,Dry,4,10,Weather Conditions
f4fa63d8,10/12/23,8:07,"Tokyo, Japan",42.764509,-106.541208,Storm,Gravel,5,4,Weather Conditions
4bf0df06,1/7/24,18:22,"Paris, France",-36.365542,-6.034318,Snow,Wet,3,6,Speeding
98849e5e,1/19/23,12:37,"Toronto, Canada",-75.136189,-154.223399,Clear,Dry,5,2,Weather Conditions
d474170d,8/12/23,23:01,"Paris, France",77.459999,-161.361782,Storm,Icy,3,2,Drunk Driving
392d3189,2/27/24,1:59,"Mumbai, India",14.446554,-101.47038,Fog,Gravel,1,2,Weather Conditions
c1a825be,9/23/24,10:41,"Tokyo, Japan",-46.72671,-14.557433,Hail,Snowy,5,1,Distracted Driving
414bfc8a,1/20/24,17:17,"Paris, France",82.948613,10.063902,Fog,Under Construction,4,4,Weather Conditions
c2f6eb48,7/30/23,23:42,"Berlin, Germany",32.681564,165.873045,Rain,Dry,5,10,Drunk Driving
76bc8241,9/7/23,23:30,"Tokyo, Japan",50.026398,-140.202494,Clear,Wet,3,7,Mechanical Failure
fefdab38,2/8/23,3:42,"Beijing, China",64.090918,-83.546885,Fog,Wet,1,4,Drunk Driving
2adba0e4,7/16/23,15:10,"London, UK",-17.436159,105.296888,Hail,Wet,4,8,Distracted Driving
0d30aa1c,6/18/23,9:20,"Paris, France",14.687936,-57.710631,Hail,Wet,5,7,Distracted Driving
391fa4a2,9/12/24,14:37,"Berlin, Germany",83.156573,4.699306,Hail,Under Construction,1,7,Drunk Driving
d9e0d2ea,12/24/23,16:50,"Toronto, Canada",41.704824,-78.792668,Snow,Under Construction,5,2,Distracted Driving
88e1e79b,3/24/23,14:20,"Toronto, Canada",39.663136,68.474983,Snow,Gravel,2,7,Distracted Driving
536d99d0,6/18/23,4:01,"Berlin, Germany",-83.287352,139.033425,Fog,Wet,3,3,Weather Conditions
f18c9511,6/25/24,4:21,"Mumbai, India",15.472019,-26.289387,Hail,Under Construction,1,0,Speeding
ed9b0d4e,12/9/24,1:14,"Mumbai, India",58.531594,61.961384,Clear,Wet,5,0,Reckless Driving
9bab81db,6/28/24,4:05,"Tokyo, Japan",-48.49196,-90.995299,Snow,Icy,3,2,Reckless Driving
4d650eba,7/15/24,5:08,"London, UK",-72.300939,86.740411,Snow,Under Construction,5,1,Drunk Driving
c4ddf3d6,11/16/23,14:37,"Berlin, Germany",17.549914,-32.311013,Fog,Gravel,5,9,Speeding
7d3d3476,7/21/24,0:43,"Toronto, Canada",-41.893921,-118.696569,Storm,Icy,5,9,Reckless Driving
f7678ed1,9/13/23,7:26,"Mumbai, India",30.77276,-55.560755,Snow,Gravel,1,10,Weather Conditions
9dce1222,9/4/24,18:31,"New York, USA",21.310624,-124.856969,Storm,Gravel,1,1,Mechanical Failure
0055619f,2/25/23,7:37,"Toronto, Canada",-18.433541,57.987241,Storm,Under Construction,2,4,Drunk Driving
5ccb8a41,6/29/23,7:55,"Beijing, China",86.229403,-29.631018,Rain,Icy,1,8,Reckless Driving
b2d706d6,11/29/24,1:28,"Paris, France",-28.246718,170.151645,Storm,Icy,2,2,Distracted Driving
3bf99eee,4/21/23,23:08,"Tokyo, Japan",49.820393,-124.271578,Fog,Snowy,5,9,Mechanical Failure
14ab9a4e,2/6/24,15:37,"Mumbai, India",52.127612,-75.149456,Fog,Dry,3,9,Mechanical Failure
3fa35faf,9/18/23,14:24,"Paris, France",60.583874,158.30326,Rain,Dry,4,10,Mechanical Failure
8e6b64ea,6/14/23,12:29,"Mumbai, India",83.336311,-92.182894,Clear,Icy,1,9,Distracted Driving
5c29fd3f,8/25/23,8:35,"Beijing, China",44.196378,-108.964853,Hail,Under Construction,4,3,Drunk Driving
b1561c20,1/15/23,12:51,"Toronto, Canada",-34.835331,157.206723,Storm,Under Construction,1,0,Drunk Driving
2bd7207a,7/6/23,19:33,"Sydney, Australia",-67.459811,22.42458,Hail,Under Construction,5,3,Speeding
2dfc8177,9/9/24,22:50,"Berlin, Germany",49.607926,-81.830972,Clear,Icy,3,10,Mechanical Failure
81fd710b,4/28/23,10:26,"Sydney, Australia",49.760643,76.563268,Rain,Dry,4,9,Drunk Driving
fc54aae1,10/26/23,6:08,"New York, USA",-34.225151,-145.938148,Fog,Dry,5,2,Distracted Driving
91f4a346,11/11/23,4:05,"Sydney, Australia",-81.46766,-97.809652,Snow,Snowy,4,10,Reckless Driving
9b16fb85,6/29/23,13:43,"Berlin, Germany",-55.960875,-22.140842,Rain,Icy,4,4,Drunk Driving
c3f1cec6,9/19/24,17:47,"Sydney, Australia",-8.761604,73.144923,Rain,Gravel,5,2,Drunk Driving
15192d1e,3/14/23,9:07,"London, UK",-5.143867,-166.556162,Storm,Dry,2,7,Weather Conditions
ae80d931,2/28/23,9:42,"Paris, France",67.384876,-71.260585,Storm,Gravel,1,8,Distracted Driving
7ac2d9f3,3/16/24,18:55,"Beijing, China",-62.042682,156.478465,Clear,Dry,1,8,Speeding
a70cf19b,8/21/24,17:21,"Paris, France",-16.82097,12.593967,Hail,Under Construction,1,1,Speeding
3e1f7f54,3/4/23,18:54,"Mumbai, India",81.476923,-145.612111,Snow,Under Construction,2,9,Distracted Driving
fa4e8436,2/7/24,17:07,"Paris, France",-20.556306,38.957934,Fog,Icy,5,5,Speeding
93db2e61,4/29/24,21:35,"Toronto, Canada",-37.761518,-63.547969,Fog,Wet,1,3,Mechanical Failure
56424ee8,11/27/23,4:18,"Mumbai, India",74.93634,6.506439,Snow,Wet,3,2,Speeding
305c513a,9/19/23,11:58,"Beijing, China",12.497634,139.786018,Fog,Under Construction,1,9,Distracted Driving
85c882d1,3/28/23,21:29,"Paris, France",19.770731,177.874733,Snow,Snowy,4,3,Reckless Driving
0ed02eff,2/7/23,9:47,"London, UK",-67.793993,57.091402,Snow,Snowy,2,4,Speeding
bbf9b363,10/1/24,2:29,"Berlin, Germany",-37.975084,-153.278072,Clear,Wet,3,5,Speeding
aee2cfe2,9/8/24,10:01,"Beijing, China",-7.633797,-21.212207,Storm,Under Construction,4,3,Mechanical Failure
10d689df,8/12/23,5:09,"London, UK",-64.549908,160.683021,Storm,Wet,1,0,Distracted Driving
7e977cde,8/8/24,1:05,"Paris, France",49.750143,-65.772574,Rain,Snowy,3,1,Speeding
acf4dbf4,11/12/23,20:15,"Mumbai, India",-73.887699,-136.56751,Fog,Snowy,5,0,Reckless Driving
11dd3c82,12/7/24,3:43,"New York, USA",-17.664047,-86.542146,Snow,Wet,3,5,Reckless Driving
a6d7281d,1/28/24,7:07,"Tokyo, Japan",-51.905827,10.035719,Clear,Wet,5,6,Mechanical Failure
e5b810ef,8/29/24,16:44,"New York, USA",33.03766,148.981622,Rain,Gravel,4,7,Mechanical Failure
ac38a533,4/9/23,6:01,"London, UK",54.41221,74.160041,Hail,Icy,1,4,Drunk Driving
d05715f2,9/25/24,4:52,"Sydney, Australia",62.486189,-38.881517,Storm,Icy,3,3,Speeding
d63da263,5/18/24,14:18,"Sydney, Australia",63.35323,-45.703349,Rain,Wet,5,6,Distracted Driving
e094ee7f,7/26/24,18:49,"Berlin, Germany",-41.670318,-11.796224,Storm,Under Construction,5,10,Drunk Driving
71c661a2,3/6/23,12:17,"Toronto, Canada",-50.067722,89.508912,Hail,Wet,5,6,Mechanical Failure
66ee05d0,7/8/24,2:22,"Paris, France",-9.563382,135.596866,Snow,Dry,3,7,Speeding
c75977f2,10/5/24,21:32,"Paris, France",-68.166866,-69.926314,Clear,Dry,4,7,Drunk Driving
ffa9fb12,11/4/24,13:25,"London, UK",89.585099,-131.378995,Fog,Under Construction,2,5,Reckless Driving
3e1475b0,9/6/24,19:25,"Beijing, China",12.352446,-65.297955,Storm,Wet,1,9,Mechanical Failure
1f4f9e1d,2/22/24,19:47,"Toronto, Canada",5.169109,140.19604,Snow,Wet,5,4,Speeding
c5f4de29,6/29/24,9:20,"Tokyo, Japan",-49.304924,166.44699,Clear,Wet,1,9,Weather Conditions
d3eb38b3,3/26/23,23:20,"London, UK",-61.728528,102.634671,Fog,Snowy,1,0,Reckless Driving
da36dcc6,10/21/24,15:33,"Sydney, Australia",-10.162065,161.327999,Fog,Icy,2,2,Reckless Driving
3de995d1,11/15/24,3:24,"Sydney, Australia",-69.825565,-17.25087,Clear,Gravel,3,6,Speeding
87a7d60c,12/30/23,2:55,"Mumbai, India",12.908326,12.78473,Snow,Wet,3,4,Speeding
5c13e1cf,6/15/24,18:22,"New York, USA",-43.309388,123.920703,Rain,Wet,2,7,Speeding
16dfd1cb,2/24/23,11:26,"Sydney, Australia",47.353703,31.749694,Hail,Gravel,5,1,Distracted Driving
6b1fb7f5,12/18/24,7:56,"Tokyo, Japan",62.648861,105.782469,Storm,Wet,3,2,Reckless Driving
a91e4d14,2/9/23,10:45,"Toronto, Canada",-26.55793,16.954331,Clear,Under Construction,2,7,Mechanical Failure
4b038c7e,10/27/23,14:43,"Sydney, Australia",25.233653,-86.568025,Fog,Dry,1,7,Drunk Driving
c6cff5d4,3/23/23,17:18,"Berlin, Germany",14.193054,139.746888,Rain,Wet,2,1,Speeding
f8417826,11/8/23,9:26,"Paris, France",52.866162,-120.449418,Clear,Under Construction,4,0,Drunk Driving
cad4e400,4/10/24,19:10,"Berlin, Germany",-35.26566,-68.837364,Storm,Under Construction,5,8,Weather Conditions
4.39E+297,1/26/24,16:16,"Sydney, Australia",-55.87586,-126.083154,Snow,Dry,3,4,Drunk Driving
d5bf0c23,1/27/24,0:47,"Mumbai, India",17.31922,-138.966886,Storm,Under Construction,2,7,Distracted Driving
44b144cb,3/28/24,21:15,"Sydney, Australia",-23.055123,-68.530388,Clear,Dry,2,7,Weather Conditions
74cd16d5,6/16/24,21:31,"Paris, France",40.768042,13.998825,Fog,Under Construction,3,2,Speeding
c727297c,3/26/23,9:02,"Sydney, Australia",54.176484,-114.90265,Rain,Under Construction,5,10,Speeding
049e2d30,8/3/24,16:03,"Mumbai, India",71.703527,112.625441,Clear,Under Construction,1,9,Mechanical Failure
03a40f78,5/20/24,17:41,"London, UK",66.984649,-5.122786,Hail,Gravel,5,1,Drunk Driving
f7a69d16,6/2/24,0:20,"Berlin, Germany",-13.649513,150.115493,Snow,Gravel,3,9,Reckless Driving
12bb5357,11/24/23,8:46,"Sydney, Australia",31.312211,-125.097552,Hail,Icy,5,8,Weather Conditions
4c63ee61,9/1/24,8:52,"Paris, France",38.434218,32.067759,Storm,Snowy,3,2,Drunk Driving
70d12b70,3/16/23,9:03,"Tokyo, Japan",-9.72898,179.876626,Rain,Wet,1,8,Mechanical Failure
e13c9cce,3/2/23,18:45,"Mumbai, India",-83.770273,-23.215888,Hail,Icy,3,5,Distracted Driving
6fc533a5,6/8/24,21:01,"London, UK",-64.87671,49.172748,Hail,Dry,2,7,Mechanical Failure
b178e244,12/12/23,20:06,"London, UK",-18.431174,91.14868,Clear,Snowy,3,10,Drunk Driving
1881b90e,8/16/23,18:01,"Tokyo, Japan",-68.081392,142.458925,Fog,Wet,4,1,Mechanical Failure
314738cb,9/2/24,9:01,"London, UK",-15.615293,15.301679,Snow,Snowy,4,3,Mechanical Failure
05a195db,6/23/23,18:55,"Berlin, Germany",68.577089,122.917857,Fog,Gravel,4,0,Reckless Driving
38586a30,1/3/23,21:38,"London, UK",-54.923018,84.497669,Rain,Wet,4,2,Drunk Driving
41a54b32,5/7/23,10:02,"Paris, France",-28.557272,30.692383,Fog,Snowy,3,5,Reckless Driving
8edb8e7d,8/20/23,23:54,"Toronto, Canada",-84.046501,148.507449,Storm,Wet,2,4,Distracted Driving
6c6d501b,2/8/24,17:25,"New York, USA",-51.682041,-61.109152,Snow,Dry,3,9,Speeding
ca312309,1/28/23,9:47,"London, UK",-9.041185,91.1793,Snow,Snowy,3,3,Drunk Driving
30acbae5,10/27/23,4:32,"Toronto, Canada",74.69038,17.086562,Clear,Dry,5,8,Mechanical Failure
21d20911,9/13/23,8:12,"Toronto, Canada",6.319439,-129.15931,Hail,Snowy,2,7,Mechanical Failure
91bfb729,5/2/23,0:52,"Toronto, Canada",-83.227586,-176.828986,Storm,Icy,1,5,Drunk Driving
d5556b52,11/3/23,1:36,"Mumbai, India",49.478914,56.044525,Fog,Icy,4,0,Drunk Driving
c5fed8e1,2/25/24,10:10,"London, UK",30.225492,-54.69358,Snow,Dry,5,5,Distracted Driving
8a7b5261,8/9/24,17:54,"New York, USA",33.795512,-46.931173,Snow,Under Construction,2,6,Weather Conditions
b6fb165c,3/28/23,10:49,"Tokyo, Japan",-61.652954,-106.532353,Storm,Wet,3,2,Distracted Driving
758222f8,4/11/23,18:29,"Mumbai, India",22.479559,-81.429098,Storm,Dry,2,7,Mechanical Failure
afb3dfff,2/9/24,19:43,"Mumbai, India",60.508639,37.09055,Rain,Gravel,4,9,Weather Conditions
dc0d7227,7/27/24,17:16,"Tokyo, Japan",39.868321,3.754151,Storm,Dry,2,8,Speeding
2409af11,4/8/23,17:58,"New York, USA",69.56418,2.309381,Hail,Under Construction,1,10,Drunk Driving
381f1c34,7/10/23,22:19,"Berlin, Germany",-19.448141,-93.023087,Storm,Gravel,2,10,Drunk Driving
a1320dd4,10/22/23,15:55,"New York, USA",-72.552791,19.915574,Snow,Dry,3,2,Distracted Driving
f8a88994,7/9/23,10:47,"London, UK",2.426379,0.164555,Storm,Wet,2,9,Speeding
a7e1bf20,2/10/23,16:37,"Beijing, China",39.209387,-21.828878,Hail,Icy,2,5,Weather Conditions
d689995a,12/2/23,11:09,"Berlin, Germany",30.112253,-29.760677,Fog,Snowy,5,7,Mechanical Failure
087d7605,12/9/24,6:57,"Tokyo, Japan",9.683135,65.516646,Clear,Snowy,3,4,Distracted Driving
6a0ab64a,4/22/23,10:58,"Paris, France",-15.662394,-162.592001,Clear,Dry,2,2,Distracted Driving
4ea978ed,10/8/24,9:11,"New York, USA",8.663917,134.546645,Rain,Dry,2,1,Mechanical Failure
d1731a5f,4/7/23,1:38,"Tokyo, Japan",21.165486,32.882417,Fog,Dry,2,2,Weather Conditions
593a4c1e,11/11/24,13:33,"New York, USA",-45.610191,-12.169456,Fog,Icy,5,8,Weather Conditions
330c8509,1/9/23,0:31,"New York, USA",79.530148,-59.615911,Clear,Icy,3,7,Reckless Driving
6885cb47,11/11/23,23:36,"Berlin, Germany",42.058667,-83.901025,Snow,Gravel,3,0,Weather Conditions
401fe921,6/7/23,8:59,"Tokyo, Japan",-28.381213,176.522079,Fog,Snowy,1,9,Reckless Driving
8220dfd9,7/15/24,22:20,"New York, USA",-15.253409,119.763564,Clear,Dry,4,5,Speeding
e490e650,1/12/23,13:52,"Paris, France",-71.981979,-177.312968,Fog,Gravel,2,4,Reckless Driving
db6420ed,11/8/24,17:19,"London, UK",1.129755,-96.375383,Storm,Icy,5,0,Speeding
d2870ec2,7/27/24,5:42,"Berlin, Germany",2.570807,23.427312,Hail,Under Construction,3,9,Distracted Driving
70ee7e66,11/9/23,15:55,"Mumbai, India",11.252368,-32.258512,Hail,Under Construction,2,1,Distracted Driving
7d2d9bff,11/5/24,2:18,"Sydney, Australia",-75.836796,62.992222,Snow,Wet,5,1,Weather Conditions
bff57fad,11/3/23,22:41,"Tokyo, Japan",44.585044,156.887647,Fog,Icy,2,8,Distracted Driving
ca169733,2/19/23,0:22,"Tokyo, Japan",-28.360915,-77.557839,Snow,Gravel,2,9,Reckless Driving
635685f6,4/19/24,4:22,"New York, USA",-70.090969,45.937526,Snow,Gravel,4,5,Distracted Driving
f52d3197,10/15/24,18:48,"Toronto, Canada",87.333268,30.884588,Hail,Dry,2,9,Reckless Driving
e3a8d816,10/4/23,3:11,"New York, USA",-14.29231,-175.16954,Storm,Snowy,1,8,Speeding
23f7e4c0,12/3/24,23:25,"Berlin, Germany",-66.097164,88.736935,Storm,Snowy,2,8,Drunk Driving
9e199624,11/17/23,19:53,"Tokyo, Japan",-5.135222,113.156102,Fog,Dry,2,9,Weather Conditions
e5e7b132,8/1/24,15:26,"Mumbai, India",-52.775008,91.073071,Rain,Snowy,1,6,Speeding
811cfb90,3/14/23,4:37,"Tokyo, Japan",29.919962,-68.92319,Storm,Icy,4,5,Reckless Driving
0b23884d,9/18/23,12:06,"Beijing, China",-86.132674,42.168197,Fog,Dry,4,4,Mechanical Failure
38fbf44b,10/20/23,6:03,"Toronto, Canada",-37.542381,26.298987,Storm,Dry,1,9,Reckless Driving
7666d6b8,12/3/24,12:16,"New York, USA",-5.931139,-109.514448,Storm,Gravel,5,2,Reckless Driving
7820a1b2,4/1/24,4:03,"Beijing, China",17.529477,133.402006,Fog,Gravel,5,8,Reckless Driving
14596999,10/25/24,8:02,"Paris, France",-43.418659,1.440474,Hail,Under Construction,4,8,Mechanical Failure
71f5932b,6/29/23,17:48,"Paris, France",1.391447,-157.830743,Fog,Under Construction,5,4,Speeding
e2de931e,5/9/24,2:07,"London, UK",46.937359,128.051081,Clear,Dry,4,2,Drunk Driving
d905d744,6/14/23,5:04,"Paris, France",3.635219,-176.633688,Rain,Icy,3,8,Drunk Driving
6e70c56d,4/26/23,22:29,"Toronto, Canada",-51.917861,-155.786503,Hail,Icy,5,9,Speeding
411386d2,2/16/24,9:11,"Mumbai, India",-34.687541,7.036409,Storm,Wet,4,7,Mechanical Failure
c12a3b1a,11/5/24,1:19,"Tokyo, Japan",-42.789201,161.261218,Clear,Icy,3,4,Mechanical Failure
d7015470,12/30/23,22:38,"Paris, France",62.828872,-61.92436,Hail,Dry,2,0,Weather Conditions
2189eb92,10/25/24,19:47,"Berlin, Germany",-68.819006,-143.401884,Fog,Icy,1,10,Weather Conditions
9fcb8fb9,12/25/24,21:46,"Sydney, Australia",63.258442,-117.569801,Hail,Snowy,2,7,Reckless Driving
2f876c91,5/29/24,10:15,"Sydney, Australia",0.968803,67.041696,Hail,Dry,5,1,Weather Conditions
95507c52,1/31/24,1:57,"Berlin, Germany",-33.810204,38.285681,Hail,Snowy,5,10,Speeding
6c2e8f90,7/25/23,1:07,"New York, USA",-40.654126,169.02251,Rain,Gravel,1,0,Mechanical Failure
3a59883d,9/28/23,0:44,"Toronto, Canada",21.923582,-105.348578,Storm,Dry,2,5,Drunk Driving
77ac1e15,5/12/23,20:41,"Mumbai, India",-0.702426,-25.597612,Fog,Under Construction,5,4,Mechanical Failure
a824c4d8,12/11/24,19:35,"Tokyo, Japan",17.491978,176.712862,Storm,Dry,1,7,Reckless Driving
00146d55,4/3/24,17:53,"London, UK",74.16936,156.055569,Snow,Wet,5,5,Drunk Driving
f209c09d,4/4/24,15:40,"Mumbai, India",56.782985,-58.906039,Snow,Snowy,5,8,Speeding
9985d98a,11/5/24,17:11,"Mumbai, India",-45.220968,-22.253985,Rain,Snowy,5,9,Speeding
1a2d9084,8/21/24,5:41,"London, UK",48.749044,138.954052,Fog,Dry,4,10,Speeding
d4491285,12/29/24,8:18,"Tokyo, Japan",13.695224,134.080428,Hail,Gravel,3,0,Speeding
683c15ea,11/24/23,5:39,"Beijing, China",4.294223,-83.100677,Storm,Under Construction,3,1,Drunk Driving
57fde598,7/22/24,3:35,"Sydney, Australia",-33.30571,118.292885,Storm,Wet,4,3,Drunk Driving
5d362729,3/8/23,23:32,"Toronto, Canada",-38.874652,150.705581,Hail,Icy,2,3,Weather Conditions
8ed921c7,9/28/23,15:55,"Toronto, Canada",-18.836487,-80.216922,Snow,Wet,1,4,Reckless Driving
8d10b29d,1/7/23,2:56,"Tokyo, Japan",72.832873,68.128264,Rain,Wet,4,9,Mechanical Failure
8172c411,10/29/23,16:23,"Tokyo, Japan",8.019898,-176.496368,Clear,Wet,3,4,Reckless Driving
30a79a45,11/15/23,18:14,"Paris, France",22.840634,-27.375666,Clear,Snowy,5,2,Mechanical Failure
86e5f2e2,4/2/24,16:05,"Paris, France",23.844849,-116.798218,Storm,Snowy,1,0,Speeding
45a9fe4e,9/28/23,2:12,"Toronto, Canada",-25.416718,-130.113714,Snow,Wet,1,8,Mechanical Failure
3c255337,12/10/24,15:51,"Beijing, China",-9.044535,-71.244714,Fog,Wet,3,10,Speeding
25f7d82b,3/8/24,5:52,"Paris, France",-9.675722,103.164494,Rain,Wet,4,8,Weather Conditions
7c1cc26c,7/16/24,11:49,"Toronto, Canada",-18.216108,-109.003754,Snow,Under Construction,4,1,Mechanical Failure
ee3dd8a6,9/19/24,17:28,"Mumbai, India",-75.33952,108.7529,Hail,Dry,5,6,Weather Conditions
f14a5c23,7/10/23,9:10,"New York, USA",79.630823,79.549155,Hail,Icy,5,7,Weather Conditions
750dda46,2/11/24,12:49,"Sydney, Australia",52.628787,86.393767,Storm,Wet,1,4,Speeding
32c72c97,1/26/24,14:03,"Beijing, China",-8.202029,56.257807,Rain,Icy,2,4,Drunk Driving
7c4564b1,10/21/23,9:16,"Sydney, Australia",-77.555869,-18.26301,Rain,Wet,1,5,Distracted Driving
a4294041,7/31/23,17:26,"Berlin, Germany",4.384443,68.561513,Fog,Under Construction,3,10,Mechanical Failure
c39aabd1,11/10/24,6:30,"New York, USA",51.245334,-84.178453,Storm,Icy,2,4,Distracted Driving
83cd80b9,6/23/23,6:24,"Tokyo, Japan",20.200102,-26.879853,Hail,Snowy,4,9,Speeding
08a64b12,11/10/23,17:55,"Tokyo, Japan",48.705163,147.432124,Snow,Dry,1,9,Speeding
d5fa1577,8/9/24,22:38,"Beijing, China",71.119573,117.161203,Hail,Icy,5,6,Distracted Driving
97dbb316,9/24/23,23:42,"London, UK",46.673472,-131.633108,Snow,Snowy,3,0,Speeding
dfee08b1,9/15/23,17:09,"Paris, France",-69.410813,109.661902,Hail,Under Construction,4,6,Drunk Driving
116fe51c,5/11/24,5:03,"Mumbai, India",52.692478,113.947709,Snow,Under Construction,1,3,Reckless Driving
300dc7ae,3/24/23,3:49,"Berlin, Germany",-61.507008,60.06858,Snow,Wet,3,2,Weather Conditions
f4907b07,11/22/23,11:09,"Toronto, Canada",36.33365,82.491696,Fog,Gravel,3,1,Drunk Driving
73d4af40,8/17/24,19:15,"Beijing, China",64.646695,-91.580169,Rain,Snowy,2,7,Distracted Driving
67ac8c33,6/29/24,9:35,"Beijing, China",65.401748,-135.023156,Hail,Gravel,4,10,Speeding
8c1f2a63,12/5/23,16:02,"London, UK",81.852219,-33.366054,Hail,Under Construction,4,6,Mechanical Failure
de745276,7/14/23,12:29,"Berlin, Germany",10.156254,47.708333,Storm,Snowy,3,7,Reckless Driving
92d558d5,9/11/24,0:56,"Sydney, Australia",5.958365,103.761783,Clear,Snowy,4,4,Weather Conditions
c5eaff52,8/21/23,11:10,"London, UK",74.23725,115.946294,Fog,Dry,5,2,Drunk Driving
ead37842,2/27/24,17:24,"Beijing, China",64.442307,-91.842412,Clear,Wet,2,8,Reckless Driving
9a0b8235,9/16/23,17:21,"Berlin, Germany",-4.113029,36.975034,Hail,Snowy,5,0,Reckless Driving
bc682385,1/24/24,21:16,"Beijing, China",-54.396033,-59.761713,Snow,Under Construction,1,8,Weather Conditions
ff36a9d5,12/7/24,2:00,"Mumbai, India",9.03302,-105.260932,Hail,Snowy,5,4,Speeding
8f000e7c,8/13/24,1:47,"New York, USA",44.440505,119.827511,Rain,Wet,4,6,Weather Conditions
14755be7,3/5/24,4:53,"Toronto, Canada",-23.248244,134.556636,Hail,Gravel,4,8,Distracted Driving
ea03d7a1,5/23/24,11:21,"Mumbai, India",67.673229,174.022566,Fog,Dry,5,2,Weather Conditions
e77362ea,5/9/23,19:40,"London, UK",-88.406491,83.280964,Snow,Gravel,3,8,Distracted Driving
f690cb4f,5/30/23,8:19,"Tokyo, Japan",76.923355,161.48988,Storm,Under Construction,2,0,Drunk Driving
6f13f6d0,4/27/24,15:30,"Paris, France",-4.757736,-103.436755,Clear,Snowy,3,1,Reckless Driving
a4157933,9/28/23,13:46,"Paris, France",31.806222,47.199098,Rain,Gravel,2,7,Speeding
0e7ba157,5/11/23,21:20,"Mumbai, India",-39.142861,-128.584792,Clear,Gravel,1,5,Distracted Driving
60fa3f2b,12/27/23,6:23,"London, UK",19.385466,9.057186,Clear,Snowy,2,2,Reckless Driving
92a5d2aa,10/28/23,6:13,"Toronto, Canada",-31.245567,-39.055342,Rain,Icy,3,4,Reckless Driving
dd7d71f3,8/3/23,0:30,"Paris, France",48.974226,172.283175,Snow,Dry,2,9,Reckless Driving
f9e201e6,7/9/23,1:12,"New York, USA",45.705361,175.879144,Snow,Icy,2,5,Weather Conditions
6e972fd7,9/28/24,19:21,"Beijing, China",-3.931365,91.962544,Clear,Icy,4,6,Drunk Driving
afb06c68,3/4/24,19:56,"Tokyo, Japan",51.119776,76.599598,Rain,Dry,2,6,Weather Conditions
d7c404ca,11/14/24,23:30,"Berlin, Germany",-18.881779,57.184969,Hail,Snowy,5,8,Speeding
7ed263ea,12/10/24,0:00,"Berlin, Germany",-19.533316,98.348722,Rain,Dry,2,8,Mechanical Failure
4787005c,11/9/24,7:24,"London, UK",79.33768,149.427535,Clear,Wet,5,5,Reckless Driving
f11b60a7,9/27/23,1:08,"New York, USA",-35.70991,-168.833471,Fog,Wet,3,5,Weather Conditions
53872154,7/19/24,8:54,"London, UK",-5.764472,-28.912812,Snow,Snowy,2,1,Reckless Driving
e9497da7,1/12/23,9:46,"Paris, France",-56.978351,123.005802,Storm,Under Construction,5,10,Speeding
35dbb9dc,1/31/23,9:32,"New York, USA",58.767114,169.693268,Snow,Snowy,5,2,Drunk Driving
36fe8937,10/6/24,7:38,"Beijing, China",48.008452,134.611898,Hail,Dry,4,3,Weather Conditions
d7a69cc3,3/7/23,10:16,"Berlin, Germany",86.281666,110.894783,Storm,Under Construction,5,9,Weather Conditions
9089c1a2,11/11/24,1:09,"Sydney, Australia",-64.71139,-81.967501,Clear,Gravel,1,4,Mechanical Failure
8a3b90e6,4/19/23,9:54,"Tokyo, Japan",19.65235,178.627331,Snow,Icy,2,5,Weather Conditions
50d382ab,2/29/24,23:31,"Tokyo, Japan",25.654551,12.424438,Clear,Dry,1,2,Reckless Driving
9597dd66,6/26/24,11:29,"Tokyo, Japan",-88.007678,104.511219,Rain,Snowy,4,1,Reckless Driving
faf85266,8/23/24,0:37,"Paris, France",69.670403,28.802487,Rain,Gravel,1,8,Weather Conditions
0376ad79,7/30/23,23:44,"Beijing, China",58.306944,-8.817061,Rain,Snowy,3,7,Speeding
fcdadc7a,3/21/24,6:19,"New York, USA",82.533752,-92.981857,Fog,Gravel,3,10,Speeding
9f631078,1/26/24,0:59,"New York, USA",-74.826356,105.031724,Storm,Snowy,5,8,Speeding
50a0cf59,5/25/23,5:02,"Berlin, Germany",-8.873928,89.492325,Fog,Snowy,4,4,Reckless Driving
83af96fc,3/4/24,7:34,"Sydney, Australia",56.507664,88.344528,Fog,Snowy,2,4,Speeding
7085d0e6,3/1/23,17:40,"Paris, France",76.262167,-10.153635,Clear,Dry,3,10,Distracted Driving
6bf44e88,10/8/23,15:18,"Tokyo, Japan",52.523805,-166.833066,Hail,Snowy,4,3,Mechanical Failure
6f17eb4a,7/3/23,16:24,"New York, USA",-59.456918,49.030886,Hail,Snowy,1,1,Drunk Driving
d990e0c5,12/1/24,19:53,"Paris, France",-52.833459,-123.492463,Storm,Wet,1,8,Drunk Driving
9debca1d,1/15/23,16:22,"Toronto, Canada",19.426554,-37.224393,Snow,Wet,3,4,Speeding
90a6a183,2/22/24,0:45,"Toronto, Canada",6.010076,102.590906,Snow,Under Construction,1,9,Drunk Driving
298f0d1c,8/8/24,11:58,"Berlin, Germany",47.879951,44.323656,Hail,Snowy,3,4,Reckless Driving
e43d11c4,7/14/23,17:41,"Mumbai, India",-45.453123,-109.340865,Rain,Icy,4,10,Drunk Driving
09b3a437,5/7/24,19:07,"Sydney, Australia",36.200303,54.856525,Rain,Wet,1,2,Mechanical Failure
bc450779,3/14/23,6:12,"New York, USA",-69.070267,-138.070159,Clear,Under Construction,3,5,Reckless Driving
69372cd3,2/16/24,3:07,"Mumbai, India",76.540974,-44.062104,Storm,Under Construction,5,6,Reckless Driving
8a65d9f0,9/12/23,12:59,"London, UK",62.493376,-136.460526,Rain,Snowy,3,8,Speeding
a0d3a5c6,7/14/24,19:37,"New York, USA",-55.663116,-71.204343,Rain,Wet,5,10,Weather Conditions
5ce28387,1/13/24,3:50,"Berlin, Germany",-74.423981,59.159269,Clear,Icy,4,10,Speeding
e7b1df65,1/20/24,6:02,"Beijing, China",80.693651,-149.535159,Snow,Dry,3,7,Reckless Driving
76f4c837,11/2/23,4:34,"Tokyo, Japan",-68.219147,159.611957,Rain,Icy,5,8,Speeding
878500d6,10/29/23,3:57,"Paris, France",-43.820262,-110.740876,Fog,Snowy,4,8,Distracted Driving
e403af3c,6/4/23,11:28,"Tokyo, Japan",-8.141557,-98.602909,Rain,Snowy,4,1,Speeding
fb4dc1b4,9/25/23,9:45,"Beijing, China",-52.184006,12.727544,Clear,Wet,2,1,Speeding
065ccb4b,11/4/23,0:24,"Beijing, China",82.70141,69.52557,Rain,Icy,2,5,Speeding
e46e9dec,8/25/23,7:26,"Sydney, Australia",-29.828167,-138.395628,Hail,Under Construction,4,2,Mechanical Failure
fa76c6b6,4/9/24,15:00,"Mumbai, India",33.36938,-67.35253,Storm,Dry,2,1,Distracted Driving
0ea668f1,5/19/24,13:28,"London, UK",78.01643,-4.013209,Rain,Wet,3,3,Reckless Driving
170d784e,6/6/23,4:41,"Toronto, Canada",56.851385,172.473996,Hail,Gravel,2,9,Weather Conditions
b1974625,12/5/23,16:12,"Paris, France",52.97306,131.387799,Rain,Snowy,5,1,Speeding
b2e31f8d,4/22/23,16:17,"New York, USA",1.166673,-48.820839,Clear,Dry,3,5,Distracted Driving
b36c5d53,4/10/23,4:46,"Beijing, China",-29.496313,37.362758,Snow,Dry,3,5,Mechanical Failure
d21bbdf3,9/23/23,14:35,"Toronto, Canada",61.613939,-60.104829,Storm,Icy,1,7,Reckless Driving
b59ce931,6/9/24,20:13,"London, UK",84.213867,4.56869,Storm,Icy,1,5,Distracted Driving
fb73e11a,6/26/24,3:37,"Tokyo, Japan",69.474761,66.866831,Hail,Snowy,2,5,Speeding
8ce2aeff,3/19/23,17:00,"Paris, France",70.864587,-101.839094,Fog,Wet,4,0,Mechanical Failure
34cc7adb,7/22/23,1:01,"Berlin, Germany",-66.473909,76.66178,Storm,Gravel,2,10,Distracted Driving
0ca9bc79,6/15/24,10:17,"Paris, France",-13.689887,65.187431,Snow,Gravel,3,0,Distracted Driving
da13d0d5,2/4/23,6:58,"Toronto, Canada",54.300583,166.964721,Storm,Under Construction,5,6,Drunk Driving
882764be,8/24/23,0:43,"Beijing, China",-59.732018,-75.401477,Snow,Icy,4,0,Speeding
ed986657,3/26/24,16:12,"London, UK",-65.617612,-132.332881,Clear,Under Construction,5,7,Weather Conditions
8838aea5,12/15/23,4:19,"Toronto, Canada",48.547266,-103.187991,Snow,Wet,5,5,Distracted Driving
81fbb0db,7/24/23,15:07,"Paris, France",-32.836759,59.862817,Rain,Dry,4,10,Weather Conditions
b79e186c,6/26/23,16:21,"Beijing, China",35.933026,13.298587,Fog,Under Construction,2,8,Distracted Driving
fb27b092,12/10/24,4:16,"Paris, France",55.599348,-124.035071,Clear,Gravel,5,2,Drunk Driving
f3406137,3/11/24,1:52,"Toronto, Canada",81.658855,13.115184,Clear,Gravel,5,6,Weather Conditions
d184a6c3,9/17/23,10:14,"New York, USA",-63.627808,155.064772,Hail,Dry,5,10,Distracted Driving
761f1c67,2/4/23,21:42,"Mumbai, India",1.04898,-77.539962,Rain,Dry,1,5,Mechanical Failure
6493ec63,11/8/24,9:03,"London, UK",6.708765,145.359918,Rain,Dry,5,8,Drunk Driving
bb68f667,11/9/23,7:01,"Berlin, Germany",-31.797522,78.498359,Snow,Wet,1,1,Distracted Driving
52a0cba0,10/5/23,3:45,"Mumbai, India",-82.795639,-13.365553,Hail,Snowy,5,0,Mechanical Failure
70a48759,11/16/24,20:58,"Toronto, Canada",37.396773,-74.879578,Clear,Icy,4,10,Reckless Driving
c9ab9822,6/23/23,7:51,"Paris, France",25.379498,2.837623,Clear,Under Construction,2,7,Drunk Driving
e71bedd6,9/22/23,9:03,"Mumbai, India",-76.340301,96.942478,Hail,Icy,4,9,Distracted Driving
997b199a,12/20/24,9:26,"Paris, France",40.635394,120.474166,Hail,Snowy,1,0,Distracted Driving
62dc3bed,9/28/23,9:10,"Sydney, Australia",56.576382,-85.592321,Fog,Gravel,2,6,Weather Conditions
e852ae9e,12/23/23,2:44,"Sydney, Australia",12.812934,-138.065807,Clear,Under Construction,4,0,Distracted Driving
372c1ab4,2/19/23,19:07,"Beijing, China",-89.171383,57.548977,Rain,Dry,2,7,Mechanical Failure
32ce3eac,11/15/24,5:20,"Mumbai, India",26.750331,153.532933,Rain,Under Construction,1,4,Weather Conditions
ce8d91a5,11/29/24,20:22,"New York, USA",65.681136,-30.311329,Clear,Snowy,4,3,Mechanical Failure
36e7ea38,9/10/23,13:56,"London, UK",71.142489,-134.614894,Rain,Under Construction,4,10,Reckless Driving
5644edc1,9/9/23,7:25,"Sydney, Australia",-82.726376,99.007818,Storm,Icy,5,1,Weather Conditions
8796b973,11/21/24,10:46,"Berlin, Germany",34.886345,-6.276588,Fog,Icy,4,7,Reckless Driving
5353485f,10/16/24,0:14,"Mumbai, India",50.230833,-98.441739,Snow,Dry,1,1,Reckless Driving
d78698d6,9/21/24,4:03,"New York, USA",40.972909,111.589343,Rain,Gravel,5,9,Mechanical Failure
d1e9c469,9/17/23,19:15,"New York, USA",32.776025,169.89716,Snow,Snowy,5,8,Drunk Driving
12af0c0a,8/27/24,15:57,"Tokyo, Japan",22.817176,81.049571,Clear,Gravel,5,10,Distracted Driving
7dd2b121,4/13/24,22:38,"Berlin, Germany",-43.21211,-124.332511,Storm,Icy,1,8,Drunk Driving
8d6000a1,2/3/23,7:13,"Toronto, Canada",-23.392256,-61.772611,Rain,Gravel,3,6,Distracted Driving
044026ce,1/24/23,9:13,"Paris, France",-34.663629,-125.10922,Snow,Under Construction,3,8,Weather Conditions
c99df3c3,7/28/23,0:27,"Beijing, China",-86.740329,-60.139904,Storm,Under Construction,5,10,Drunk Driving
1c44720a,4/26/24,7:18,"Berlin, Germany",28.556164,75.539875,Fog,Icy,4,8,Speeding
a029c454,6/18/24,13:40,"Paris, France",-80.531461,-34.480842,Hail,Gravel,1,6,Mechanical Failure
0f5e3d8d,6/30/23,6:47,"London, UK",-18.145394,72.809755,Clear,Dry,1,8,Mechanical Failure
ec33c8e0,2/16/24,2:31,"Mumbai, India",-26.671801,123.08574,Snow,Gravel,4,6,Reckless Driving
84f1f5bf,3/21/24,18:50,"Toronto, Canada",-65.766846,-77.185185,Rain,Icy,1,6,Weather Conditions
778d9153,10/9/24,10:40,"New York, USA",43.164882,-98.147967,Storm,Dry,1,5,Mechanical Failure
1339817b,4/4/23,0:14,"Tokyo, Japan",4.108154,-85.629616,Fog,Gravel,2,6,Mechanical Failure
574ef2ea,5/9/24,0:57,"Mumbai, India",-77.087337,-110.705795,Hail,Wet,1,1,Reckless Driving
864d58bc,6/22/24,12:55,"Toronto, Canada",-74.882922,-39.706463,Fog,Dry,4,7,Drunk Driving
81485f76,9/16/23,16:28,"Paris, France",-40.098143,-8.957578,Rain,Icy,3,8,Mechanical Failure
15f1c003,10/20/24,17:35,"London, UK",-55.366702,127.093115,Storm,Wet,4,4,Weather Conditions
7aad2a61,7/22/24,14:02,"Berlin, Germany",-83.16169,-23.541594,Snow,Wet,1,1,Mechanical Failure
b4cd2e74,1/7/23,21:14,"Toronto, Canada",7.335088,84.674665,Snow,Wet,4,0,Drunk Driving
d0cc2b26,5/31/23,18:24,"Sydney, Australia",-65.053275,158.791215,Clear,Wet,1,8,Weather Conditions
fc2d6833,3/15/24,9:22,"Mumbai, India",70.737606,-99.455088,Hail,Gravel,2,2,Mechanical Failure
5539fe79,6/30/24,16:28,"Beijing, China",39.630029,-22.329965,Clear,Under Construction,2,9,Distracted Driving
ead57a26,8/24/24,19:03,"London, UK",73.348519,59.395101,Fog,Icy,1,3,Drunk Driving
3e0b86f4,11/15/24,8:19,"New York, USA",71.44108,83.658408,Snow,Dry,5,1,Reckless Driving
3847705e,5/20/24,5:03,"New York, USA",-23.454112,-170.732789,Hail,Snowy,5,4,Mechanical Failure
f970b04d,5/31/23,10:50,"Mumbai, India",-12.87304,-31.668958,Storm,Under Construction,3,1,Mechanical Failure
e5a60654,4/1/24,4:23,"Tokyo, Japan",-62.454515,21.503256,Fog,Icy,5,2,Speeding
694a680b,2/9/24,22:30,"Paris, France",87.059227,-152.105875,Snow,Icy,4,4,Speeding
e874af6e,11/14/23,1:12,"Tokyo, Japan",-32.186961,-86.548711,Storm,Under Construction,5,10,Weather Conditions
08015c01,10/28/23,15:52,"Berlin, Germany",12.69306,-114.967623,Clear,Snowy,1,9,Distracted Driving
d35a8be0,8/28/24,11:13,"Beijing, China",-87.568656,92.595536,Clear,Wet,4,2,Mechanical Failure
ccb7a183,1/16/23,15:27,"Toronto, Canada",88.224267,-132.191164,Clear,Dry,5,1,Distracted Driving
180ba1c6,12/30/24,14:47,"New York, USA",43.384682,-42.822116,Storm,Gravel,5,5,Speeding
42aef8a7,9/22/24,11:26,"Toronto, Canada",-57.058004,-134.017372,Clear,Snowy,5,8,Distracted Driving
a00e900b,1/7/24,5:34,"Mumbai, India",31.262846,-168.004822,Clear,Dry,1,7,Weather Conditions
3d0efb79,4/28/23,17:33,"Paris, France",87.003734,-82.166204,Storm,Snowy,3,4,Mechanical Failure
544d0d92,12/2/23,2:16,"New York, USA",-57.07424,-157.374242,Clear,Gravel,1,5,Distracted Driving
b85cd724,3/20/24,11:36,"Tokyo, Japan",-2.279512,-31.990554,Hail,Under Construction,5,10,Reckless Driving
4c7b0bf1,9/26/23,23:58,"Paris, France",-42.323681,-172.245003,Storm,Under Construction,1,7,Speeding
284ad12a,6/10/24,6:52,"Tokyo, Japan",-48.204967,-172.073327,Rain,Snowy,3,8,Mechanical Failure
371c5e3d,8/24/23,23:47,"Sydney, Australia",73.920365,77.80397,Rain,Snowy,3,1,Reckless Driving
92b5ae70,3/21/23,5:41,"Paris, France",46.497486,-82.52432,Fog,Snowy,2,1,Distracted Driving
e91fffff,5/27/23,3:30,"Sydney, Australia",70.199341,-49.909493,Fog,Gravel,1,10,Weather Conditions
faf808c2,5/26/23,18:09,"New York, USA",38.36571,-126.616414,Hail,Gravel,5,2,Speeding
9832467d,7/22/23,23:02,"Mumbai, India",-87.482771,103.505568,Rain,Snowy,3,3,Mechanical Failure
02d46b6f,12/24/23,9:53,"Toronto, Canada",-72.958379,-6.212085,Hail,Icy,2,10,Distracted Driving
c2fa2a57,1/6/24,10:17,"Sydney, Australia",-81.092503,3.322922,Fog,Icy,5,6,Weather Conditions
b28e57a8,12/6/24,11:09,"Tokyo, Japan",-62.021471,108.122584,Fog,Icy,5,7,Reckless Driving
e1e13330,12/6/23,15:10,"London, UK",-31.407204,-110.973359,Snow,Icy,2,0,Mechanical Failure
5d3994ee,5/31/23,4:49,"Beijing, China",71.260508,-21.380493,Snow,Wet,2,3,Drunk Driving
24b2fa11,10/28/23,15:21,"Mumbai, India",-78.078268,44.610318,Snow,Under Construction,1,3,Distracted Driving
bca0d634,1/26/24,4:13,"Sydney, Australia",79.623,-107.815416,Rain,Under Construction,3,5,Weather Conditions
b6f80737,2/29/24,7:39,"Berlin, Germany",23.714214,141.038849,Rain,Wet,3,9,Reckless Driving
86b4865e,9/18/23,1:26,"Toronto, Canada",-43.506463,-136.858249,Fog,Snowy,3,1,Reckless Driving
a53e49cb,5/6/24,17:03,"Toronto, Canada",3.724137,-102.954003,Snow,Dry,1,4,Drunk Driving
6a84f47e,12/26/23,17:43,"Paris, France",22.01054,13.091994,Clear,Wet,3,1,Distracted Driving
45c9ff4c,7/14/24,9:07,"New York, USA",-63.952605,39.02937,Fog,Under Construction,4,5,Distracted Driving
62165530,6/7/24,6:10,"Toronto, Canada",-73.605732,-115.110101,Fog,Gravel,2,6,Distracted Driving
8ad45cec,9/5/24,1:33,"Paris, France",60.164803,90.698439,Clear,Under Construction,5,4,Reckless Driving
f8393e36,4/2/24,2:52,"Mumbai, India",-27.662652,132.714839,Clear,Under Construction,2,2,Weather Conditions
bd7e8f29,11/19/23,5:45,"New York, USA",8.7877,165.403945,Snow,Dry,1,8,Mechanical Failure
57fd2840,2/4/23,1:45,"Toronto, Canada",56.386473,-64.963229,Fog,Under Construction,5,6,Distracted Driving
fba9ef78,6/29/23,0:56,"New York, USA",-32.678074,-151.639785,Clear,Dry,1,8,Distracted Driving
cc5ea0e0,11/5/24,10:07,"London, UK",32.297648,-66.769601,Clear,Under Construction,1,0,Speeding
7702cf56,7/11/24,13:19,"New York, USA",45.344765,-91.50737,Clear,Gravel,1,0,Drunk Driving
e30b8a6f,5/8/23,12:00,"Beijing, China",39.2628,-47.929936,Rain,Wet,5,4,Speeding
eed885fb,2/26/24,21:16,"Paris, France",23.978481,-69.46777,Fog,Gravel,5,1,Drunk Driving
577beeaa,12/25/23,0:50,"Paris, France",9.426562,-135.768107,Hail,Icy,2,9,Speeding
63b05d22,2/8/24,22:29,"New York, USA",-24.075743,-136.793046,Snow,Wet,3,10,Speeding
fe071a03,5/6/24,19:49,"New York, USA",-29.009147,111.947752,Hail,Under Construction,4,10,Drunk Driving
e5d51a41,10/27/23,0:31,"Tokyo, Japan",16.324764,-62.081493,Rain,Gravel,4,3,Reckless Driving
afbcaab5,7/31/24,17:03,"Beijing, China",14.539079,86.707952,Rain,Dry,4,6,Distracted Driving
17fe76e7,3/18/24,10:19,"Berlin, Germany",-73.541913,-116.154059,Clear,Gravel,2,1,Distracted Driving
828dbcf6,2/2/24,14:10,"Sydney, Australia",65.571233,141.394609,Hail,Icy,3,3,Reckless Driving
1befb70f,11/3/23,7:47,"Berlin, Germany",84.226209,-138.01202,Storm,Gravel,4,10,Mechanical Failure
7a22ba8f,4/1/23,15:10,"New York, USA",36.731239,56.028872,Fog,Wet,3,3,Speeding
86e11ffb,2/17/23,3:05,"Mumbai, India",-70.612495,-141.720589,Snow,Dry,4,0,Reckless Driving
5d5b6a7b,12/7/23,10:14,"Tokyo, Japan",-73.784725,154.451783,Hail,Gravel,1,9,Distracted Driving
bcec4a9f,6/14/24,0:06,"Mumbai, India",0.362914,79.395258,Rain,Gravel,5,0,Drunk Driving
eed3805f,7/2/23,1:12,"Sydney, Australia",31.804478,-56.445434,Fog,Icy,1,5,Speeding
b4fdca4b,6/12/24,22:31,"Tokyo, Japan",-35.026681,-120.099483,Clear,Gravel,5,1,Speeding
66fe2dac,4/24/23,10:13,"Sydney, Australia",42.060934,-90.20519,Clear,Snowy,2,4,Weather Conditions
b54043cc,2/6/24,12:21,"Paris, France",-79.904723,-103.004133,Snow,Snowy,4,4,Drunk Driving
7d19cbde,8/20/23,13:04,"Sydney, Australia",58.465666,18.980229,Storm,Snowy,2,0,Speeding
074a72a3,12/17/23,4:28,"New York, USA",20.249222,147.225629,Storm,Gravel,5,2,Weather Conditions
059cc81c,7/2/24,20:08,"Sydney, Australia",17.488881,-23.101989,Hail,Snowy,5,6,Drunk Driving
c1955246,6/16/24,23:43,"London, UK",-87.711915,-21.572666,Rain,Under Construction,3,6,Speeding
d04df529,5/14/24,23:34,"Berlin, Germany",29.563311,22.598647,Storm,Gravel,5,3,Reckless Driving
3c329e91,9/10/24,14:46,"Toronto, Canada",-67.379497,-9.646287,Rain,Gravel,4,9,Reckless Driving
edc786fc,4/4/24,10:16,"Toronto, Canada",6.90468,76.218866,Fog,Dry,4,2,Drunk Driving
b67efb01,12/2/24,4:18,"London, UK",19.606892,-166.348385,Clear,Dry,3,10,Speeding
ed511935,9/20/23,2:43,"Sydney, Australia",-1.374255,-8.372662,Clear,Wet,1,9,Weather Conditions
eca953fa,3/25/24,7:05,"Berlin, Germany",-34.27549,-10.123825,Clear,Gravel,3,10,Speeding
869ae93b,12/21/24,13:52,"New York, USA",38.230604,106.142672,Storm,Snowy,5,3,Weather Conditions
2b144fa8,3/18/24,0:03,"Sydney, Australia",68.543229,-62.652258,Rain,Under Construction,1,3,Weather Conditions
7125fcfa,10/22/23,13:12,"Paris, France",-0.176225,157.06624,Snow,Icy,3,6,Distracted Driving
789f8442,7/14/24,18:01,"Tokyo, Japan",-47.080145,72.795826,Rain,Under Construction,2,7,Distracted Driving
8e8c5edb,9/17/24,4:47,"Sydney, Australia",41.061307,-101.0058,Hail,Gravel,3,8,Speeding
e5f58bed,8/8/23,11:31,"Beijing, China",-2.472982,34.876948,Clear,Dry,3,2,Mechanical Failure
2cd5ce13,1/11/24,8:53,"Sydney, Australia",62.746469,-178.433499,Clear,Snowy,3,4,Mechanical Failure
469d1350,8/12/23,1:01,"Sydney, Australia",-85.025284,-120.900278,Rain,Snowy,3,3,Drunk Driving
b4b2373c,5/12/24,23:44,"Paris, France",-88.771727,-26.103473,Fog,Under Construction,5,2,Weather Conditions
3e6963d7,4/1/24,8:59,"Toronto, Canada",77.996529,-69.50036,Hail,Under Construction,4,8,Distracted Driving
3af1a31e,7/12/24,16:34,"London, UK",-47.398005,121.011553,Rain,Gravel,1,2,Drunk Driving
1f95bd8e,7/15/23,6:40,"Beijing, China",-32.587823,-41.29929,Hail,Dry,5,2,Drunk Driving
09223f82,8/26/24,6:46,"London, UK",73.006029,81.424831,Snow,Wet,1,0,Weather Conditions
ad628fee,12/14/24,16:47,"Mumbai, India",-34.469241,-51.33078,Fog,Wet,5,5,Reckless Driving
dbfbc682,7/15/24,6:19,"Mumbai, India",-52.926329,59.682853,Snow,Icy,5,7,Drunk Driving
684e690a,9/24/24,10:32,"London, UK",-54.56713,25.759384,Storm,Snowy,2,8,Reckless Driving
b1b88d63,2/16/23,21:14,"Mumbai, India",-61.04567,14.035616,Clear,Wet,3,8,Drunk Driving
96666840,10/3/24,0:50,"Mumbai, India",1.578332,-59.200175,Rain,Under Construction,1,1,Reckless Driving
b157f396,12/23/24,2:42,"New York, USA",43.013888,-26.579796,Clear,Dry,5,1,Weather Conditions
3eb7a558,9/14/23,14:07,"New York, USA",72.347704,170.913454,Hail,Dry,1,8,Speeding
dec58515,3/4/24,5:44,"Berlin, Germany",-8.682686,10.95021,Storm,Icy,4,10,Weather Conditions
65ccf205,8/19/23,21:47,"New York, USA",21.357932,147.904021,Fog,Snowy,2,2,Drunk Driving
01fce5d6,2/22/24,23:34,"Sydney, Australia",-54.211885,149.884667,Fog,Icy,2,2,Distracted Driving
88c1b8bf,6/2/23,17:06,"Paris, France",26.920863,29.61044,Rain,Under Construction,4,10,Drunk Driving
aa05f488,2/8/23,6:14,"Sydney, Australia",-6.849438,98.632409,Fog,Wet,5,2,Reckless Driving
b5c46eba,7/27/23,16:35,"London, UK",-6.99163,-74.393661,Storm,Gravel,2,2,Weather Conditions
2d7830c5,6/27/24,14:53,"Sydney, Australia",-37.521976,-125.424479,Snow,Icy,5,0,Drunk Driving
de854cad,5/26/24,4:06,"Berlin, Germany",-17.439097,6.215736,Hail,Dry,3,10,Speeding
3845a2a1,1/30/24,23:18,"New York, USA",-37.296399,-18.547852,Hail,Snowy,1,4,Weather Conditions
a9bae0e5,8/31/24,7:39,"Berlin, Germany",-15.2681,112.8613,Rain,Wet,4,2,Mechanical Failure
a0e4fc39,9/8/24,9:30,"London, UK",-70.937206,-118.401408,Hail,Under Construction,1,7,Weather Conditions
9ab32702,7/16/24,0:59,"Tokyo, Japan",17.077228,-23.301195,Storm,Wet,2,3,Distracted Driving
9f54f823,2/23/24,5:34,"Tokyo, Japan",-89.882224,-30.198679,Storm,Wet,3,9,Drunk Driving
7e4f38db,1/7/23,6:44,"Paris, France",76.051637,62.851602,Clear,Gravel,4,7,Mechanical Failure
48533d8b,10/26/24,5:21,"Toronto, Canada",73.78521,-121.444449,Fog,Icy,4,9,Drunk Driving
63496a5b,6/13/24,13:27,"Tokyo, Japan",-30.259987,-152.1811,Hail,Icy,4,2,Distracted Driving
9bb11ef2,5/2/23,13:48,"Paris, France",-1.125102,170.686684,Fog,Snowy,3,3,Drunk Driving
c39890d9,2/17/23,5:39,"New York, USA",8.379802,-49.581884,Clear,Wet,1,2,Speeding
6202b0b5,10/25/24,14:15,"London, UK",-76.39514,32.116435,Rain,Wet,4,8,Distracted Driving
045ee7bf,2/22/23,7:14,"Beijing, China",0.563865,-93.483154,Clear,Under Construction,5,5,Drunk Driving
c611199d,5/7/23,1:02,"Beijing, China",-39.329842,95.521402,Clear,Under Construction,3,0,Distracted Driving
9718b3c1,2/2/23,8:26,"Beijing, China",-74.920465,62.043856,Rain,Gravel,3,0,Reckless Driving
e49a16fc,12/23/23,2:11,"New York, USA",-41.445312,-51.669322,Storm,Gravel,1,9,Mechanical Failure
0c9933f5,6/27/23,5:54,"Sydney, Australia",18.133736,49.765224,Clear,Gravel,4,3,Mechanical Failure
f5edb662,7/1/24,0:26,"Beijing, China",-32.550376,172.31292,Snow,Dry,3,4,Mechanical Failure
46d234cf,5/23/23,10:37,"Beijing, China",54.957298,33.055674,Snow,Wet,1,10,Weather Conditions
f0f43fc9,2/22/23,3:18,"Sydney, Australia",76.078316,-14.994084,Storm,Gravel,4,7,Speeding
7d6ef73f,5/10/23,20:03,"Beijing, China",73.061232,-89.86003,Hail,Snowy,2,10,Speeding
2757ce67,4/30/24,7:31,"Sydney, Australia",-27.439771,1.133285,Clear,Icy,1,5,Speeding
5635d6f2,3/1/24,1:02,"Paris, France",77.938719,149.732159,Fog,Wet,3,7,Mechanical Failure
83780bc8,4/5/24,10:42,"Sydney, Australia",-29.317701,-72.603024,Clear,Wet,4,7,Speeding
2f80d7ca,10/4/24,0:48,"Sydney, Australia",83.56419,-163.388842,Clear,Gravel,2,6,Distracted Driving
827fe45e,2/16/24,12:48,"New York, USA",-43.96745,125.781318,Storm,Gravel,5,9,Drunk Driving
18c489d8,5/1/24,6:31,"Paris, France",-55.934132,12.343812,Storm,Gravel,5,9,Mechanical Failure
bd853a87,5/13/23,14:40,"New York, USA",45.770703,133.558343,Hail,Icy,5,5,Mechanical Failure
ab065182,3/30/24,21:35,"New York, USA",-62.374721,-37.214824,Fog,Icy,1,2,Drunk Driving
29994c63,7/10/24,13:16,"Toronto, Canada",-70.519211,-122.00132,Rain,Wet,1,0,Drunk Driving
3e21b0d1,8/15/24,1:43,"Paris, France",-62.864435,14.297334,Rain,Dry,2,6,Speeding
aae7a346,6/22/24,10:14,"Beijing, China",77.562463,-139.490151,Clear,Wet,3,5,Reckless Driving
4476ad78,1/13/24,12:52,"Berlin, Germany",-20.15794,-128.086946,Clear,Icy,2,8,Reckless Driving
e6fd1a57,9/1/23,4:02,"Tokyo, Japan",-53.212331,-0.826516,Clear,Under Construction,4,7,Drunk Driving
e03b6dec,7/1/23,16:22,"London, UK",-35.750028,36.09803,Hail,Dry,1,4,Drunk Driving
7a26e9ee,12/3/23,11:41,"Beijing, China",-40.211004,-109.575869,Clear,Dry,5,7,Speeding
dca78178,1/22/24,10:14,"Tokyo, Japan",-30.223568,159.655185,Rain,Wet,4,4,Speeding
50092972,2/22/24,18:30,"Tokyo, Japan",-39.339786,-92.325013,Hail,Icy,4,1,Distracted Driving
1030e551,6/8/23,18:37,"Beijing, China",26.854747,126.559051,Hail,Gravel,2,0,Weather Conditions
1ad7af54,1/9/23,0:28,"New York, USA",31.8718,-33.754155,Clear,Dry,5,10,Speeding
213646bf,8/18/24,18:02,"Tokyo, Japan",-71.582075,77.941866,Storm,Under Construction,5,5,Distracted Driving
70a8444b,12/11/24,16:52,"Beijing, China",-25.38477,-125.511101,Rain,Icy,1,7,Speeding
4c81676c,10/25/24,16:42,"Mumbai, India",78.406951,57.011948,Snow,Under Construction,4,5,Weather Conditions
b52ca197,10/29/23,20:43,"Tokyo, Japan",-4.820313,-122.455642,Snow,Icy,4,4,Mechanical Failure
cf1e7286,1/24/24,18:35,"New York, USA",-73.82649,-131.304436,Rain,Dry,5,5,Mechanical Failure
9e9d5cc4,10/4/23,16:40,"Tokyo, Japan",10.198011,-112.781746,Storm,Icy,5,9,Drunk Driving
51da3937,6/15/24,1:25,"Mumbai, India",-68.971959,37.303074,Clear,Gravel,3,8,Mechanical Failure
fa7aec3a,9/24/24,0:38,"Toronto, Canada",-76.533166,90.984433,Storm,Snowy,4,8,Distracted Driving
44a61907,10/20/24,7:35,"Toronto, Canada",67.637233,116.914378,Storm,Wet,2,9,Speeding
aeb7e720,7/5/24,14:38,"Berlin, Germany",-16.976843,178.60564,Clear,Gravel,5,2,Speeding
89711639,3/21/23,6:50,"Paris, France",63.978349,138.961661,Fog,Snowy,2,4,Mechanical Failure
50b2b30d,6/22/24,8:19,"Mumbai, India",89.958016,-27.582638,Storm,Dry,4,0,Speeding
023a3a31,12/28/24,17:09,"New York, USA",-3.81717,-148.105349,Storm,Snowy,1,10,Mechanical Failure
dd3cf0e2,12/23/23,21:32,"Paris, France",49.093359,-165.636846,Rain,Snowy,4,10,Mechanical Failure
8b737834,6/4/23,3:49,"Tokyo, Japan",-16.134552,-0.684927,Fog,Dry,2,10,Reckless Driving
4fd9d9fb,7/10/24,0:47,"Berlin, Germany",11.774582,-150.081455,Fog,Wet,3,9,Weather Conditions
67e8306e,9/3/23,15:03,"New York, USA",-56.438266,74.959697,Clear,Gravel,1,3,Distracted Driving
1c796568,12/15/24,10:22,"Berlin, Germany",-65.147171,126.962981,Clear,Wet,3,9,Speeding
14f60cfc,8/30/24,2:42,"New York, USA",58.862744,4.91069,Snow,Icy,1,9,Reckless Driving
e88110b9,4/4/24,23:28,"Toronto, Canada",-56.631827,-133.101694,Rain,Gravel,2,2,Drunk Driving
7a70afd7,9/22/23,6:00,"Beijing, China",-45.549069,-85.114492,Hail,Icy,4,4,Distracted Driving
9ce9abfd,11/6/24,21:47,"Beijing, China",-11.350561,-157.606132,Fog,Gravel,4,10,Drunk Driving
6fe15a0c,1/1/23,22:27,"Berlin, Germany",-6.420263,143.052227,Rain,Dry,4,8,Weather Conditions
5222e2d3,2/16/24,2:09,"Toronto, Canada",-41.403551,-153.60481,Storm,Under Construction,1,2,Mechanical Failure
fbfcdc7a,12/5/24,22:38,"London, UK",41.205302,18.242828,Hail,Gravel,4,3,Speeding
c43b79e0,2/8/24,19:25,"Sydney, Australia",-86.881064,116.855544,Hail,Dry,5,1,Mechanical Failure
56ed7d23,5/28/24,9:05,"Tokyo, Japan",34.546387,-173.411552,Clear,Dry,3,0,Weather Conditions
fdd28d14,8/1/23,1:17,"Berlin, Germany",13.91633,-166.856656,Snow,Gravel,5,2,Reckless Driving
3c0bf230,7/3/24,20:24,"Toronto, Canada",-49.284454,113.447751,Rain,Snowy,3,5,Speeding
205e2b59,2/19/23,6:08,"London, UK",-84.477759,-112.007469,Rain,Wet,2,2,Distracted Driving
e5ce5d15,9/1/23,9:15,"Paris, France",-69.497445,-33.701166,Hail,Icy,1,3,Reckless Driving
c8735592,4/9/23,3:17,"Beijing, China",29.540197,45.387436,Storm,Snowy,1,5,Reckless Driving
ae9095d4,2/7/24,16:31,"Sydney, Australia",-89.319863,-126.579269,Snow,Icy,3,5,Drunk Driving
3b1480c9,11/1/23,22:23,"Tokyo, Japan",31.219044,92.404198,Clear,Snowy,2,10,Weather Conditions
b5d04a22,8/6/23,15:18,"Paris, France",-52.432159,35.820829,Rain,Gravel,2,10,Speeding
78d217e0,3/14/24,4:08,"Paris, France",79.486929,-142.511716,Clear,Dry,1,9,Reckless Driving
28b51201,7/27/24,18:35,"New York, USA",-8.299417,111.861903,Clear,Dry,3,1,Speeding
af1396ba,5/31/24,6:11,"Toronto, Canada",-83.278717,89.519422,Storm,Icy,2,10,Reckless Driving
7ae83da4,7/9/24,22:12,"Sydney, Australia",50.453899,-53.813843,Fog,Wet,3,0,Distracted Driving
0ee8c701,3/27/23,5:22,"New York, USA",0.841983,82.937239,Clear,Wet,4,6,Weather Conditions
314abffb,5/25/24,18:00,"Tokyo, Japan",-15.447741,92.211093,Storm,Wet,3,2,Speeding
96e3c82d,7/11/23,13:22,"Paris, France",-20.417211,150.713358,Clear,Gravel,3,6,Speeding
38effb25,3/22/24,6:06,"Tokyo, Japan",-85.63733,166.526411,Storm,Icy,3,6,Mechanical Failure
41b5c269,4/18/24,17:55,"London, UK",56.449222,108.498253,Hail,Icy,5,9,Distracted Driving
8266ed4c,8/27/23,4:29,"Toronto, Canada",-71.717508,-90.926947,Rain,Wet,4,0,Speeding
52dc1438,9/30/23,9:31,"Berlin, Germany",16.127143,69.262825,Storm,Gravel,4,0,Drunk Driving
1dd4b797,1/21/24,20:07,"Paris, France",-15.682944,-127.992786,Rain,Snowy,2,7,Drunk Driving
f8ad7dfa,9/1/24,12:40,"Tokyo, Japan",-79.231046,31.136051,Fog,Dry,2,6,Speeding
e224eaa3,10/5/24,1:10,"Paris, France",-89.640986,-11.395725,Rain,Dry,5,6,Weather Conditions
ee0381aa,12/24/24,15:29,"Beijing, China",87.429454,-139.218814,Clear,Snowy,2,4,Distracted Driving
39775a0b,7/16/23,15:48,"New York, USA",-35.709019,154.263098,Fog,Dry,5,7,Mechanical Failure
77fd1d0d,8/11/23,15:23,"Sydney, Australia",53.095013,35.43664,Rain,Icy,3,0,Speeding
1d8b8d7b,9/27/23,16:47,"New York, USA",0.886376,-28.207091,Clear,Gravel,5,5,Reckless Driving
1e339935,6/23/23,10:54,"Berlin, Germany",-7.558875,122.805726,Rain,Gravel,1,10,Mechanical Failure
9f0c9fdf,11/11/23,21:20,"London, UK",-87.33711,-71.165686,Fog,Under Construction,3,4,Speeding
aab778b5,7/20/24,15:30,"Sydney, Australia",-32.591861,173.960984,Storm,Under Construction,2,5,Mechanical Failure
5edbed00,6/10/23,18:16,"New York, USA",-51.804684,-87.115981,Storm,Under Construction,3,9,Distracted Driving
6f0b2617,5/4/24,3:57,"Toronto, Canada",30.354255,116.728745,Storm,Under Construction,4,2,Reckless Driving
9709b4ba,10/25/24,6:07,"Paris, France",-26.628394,144.685615,Clear,Dry,1,8,Distracted Driving
3efcb928,9/24/24,11:51,"London, UK",77.044883,-162.80422,Fog,Icy,2,10,Reckless Driving
9283d0f4,7/25/24,23:54,"Paris, France",75.314912,-102.326172,Snow,Snowy,4,2,Reckless Driving
9d615c29,9/6/23,5:05,"Sydney, Australia",68.98407,-172.961926,Storm,Snowy,2,6,Reckless Driving
4e86239d,12/15/24,7:10,"Paris, France",40.045355,-11.679437,Fog,Snowy,2,8,Drunk Driving
0317c553,8/8/24,1:24,"Tokyo, Japan",-24.877754,-101.622178,Snow,Under Construction,2,3,Reckless Driving
edd707ea,8/21/23,13:21,"New York, USA",-22.499037,-139.947023,Fog,Snowy,2,6,Distracted Driving
9a9215b6,6/16/23,12:51,"Paris, France",-9.443979,-150.112954,Fog,Snowy,3,4,Weather Conditions
379bd73f,10/2/23,21:14,"New York, USA",28.15022,127.055811,Snow,Gravel,3,9,Mechanical Failure
52a6b282,12/20/23,14:12,"Mumbai, India",23.046289,-128.694873,Clear,Wet,1,4,Mechanical Failure
e20256af,4/16/24,5:04,"New York, USA",53.190525,15.964829,Snow,Under Construction,5,0,Weather Conditions
097ae956,6/9/24,20:53,"Mumbai, India",-15.425226,-122.780681,Storm,Dry,2,4,Weather Conditions
e6a330c2,6/29/24,9:06,"Paris, France",-34.973074,58.877581,Storm,Wet,1,6,Speeding
e30f6fb9,2/14/24,4:02,"New York, USA",-66.324561,164.876217,Snow,Under Construction,1,2,Distracted Driving
920cc8cd,9/7/24,10:10,"Paris, France",28.903907,99.093651,Fog,Dry,1,7,Weather Conditions
9c9c7734,8/22/24,12:19,"Beijing, China",5.644393,-82.947267,Clear,Gravel,5,8,Mechanical Failure
56d0f30b,7/2/23,16:20,"Sydney, Australia",43.340488,-42.912315,Storm,Snowy,3,2,Distracted Driving
4.68E+78,7/31/24,17:54,"Berlin, Germany",-68.15472,-15.864931,Snow,Wet,3,1,Reckless Driving
5a4e51d7,12/11/24,4:20,"London, UK",-55.288788,-104.368745,Fog,Dry,3,1,Weather Conditions
ad06d00d,6/25/23,13:10,"Paris, France",80.165169,173.47129,Rain,Under Construction,3,0,Weather Conditions
83fa44ce,11/2/24,11:49,"Mumbai, India",12.426084,-45.396785,Snow,Icy,4,5,Weather Conditions
96c7ccde,9/28/23,6:56,"Mumbai, India",-83.388834,52.829801,Storm,Dry,3,5,Reckless Driving
1f3e4377,9/5/23,17:37,"Berlin, Germany",85.166247,-167.804381,Hail,Gravel,3,8,Speeding
1e07c4f4,11/25/24,15:30,"New York, USA",-46.779647,-16.137899,Fog,Dry,2,5,Mechanical Failure
43176a00,8/28/23,3:08,"Beijing, China",-47.627044,-41.620062,Storm,Dry,4,5,Speeding
dd4665f4,5/21/24,10:51,"Tokyo, Japan",-35.99352,76.981813,Clear,Gravel,1,1,Weather Conditions
69847f0d,11/20/23,8:42,"London, UK",-30.218811,-1.674999,Storm,Dry,1,2,Mechanical Failure
c40aa47f,8/4/23,17:21,"Paris, France",-73.675448,61.12551,Storm,Icy,3,10,Speeding
bfecd4f4,9/17/23,18:22,"New York, USA",-1.266776,33.565509,Clear,Wet,3,9,Speeding
2c9212b2,12/9/24,18:58,"Beijing, China",56.068836,-30.475718,Snow,Under Construction,2,8,Drunk Driving
7c19d88e,6/12/24,7:12,"Beijing, China",-23.304894,-109.528933,Snow,Wet,4,0,Weather Conditions
22544fa8,9/1/24,16:52,"Berlin, Germany",-78.060191,-76.317803,Hail,Snowy,5,0,Mechanical Failure
3944f784,2/22/24,2:48,"Berlin, Germany",81.327536,177.415792,Storm,Wet,5,6,Distracted Driving
f279dcbc,3/29/23,21:57,"Paris, France",-17.007541,-178.413851,Snow,Wet,3,6,Reckless Driving
b6f0e462,4/21/24,19:09,"Beijing, China",4.732228,89.41957,Snow,Under Construction,1,5,Speeding
f195ad95,8/22/23,16:10,"New York, USA",42.265882,-172.020728,Clear,Snowy,4,7,Reckless Driving
6695377,2/22/24,22:47,"Beijing, China",11.526553,-178.198996,Hail,Dry,1,9,Weather Conditions
eb309575,10/2/23,2:12,"Paris, France",-30.832924,-120.240903,Snow,Dry,2,0,Distracted Driving
8d27a3fc,6/23/24,3:59,"Tokyo, Japan",24.413437,-106.215917,Snow,Wet,3,0,Distracted Driving
1b61cda0,10/9/24,8:21,"Toronto, Canada",58.000348,-117.702078,Rain,Snowy,5,7,Reckless Driving
dbb81e7f,1/15/24,15:40,"Tokyo, Japan",67.075212,-65.185742,Fog,Wet,5,8,Distracted Driving
4e212e8a,4/24/23,17:43,"London, UK",-65.663503,-4.339624,Hail,Snowy,5,3,Distracted Driving
62f903de,2/6/23,20:49,"Beijing, China",35.863629,-127.619171,Hail,Icy,2,5,Distracted Driving
d09a4ede,5/7/23,23:36,"Beijing, China",-10.299666,-73.054924,Clear,Under Construction,3,8,Distracted Driving
c3db1dec,5/26/23,16:24,"London, UK",-74.59247,34.504885,Clear,Dry,2,7,Reckless Driving
37c7051e,10/28/23,22:37,"Toronto, Canada",21.802769,-54.917132,Hail,Snowy,2,5,Distracted Driving
531c896e,4/3/23,7:53,"Tokyo, Japan",13.260422,41.236962,Storm,Under Construction,1,8,Speeding
99fbab03,11/2/24,3:31,"London, UK",16.202166,63.427416,Storm,Gravel,2,2,Drunk Driving
ee425300,11/7/23,3:12,"Sydney, Australia",-34.185702,118.2388,Hail,Icy,2,10,Reckless Driving
b357fbc4,2/14/24,3:41,"Beijing, China",-34.45349,-43.789466,Storm,Dry,4,9,Drunk Driving
63406056,4/15/23,17:30,"Mumbai, India",-64.044819,162.304422,Clear,Dry,3,5,Speeding
9f12b299,6/20/24,17:13,"Sydney, Australia",-63.843092,110.749852,Clear,Gravel,5,6,Drunk Driving
6bd4a011,3/21/24,21:37,"Paris, France",83.57273,113.01836,Clear,Wet,2,4,Speeding
7cbf8fb0,10/2/23,14:00,"Tokyo, Japan",-20.468507,-155.535938,Fog,Dry,5,3,Drunk Driving
d90b7b8f,3/7/23,11:26,"Sydney, Australia",-23.684066,123.040683,Clear,Wet,2,4,Mechanical Failure
2f44b010,12/18/23,16:43,"Toronto, Canada",-20.90422,30.356961,Clear,Icy,1,9,Reckless Driving
110149ca,1/31/23,1:37,"Tokyo, Japan",35.930904,98.574735,Hail,Under Construction,2,6,Mechanical Failure
dd1cd52e,2/28/23,2:11,"Mumbai, India",83.278154,152.09532,Storm,Snowy,1,10,Drunk Driving
5a02a3a1,6/21/24,1:10,"New York, USA",4.317912,102.322742,Fog,Dry,4,9,Mechanical Failure
49ebe5f0,10/7/23,3:50,"Mumbai, India",-40.470288,54.77564,Snow,Gravel,4,10,Drunk Driving
05f37508,2/3/23,6:47,"Berlin, Germany",-26.345345,106.105775,Fog,Wet,3,0,Distracted Driving
51456f0a,8/16/24,14:51,"London, UK",13.531495,-122.513018,Rain,Snowy,4,1,Drunk Driving
5f78456c,8/11/24,8:53,"Paris, France",-4.215421,58.939841,Snow,Gravel,4,0,Reckless Driving
2d26c7e2,1/10/23,18:41,"Paris, France",-41.344055,109.33562,Storm,Wet,3,10,Distracted Driving
1d32722f,9/30/24,14:43,"Beijing, China",-11.161278,-72.164379,Snow,Under Construction,2,3,Weather Conditions
64722572,10/27/24,18:34,"Sydney, Australia",-17.153524,20.803006,Storm,Under Construction,4,3,Drunk Driving
96272c1b,10/26/24,10:30,"Toronto, Canada",21.917486,100.486079,Storm,Icy,5,4,Mechanical Failure